text,label,category,language,source,clean_text
I thk 50 shd be ok he said plus minus 10.. Did ü leave a line in between paragraphs?,0,none,english,uci,i thk 50 shd be ok he said plus minus 10 did leave a line in between paragraphs
Just wait till end of march when el nino gets himself. Oh.,0,none,english,uci,just wait till end of march when el nino gets himself oh
I want snow. It's just freezing and windy.,0,none,english,uci,i want snow it s just freezing and windy
Lol great now im getting hungry.,0,none,english,uci,lol great now im getting hungry
This message is brought to you by GMW Ltd. and is not connected to the,1,general_spam,english,uci,this message is brought to you by gmw ltd and is not connected to the
"Alright we'll bring it to you, see you in like  &lt;#&gt;  mins",0,none,english,uci,alright we ll bring it to you see you in like mins
"I'm not coming over, do whatever you want",0,none,english,uci,i m not coming over do whatever you want
Hello sir Aapka Aadhaar deactivate hone wala hai. Turant update kijiye.,1,lottery,hinglish,indian,hello sir aapka aadhaar deactivate hone wala hai turant update kijiye
"Sorry, left phone upstairs. OK, might be hectic but would be all my birds with one fell swoop. It's a date.",0,none,english,uci,sorry left phone upstairs ok might be hectic but would be all my birds with one fell swoop it s a date
"Inspector Rajesh Kumar bol raha hoon. Amazon se bol raha hoon. Aapka parcel hold hai, clearance charge ₹499 dena hoga.",1,relative,hinglish,indian,inspector rajesh kumar bol raha hoon amazon se bol raha hoon aapka parcel hold hai clearance charge 499 dena hoga
"Hmmm ... And imagine after you've come home from that having to rub my feet, make me dinner and help me get ready for my date ! Are you sure your ready for that kind of life ?",0,none,english,uci,hmmm and imagine after you ve come home from that having to rub my feet make me dinner and help me get ready for my date are you sure your ready for that kind of life
"500 New Mobiles from 2004, MUST GO! Txt: NOKIA to No: 89545 & collect yours today!From ONLY £1 www.4-tc.biz 2optout 087187262701.50gbp/mtmsg18",1,general_spam,english,uci,500 new mobiles from 2004 must go txt nokia to no 89545 collect yours today from only 1 2optout 50gbp mtmsg18
Law enforcement se bol raha hoon. Aapka KYC pending hai. Account 2 ghante mein block ho jayega. OTP share kijiye.,1,amazon,hinglish,indian,law enforcement se bol raha hoon aapka kyc pending hai account 2 ghante mein block ho jayega otp share kijiye
Don't look back at the building because you have no coat and i don't want you to get more sick. Just hurry home and wear a coat to the gym!!!,0,none,english,uci,don t look back at the building because you have no coat and i don t want you to get more sick just hurry home and wear a coat to the gym
No shoot me. I'm in the docs waiting room. :/,0,none,english,uci,no shoot me i m in the docs waiting room
"Namaste sir Amazon se bol raha hoon. Aapka parcel hold hai, clearance charge ₹499 dena hoga.",1,aadhaar,hinglish,indian,namaste sir amazon se bol raha hoon aapka parcel hold hai clearance charge 499 dena hoga
Do you always celebrate NY's with your family ?,0,none,english,uci,do you always celebrate ny s with your family
Loosu go to hospital. De dont let it careless.,0,none,english,uci,loosu go to hospital de dont let it careless
&lt;#&gt;  am I think? Should say on syllabus,0,none,english,uci,am i think should say on syllabus
Or i go home first lar ü wait 4 me lor.. I put down my stuff first..,0,none,english,uci,or i go home first lar wait 4 me lor i put down my stuff first
Ji haan suniye Aapka Aadhaar deactivate hone wala hai. Turant update kijiye.,1,relative,hinglish,indian,ji haan suniye aapka aadhaar deactivate hone wala hai turant update kijiye
"Awesome, lemme know whenever you're around",0,none,english,uci,awesome lemme know whenever you re around
Really good:)dhanush rocks once again:),0,none,english,uci,really good dhanush rocks once again
Inspector Rajesh Kumar bol raha hoon. Aapke naam par registered account illegal activities mein use hua hai.,1,police_digital_arrest,hinglish,indian,inspector rajesh kumar bol raha hoon aapke naam par registered account illegal activities mein use hua hai
"It,,s a taxt massage....tie-pos argh ok! Lool!",0,none,english,uci,it s a taxt massage tie pos argh ok lool
Oh ok i didnt know what you meant. Yep i am baby jontin,0,none,english,uci,oh ok i didnt know what you meant yep i am baby jontin
5p 4 alfie Moon's Children in need song on ur mob. Tell ur m8s. Txt Tone charity to 8007 for Nokias or Poly charity for polys: zed 08701417012 profit 2 charity.,1,general_spam,english,uci,5p 4 alfie moon s children in need song on ur mob tell ur m8s txt tone charity to 8007 for nokias or poly charity for polys zed profit 2 charity
Hey i'm bored... So i'm thinking of u... So wat r u doing?,0,none,english,uci,hey i m bored so i m thinking of u so wat r u doing
It has everything to do with the weather. Keep extra warm. Its a cold but nothing serious. Pls lots of vitamin c,0,none,english,uci,it has everything to do with the weather keep extra warm its a cold but nothing serious pls lots of vitamin c
AH POOR BABY!HOPE URFEELING BETTERSN LUV! PROBTHAT OVERDOSE OF WORK HEY GO CAREFUL SPK 2 U SN LOTS OF LOVEJEN XXX.,0,none,english,uci,ah poor baby hope urfeeling bettersn luv probthat overdose of work hey go careful spk 2 u sn lots of lovejen xxx
"K, makes sense, btw carlos is being difficult so you guys are gonna smoke while I go pick up the second batch and get gas",0,none,english,uci,k makes sense btw carlos is being difficult so you guys are gonna smoke while i go pick up the second batch and get gas
88066 FROM 88066 LOST 3POUND HELP,1,general_spam,english,uci,88066 from 88066 lost 3pound help
Want explicit SEX in 30 secs? Ring 02073162414 now! Costs 20p/min Gsex POBOX 2667 WC1N 3XX,1,general_spam,english,uci,want explicit sex in 30 secs ring now costs 20p min gsex pobox 2667 wc1n 3xx
"Sorry, I'll call you  later. I am in meeting sir.",0,none,english,uci,sorry i ll call you later i am in meeting sir
"What i mean was i left too early to check, cos i'm working a 9-6.",0,none,english,uci,what i mean was i left too early to check cos i m working a 9 6
* Will have two more cartons off u and is very pleased with shelves,0,none,english,uci,will have two more cartons off u and is very pleased with shelves
"Like I made him throw up when we were smoking in our friend's car one time, it was awesome",0,none,english,uci,like i made him throw up when we were smoking in our friend s car one time it was awesome
Carlos'll be here in a minute if you still need to buy,0,none,english,uci,carlos ll be here in a minute if you still need to buy
Otherwise had part time job na-tuition..,0,none,english,uci,otherwise had part time job na tuition
K I'll take care of it,0,none,english,uci,k i ll take care of it
"Haha, just what I was thinkin",0,none,english,uci,haha just what i was thinkin
I'm on my way home. Went to change batt 4 my watch then go shop a bit lor.,0,none,english,uci,i m on my way home went to change batt 4 my watch then go shop a bit lor
Babe: U want me dont u baby! Im nasty and have a thing 4 filthyguys. Fancy a rude time with a sexy bitch. How about we go slo n hard! Txt XXX SLO(4msgs),1,general_spam,english,uci,babe u want me dont u baby im nasty and have a thing 4 filthyguys fancy a rude time with a sexy bitch how about we go slo n hard txt xxx slo 4msgs
"Go until jurong point, crazy.. Available only in bugis n great world la e buffet... Cine there got amore wat...",0,none,english,uci,go until jurong point crazy available only in bugis n great world la e buffet cine there got amore wat
I'm putting it on now. It should be ready for  &lt;TIME&gt; ,0,none,english,uci,i m putting it on now it should be ready for
Ok. So april. Cant wait,0,none,english,uci,ok so april cant wait
"Oh, yes, I've just been a little under the weather so i've kind of been coccooning at home",0,none,english,uci,oh yes i ve just been a little under the weather so i ve kind of been coccooning at home
Was doing my test earlier. I appreciate you. Will call you tomorrow.,0,none,english,uci,was doing my test earlier i appreciate you will call you tomorrow
"New Theory: Argument wins d SITUATION, but loses the PERSON. So dont argue with ur friends just.. . . . kick them &amp; say, I'm always correct.!",0,none,english,uci,new theory argument wins d situation but loses the person so dont argue with ur friends just kick them say i m always correct
"Just gettin a bit arty with my collages at the mo, well tryin 2 ne way! Got a roast in a min lovely i shall enjoy that!",0,none,english,uci,just gettin a bit arty with my collages at the mo well tryin 2 ne way got a roast in a min lovely i shall enjoy that
Wat time u finish ur lect today?,0,none,english,uci,wat time u finish ur lect today
"its cool but tyler had to take off so we're gonna buy for him and drop it off at his place later tonight. Our total order is a quarter, you got enough?",0,none,english,uci,its cool but tyler had to take off so we re gonna buy for him and drop it off at his place later tonight our total order is a quarter you got enough
Goin to workout lor... Muz lose e fats... ,0,none,english,uci,goin to workout lor muz lose e fats
HI BABE IM AT HOME NOW WANNA DO SOMETHING? XX,0,none,english,uci,hi babe im at home now wanna do something xx
Those were my exact intentions,0,none,english,uci,those were my exact intentions
Pls accept me for one day. Or am begging you change the number.,0,none,english,uci,pls accept me for one day or am begging you change the number
"U were outbid by simonwatson5120 on the Shinco DVD Plyr. 2 bid again, visit sms. ac/smsrewards 2 end bid notifications, reply END OUT",1,general_spam,english,uci,u were outbid by simonwatson5120 on the shinco dvd plyr 2 bid again visit sms ac smsrewards 2 end bid notifications reply end out
"Sorry, I'll call later in meeting.",0,none,english,uci,sorry i ll call later in meeting
Can. Dunno wat to get 4 her...,0,none,english,uci,can dunno wat to get 4 her
All these nice new shirts and the only thing I can wear them to is nudist themed ;_; you in mu?,0,none,english,uci,all these nice new shirts and the only thing i can wear them to is nudist themed you in mu
Yo im right by yo work,0,none,english,uci,yo im right by yo work
Can a not?,0,none,english,uci,can a not
Am in film ill call you later.,0,none,english,uci,am in film ill call you later
I am taking half day leave bec i am not well,0,none,english,uci,i am taking half day leave bec i am not well
I am not having her number sir,0,none,english,uci,i am not having her number sir
"Good afternoon, my love. How goes your day ? What are you up to ? I woke early and am online waiting for you ... Hmmm ... Italian boy is online I see . *grins*",0,none,english,uci,good afternoon my love how goes your day what are you up to i woke early and am online waiting for you hmmm italian boy is online i see grins
Mine here like all fr china then so noisy.,0,none,english,uci,mine here like all fr china then so noisy
"Nah can't help you there, I've never had an iphone",0,none,english,uci,nah can t help you there i ve never had an iphone
Hope you are having a good week. Just checking in,0,none,english,uci,hope you are having a good week just checking in
I wanted to wish you a Happy New Year and I wanted to talk to you about some legal advice to do with when Gary and I split but in person. I'll make a trip to Ptbo for that. I hope everything is good with you babe and I love ya :),0,none,english,uci,i wanted to wish you a happy new year and i wanted to talk to you about some legal advice to do with when gary and i split but in person i ll make a trip to ptbo for that i hope everything is good with you babe and i love ya
National Cyber Cell se bol raha hoon. Aapka KYC pending hai. Account 2 ghante mein block ho jayega. OTP share kijiye.,1,aadhaar,hinglish,indian,national cyber cell se bol raha hoon aapka kyc pending hai account 2 ghante mein block ho jayega otp share kijiye
Aap sun rahe hain na? Aapka Aadhaar deactivate hone wala hai. Turant update kijiye.,1,lottery,hinglish,indian,aap sun rahe hain na aapka aadhaar deactivate hone wala hai turant update kijiye
December only! Had your mobile 11mths+? You are entitled to update to the latest colour camera mobile for Free! Call The Mobile Update VCo FREE on 08002986906 ,1,general_spam,english,uci,december only had your mobile 11mths you are entitled to update to the latest colour camera mobile for free call the mobile update vco free on
National Cyber Cell se bol raha hoon. Congratulations! Aapne ₹40 lakh ka lottery jeeta hai. Processing fee dena hoga.,1,amazon,hinglish,indian,national cyber cell se bol raha hoon congratulations aapne 40 lakh ka lottery jeeta hai processing fee dena hoga
"Hi, wkend ok but journey terrible. Wk not good as have huge back log of marking to do",0,none,english,uci,hi wkend ok but journey terrible wk not good as have huge back log of marking to do
"No! But we found a diff farm shop to buy some cheese. On way back now, can i call in?",0,none,english,uci,no but we found a diff farm shop to buy some cheese on way back now can i call in
No I'm in the same boat. Still here at my moms. Check me out on yo. I'm half naked.,0,none,english,uci,no i m in the same boat still here at my moms check me out on yo i m half naked
"HELLOGORGEOUS, HOWS U? MY FONE WAS ON CHARGE LST NITW WEN U TEXD ME. HOPEU AD A NICE WKEND AS IM SURE U DID LOOKIN 4WARD 2 C-IN U 2MRW LUV JAZ",0,none,english,uci,hellogorgeous hows u my fone was on charge lst nitw wen u texd me hopeu ad a nice wkend as im sure u did lookin 4ward 2 c in u 2mrw luv jaz
ACP Sharma bol raha hoon. Aapke WhatsApp se ladies ko asleel messages bheje ja rahe hain. Aapko suspect maana ja raha hai.,1,police_blackmail,hinglish,indian,acp sharma bol raha hoon aapke whatsapp se ladies ko asleel messages bheje ja rahe hain aapko suspect maana ja raha hai
Noice. Text me when you're here,0,none,english,uci,noice text me when you re here
Uhhhhrmm isnt having tb test bad when youre sick,0,none,english,uci,uhhhhrmm isnt having tb test bad when youre sick
Yup i thk cine is better cos no need 2 go down 2 plaza mah.,0,none,english,uci,yup i thk cine is better cos no need 2 go down 2 plaza mah
Hey pple...$700 or $900 for 5 nights...Excellent location wif breakfast hamper!!!,0,none,english,uci,hey pple 700 or 900 for 5 nights excellent location wif breakfast hamper
I have lost 10 kilos as of today!,0,none,english,uci,i have lost 10 kilos as of today
"Bears Pic Nick, and Tom, Pete and ... Dick. In fact, all types try gay chat with photo upload call 08718730666 (10p/min). 2 stop texts call 08712460324",1,general_spam,english,uci,bears pic nick and tom pete and dick in fact all types try gay chat with photo upload call 10p min 2 stop texts call
Cramps stopped. Going back to sleep,0,none,english,uci,cramps stopped going back to sleep
"I've got  &lt;#&gt; , any way I could pick up?",0,none,english,uci,i ve got any way i could pick up
When are you guys leaving?,0,none,english,uci,when are you guys leaving
"Same here, but I consider walls and bunkers and shit important just because I never play on peaceful but I guess your place is high enough that it don't matter",0,none,english,uci,same here but i consider walls and bunkers and shit important just because i never play on peaceful but i guess your place is high enough that it don t matter
(You didn't hear it from me),0,none,english,uci,you didn t hear it from me
He neva grumble but i sad lor... Hee... Buy tmr lor aft lunch. But we still meetin 4 lunch tmr a not. Neva hear fr them lei. Ü got a lot of work ar?,0,none,english,uci,he neva grumble but i sad lor hee buy tmr lor aft lunch but we still meetin 4 lunch tmr a not neva hear fr them lei got a lot of work ar
"Aap sun rahe hain na? Aapke father ko accident ho gaya hai. Turant 50,000 bhej dijiye hospital ke liye.",1,bank_kyc,hinglish,indian,aap sun rahe hain na aapke father ko accident ho gaya hai turant 50 000 bhej dijiye hospital ke liye
"Life is more strict than teacher... Bcoz Teacher teaches lesson &amp; then conducts exam, But Life first conducts Exam &amp; then teaches Lessons. Happy morning. . .",0,none,english,uci,life is more strict than teacher bcoz teacher teaches lesson then conducts exam but life first conducts exam then teaches lessons happy morning
I need details about that online job.,0,none,english,uci,i need details about that online job
"Kind of. Just missed train cos of asthma attack, nxt one in half hr so driving in. not sure where to park.",0,none,english,uci,kind of just missed train cos of asthma attack nxt one in half hr so driving in not sure where to park
Well at this right I'm gonna have to get up and check today's steam sales/pee so text me when you want me to come get you,0,none,english,uci,well at this right i m gonna have to get up and check today s steam sales pee so text me when you want me to come get you
"Sorry im getting up now, feel really bad- totally rejected that kinda me thing.",0,none,english,uci,sorry im getting up now feel really bad totally rejected that kinda me thing
"Aight, sounds good. When do you want me to come down?",0,none,english,uci,aight sounds good when do you want me to come down
soon you will have the real thing princess! Do i make you wet? :),0,none,english,uci,soon you will have the real thing princess do i make you wet
I'm job profile seems like bpo..,0,none,english,uci,i m job profile seems like bpo
What should i eat fo lunch senor,0,none,english,uci,what should i eat fo lunch senor
"I'm back, lemme know when you're ready",0,none,english,uci,i m back lemme know when you re ready
"I've got ten bucks, jay is being noncomittal",0,none,english,uci,i ve got ten bucks jay is being noncomittal
Hows the champ just leaving glasgow!,0,none,english,uci,hows the champ just leaving glasgow
My house here e sky quite dark liao... If raining then got excuse not 2 run already rite... Hee...,0,none,english,uci,my house here e sky quite dark liao if raining then got excuse not 2 run already rite hee
Hello ma'am Congratulations! Aapne ₹40 lakh ka lottery jeeta hai. Processing fee dena hoga.,1,amazon,hinglish,indian,hello ma am congratulations aapne 40 lakh ka lottery jeeta hai processing fee dena hoga
Only once then after ill obey all yours.,0,none,english,uci,only once then after ill obey all yours
dont make ne plans for nxt wknd coz she wants us to come down then ok,0,none,english,uci,dont make ne plans for nxt wknd coz she wants us to come down then ok
This pain couldn't have come at a worse time.,0,none,english,uci,this pain couldn t have come at a worse time
U buy newspapers already?,0,none,english,uci,u buy newspapers already
Hhahhaahahah rofl wtf nig was leonardo in your room or something,0,none,english,uci,hhahhaahahah rofl wtf nig was leonardo in your room or something
Can U get 2 phone NOW? I wanna chat 2 set up meet Call me NOW on 09096102316 U can cum here 2moro Luv JANE xx Calls£1/minmoremobsEMSPOBox45PO139WA,1,general_spam,english,uci,can u get 2 phone now i wanna chat 2 set up meet call me now on u can cum here 2moro luv jane xx calls 1 minmoremobsemspobox45po139wa
Law enforcement se bol raha hoon. Aapka KYC pending hai. Account 2 ghante mein block ho jayega. OTP share kijiye.,1,aadhaar,hinglish,indian,law enforcement se bol raha hoon aapka kyc pending hai account 2 ghante mein block ho jayega otp share kijiye
I'm in class. Did you get my text.,0,none,english,uci,i m in class did you get my text
"K, jason says he's gonna be around so I'll be up there around  &lt;#&gt;",0,none,english,uci,k jason says he s gonna be around so i ll be up there around
Sir ek minute suniye Aapka Aadhaar deactivate hone wala hai. Turant update kijiye.,1,aadhaar,hinglish,indian,sir ek minute suniye aapka aadhaar deactivate hone wala hai turant update kijiye
You're not sure that I'm not trying to make xavier smoke because I don't want to smoke after being told I smoke too much?,0,none,english,uci,you re not sure that i m not trying to make xavier smoke because i don t want to smoke after being told i smoke too much
Police headquarters se bol raha hoon. Aapki morphed photos viral ho rahi hain. Cyber cell ne case register kar liya hai.,1,police_blackmail,hinglish,indian,police headquarters se bol raha hoon aapki morphed photos viral ho rahi hain cyber cell ne case register kar liya hai
All done? All handed in? Celebrations in full swing yet?,0,none,english,uci,all done all handed in celebrations in full swing yet
Hello sir Congratulations! Aapne ₹40 lakh ka lottery jeeta hai. Processing fee dena hoga.,1,amazon,hinglish,indian,hello sir congratulations aapne 40 lakh ka lottery jeeta hai processing fee dena hoga
ACP Sharma bol raha hoon. Aapke phone number se koi asleel gande images aur videos share kiye ja rahe hain. Ye cyber crime hai.,1,police_blackmail,hinglish,indian,acp sharma bol raha hoon aapke phone number se koi asleel gande images aur videos share kiye ja rahe hain ye cyber crime hai
Crime Branch se bol raha hoon. Aapke phone number se koi asleel gande images aur videos share kiye ja rahe hain. Ye cyber crime hai.,1,police_blackmail,hinglish,indian,crime branch se bol raha hoon aapke phone number se koi asleel gande images aur videos share kiye ja rahe hain ye cyber crime hai
Been running but only managed 5 minutes and then needed oxygen! Might have to resort to the roller option!,0,none,english,uci,been running but only managed 5 minutes and then needed oxygen might have to resort to the roller option
Going thru a very different feeling.wavering decisions and coping up with the same is the same individual.time will heal everything i believe.,0,none,english,uci,going thru a very different feeling wavering decisions and coping up with the same is the same individual time will heal everything i believe
Yar i wanted 2 scold u yest but late already... I where got zhong se qing you? If u ask me b4 he ask me then i'll go out w u all lor. N u still can act so real.,0,none,english,uci,yar i wanted 2 scold u yest but late already i where got zhong se qing you if u ask me b4 he ask me then i ll go out w u all lor n u still can act so real
Police headquarters se bol raha hoon. Aapka KYC pending hai. Account 2 ghante mein block ho jayega. OTP share kijiye.,1,bank_kyc,hinglish,indian,police headquarters se bol raha hoon aapka kyc pending hai account 2 ghante mein block ho jayega otp share kijiye
"What's up bruv, hope you had a great break. Do have a rewarding semester.",0,none,english,uci,what s up bruv hope you had a great break do have a rewarding semester
"(And my man carlos is definitely coming by mu tonight, no excuses)",0,none,english,uci,and my man carlos is definitely coming by mu tonight no excuses
Can you just come in for a sec? There's somebody here I want you to see,0,none,english,uci,can you just come in for a sec there s somebody here i want you to see
Err... Cud do. I'm going to  at 8pm. I haven't got a way to contact him until then.,0,none,english,uci,err cud do i m going to at 8pm i haven t got a way to contact him until then
What u mean u almost done? Done wif sleeping? But i tot u going to take a nap.. Yup i send her liao so i'm picking her up at ard 4 smth lor..,0,none,english,uci,what u mean u almost done done wif sleeping but i tot u going to take a nap yup i send her liao so i m picking her up at ard 4 smth lor
Yeah sure I'll leave in a min,0,none,english,uci,yeah sure i ll leave in a min
Do you want a New Nokia 3510i colour phone DeliveredTomorrow? With 300 free minutes to any mobile + 100 free texts + Free Camcorder reply or call 08000930705,1,general_spam,english,uci,do you want a new nokia 3510i colour phone deliveredtomorrow with 300 free minutes to any mobile 100 free texts free camcorder reply or call
Dunno y u ask me.,0,none,english,uci,dunno y u ask me
I ain't answerin no phone at what is actually a pretty reasonable hour but I'm sleepy,0,none,english,uci,i ain t answerin no phone at what is actually a pretty reasonable hour but i m sleepy
No. Yes please. Been swimming?,0,none,english,uci,no yes please been swimming
"Get 3 Lions England tone, reply lionm 4 mono or lionp 4 poly. 4 more go 2 www.ringtones.co.uk, the original n best. Tones 3GBP network operator rates apply.",1,general_spam,english,uci,get 3 lions england tone reply lionm 4 mono or lionp 4 poly 4 more go 2 the original n best tones 3gbp network operator rates apply
"Hello, my love! How goes that day ? I wish your well and fine babe and hope that you find some job prospects. I miss you, boytoy ... *a teasing kiss*",0,none,english,uci,hello my love how goes that day i wish your well and fine babe and hope that you find some job prospects i miss you boytoy a teasing kiss
Hello ma'am Aapka KYC pending hai. Account 2 ghante mein block ho jayega. OTP share kijiye.,1,aadhaar,hinglish,indian,hello ma am aapka kyc pending hai account 2 ghante mein block ho jayega otp share kijiye
"ACP Sharma bol raha hoon. Aapke father ko accident ho gaya hai. Turant 50,000 bhej dijiye hospital ke liye.",1,amazon,hinglish,indian,acp sharma bol raha hoon aapke father ko accident ho gaya hai turant 50 000 bhej dijiye hospital ke liye
FREE MSG:We billed your mobile number by mistake from shortcode 83332.Please call 08081263000 to have charges refunded.This call will be free from a BT landline,1,general_spam,english,uci,free msg we billed your mobile number by mistake from shortcode 83332 please call to have charges refunded this call will be free from a bt landline
"New Mobiles from 2004, MUST GO! Txt: NOKIA to No: 89545 & collect yours today! From ONLY £1. www.4-tc.biz 2optout 087187262701.50gbp/mtmsg18 TXTAUCTION.",1,general_spam,english,uci,new mobiles from 2004 must go txt nokia to no 89545 collect yours today from only 1 2optout 50gbp mtmsg18 txtauction
Hello sir Project ka review meeting kal 4 baje hai kya?,0,none,hinglish,indian,hello sir project ka review meeting kal 4 baje hai kya
You need to get up. Now.,0,none,english,uci,you need to get up now
What time you thinkin of goin?,0,none,english,uci,what time you thinkin of goin
In the end she might still vomit but its okay. Not everything will come out.,0,none,english,uci,in the end she might still vomit but its okay not everything will come out
Hey so whats the plan this sat? ,0,none,english,uci,hey so whats the plan this sat
"Sir ek minute suniye Amazon se bol raha hoon. Aapka parcel hold hai, clearance charge ₹499 dena hoga.",1,relative,hinglish,indian,sir ek minute suniye amazon se bol raha hoon aapka parcel hold hai clearance charge 499 dena hoga
Hello ji Aapka Aadhaar deactivate hone wala hai. Turant update kijiye.,1,lottery,hinglish,indian,hello ji aapka aadhaar deactivate hone wala hai turant update kijiye
Do u noe how 2 send files between 2 computers?,0,none,english,uci,do u noe how 2 send files between 2 computers
Wah lucky man... Then can save money... Hee...,0,none,english,uci,wah lucky man then can save money hee
When should I come over?,0,none,english,uci,when should i come over
Am I the only one who doesn't stalk profiles?,0,none,english,uci,am i the only one who doesn t stalk profiles
Then its most likely called Mittelschmertz. Google it. If you dont have paracetamol dont worry it will go.,0,none,english,uci,then its most likely called mittelschmertz google it if you dont have paracetamol dont worry it will go
Life style garments account no please.,0,none,english,uci,life style garments account no please
"The last thing i ever wanted to do was hurt you. And i didn't think it would have. You'd laugh, be embarassed, delete the tag and keep going. But as far as i knew, it wasn't even up. The fact that you even felt like i would do it to hurt you shows you really don't know me at all. It was messy wednesday, but it wasn't bad. The problem i have with it is you HAVE the time to clean it, but you choose not to. You skype, you take pictures, you sleep, you want to go out. I don't mind a few things here and there, but when you don't make the bed, when you throw laundry on top of it, when i can't have a friend in the house because i'm embarassed that there's underwear and bras strewn on the bed, pillows on the floor, that's something else. You used to be good about at least making the bed.",0,none,english,uci,the last thing i ever wanted to do was hurt you and i didn t think it would have you d laugh be embarassed delete the tag and keep going but as far as i knew it wasn t even up the fact that you even felt like i would do it to hurt you shows you really don t know me at all it was messy wednesday but it wasn t bad the problem i have with it is you have the time to clean it but you choose not to you skype you take pictures you sleep you want to go out i don t mind a few things here and there but when you don t make the bed when you throw laundry on top of it when i can t have a friend in the house because i m embarassed that there s underwear and bras strewn on the bed pillows on the floor that s something else you used to be good about at least making the bed
Yup but it's not giving me problems now so mayb i'll jus leave it...,0,none,english,uci,yup but it s not giving me problems now so mayb i ll jus leave it
National Cyber Cell se bol raha hoon. Aapke phone se illegal obscene content circulate ho raha hai. Digital arrest ho sakta hai.,1,police_blackmail,hinglish,indian,national cyber cell se bol raha hoon aapke phone se illegal obscene content circulate ho raha hai digital arrest ho sakta hai
Why nothing. Ok anyway give me treat,0,none,english,uci,why nothing ok anyway give me treat
"Ji haan suniye Aapke father ko accident ho gaya hai. Turant 50,000 bhej dijiye hospital ke liye.",1,bank_kyc,hinglish,indian,ji haan suniye aapke father ko accident ho gaya hai turant 50 000 bhej dijiye hospital ke liye
Hey mr whats the name of that bill brison book the one about language and words ,0,none,english,uci,hey mr whats the name of that bill brison book the one about language and words
Gr8. So how do you handle the victoria island traffic. Plus when's the album due,0,none,english,uci,gr8 so how do you handle the victoria island traffic plus when s the album due
Your B4U voucher w/c 27/03 is MARSMS. Log onto www.B4Utele.com for discount credit. To opt out reply stop. Customer care call 08717168528,1,general_spam,english,uci,your b4u voucher w c 27 03 is marsms log onto for discount credit to opt out reply stop customer care call
U definitely need a module from e humanities dis sem izzit? U wan 2 take other modules 1st?,0,none,english,uci,u definitely need a module from e humanities dis sem izzit u wan 2 take other modules 1st
"URGENT!! Your 4* Costa Del Sol Holiday or £5000 await collection. Call 09050090044 Now toClaim. SAE, TC s, POBox334, Stockport, SK38xh, Cost£1.50/pm, Max10mins",1,general_spam,english,uci,urgent your 4 costa del sol holiday or 5000 await collection call now toclaim sae tc s pobox334 stockport sk38xh cost 1 50 pm max10mins
Aap sun rahe hain na? Aapke khilaaf digital fraud complaint receive hui hai.,1,police_digital_arrest,hinglish,indian,aap sun rahe hain na aapke khilaaf digital fraud complaint receive hui hai
 &lt;DECIMAL&gt; m but its not a common car here so its better to buy from china or asia. Or if i find it less expensive. I.ll holla,0,none,english,uci,m but its not a common car here so its better to buy from china or asia or if i find it less expensive i ll holla
I'm e person who's doing e sms survey...,0,none,english,uci,i m e person who s doing e sms survey
"Goodmorning, Today i am late for  &lt;#&gt; min.",0,none,english,uci,goodmorning today i am late for min
Sday only joined.so training we started today:),0,none,english,uci,sday only joined so training we started today
"Hello ma'am Mummy main office pahunch gaya, aaj thoda late ho jaunga.",0,none,hinglish,indian,hello ma am mummy main office pahunch gaya aaj thoda late ho jaunga
Msg me when rajini comes.,0,none,english,uci,msg me when rajini comes
Pls come quick cant bare this.,0,none,english,uci,pls come quick cant bare this
87077: Kick off a new season with 2wks FREE goals & news to ur mobile! Txt ur club name to 87077 eg VILLA to 87077,1,general_spam,english,uci,87077 kick off a new season with 2wks free goals news to ur mobile txt ur club name to 87077 eg villa to 87077
Ji haan suniye Aapke WhatsApp se ladies ko asleel messages bheje ja rahe hain. Aapko suspect maana ja raha hai.,1,police_blackmail,hinglish,indian,ji haan suniye aapke whatsapp se ladies ko asleel messages bheje ja rahe hain aapko suspect maana ja raha hai
Theyre doing it to lots of places. Only hospitals and medical places are safe.,0,none,english,uci,theyre doing it to lots of places only hospitals and medical places are safe
4mths half price Orange line rental & latest camera phones 4 FREE. Had your phone 11mths+? Call MobilesDirect free on 08000938767 to update now! or2stoptxt T&Cs,1,general_spam,english,uci,4mths half price orange line rental latest camera phones 4 free had your phone 11mths call mobilesdirect free on to update now or2stoptxt t cs
Oh thanks a lot..i already bought 2 eggs ..,0,none,english,uci,oh thanks a lot i already bought 2 eggs
TBS/PERSOLVO. been chasing us since Sept for£38 definitely not paying now thanks to your information. We will ignore them. Kath. Manchester.,1,general_spam,english,uci,tbs persolvo been chasing us since sept for 38 definitely not paying now thanks to your information we will ignore them kath manchester
ACP Sharma bol raha hoon. Police station se bol raha hoon. Aapke mobile number se illegal messages bheje gaye hain.,1,police_digital_arrest,hinglish,indian,acp sharma bol raha hoon police station se bol raha hoon aapke mobile number se illegal messages bheje gaye hain
U ned to convince him tht its not possible witot hurting his feeling its the main,0,none,english,uci,u ned to convince him tht its not possible witot hurting his feeling its the main
Didn't you get hep b immunisation in nigeria.,0,none,english,uci,didn t you get hep b immunisation in nigeria
"As usual..iam fine, happy &amp; doing well..:)",0,none,english,uci,as usual iam fine happy doing well
"Cool, we shall go and see, have to go to tip anyway. Are you at home, got something to drop in later? So lets go to town tonight! Maybe mum can take us in.",0,none,english,uci,cool we shall go and see have to go to tip anyway are you at home got something to drop in later so lets go to town tonight maybe mum can take us in
"Good afternoon on this glorious anniversary day, my sweet J !! I hope this finds you happy and content, my Prey. I think of you and send a teasing kiss from across the sea coaxing images of fond souveniers ... You Cougar-Pen",0,none,english,uci,good afternoon on this glorious anniversary day my sweet j i hope this finds you happy and content my prey i think of you and send a teasing kiss from across the sea coaxing images of fond souveniers you cougar pen
Dont know supports ass and srt i thnk. I think ps3 can play through usb too,0,none,english,uci,dont know supports ass and srt i thnk i think ps3 can play through usb too
"Hi Jon, Pete here, Ive bin 2 Spain recently & hav sum dinero left, Bill said u or ur rents mayb interested in it, I hav 12,000pes, so around £48, tb, James.",0,none,english,uci,hi jon pete here ive bin 2 spain recently hav sum dinero left bill said u or ur rents mayb interested in it i hav 12 000pes so around 48 tb james
That seems unnecessarily affectionate,0,none,english,uci,that seems unnecessarily affectionate
Just finished eating. Got u a plate. NOT leftovers this time.,0,none,english,uci,just finished eating got u a plate not leftovers this time
"Oops I did have it,  &lt;#&gt; ?",0,none,english,uci,oops i did have it
"Best line said in Love: . ""I will wait till the day I can forget u Or The day u realize that u cannot forget me.""... Gn",0,none,english,uci,best line said in love i will wait till the day i can forget u or the day u realize that u cannot forget me gn
Police headquarters se bol raha hoon. Aapka KYC pending hai. Account 2 ghante mein block ho jayega. OTP share kijiye.,1,aadhaar,hinglish,indian,police headquarters se bol raha hoon aapka kyc pending hai account 2 ghante mein block ho jayega otp share kijiye
Haha okay... Today weekend leh... ,0,none,english,uci,haha okay today weekend leh
My darling sister. How are you doing. When's school resuming. Is there a minimum wait period before you reapply? Do take care,0,none,english,uci,my darling sister how are you doing when s school resuming is there a minimum wait period before you reapply do take care
Do u knw dis no. &lt;#&gt; ?,0,none,english,uci,do u knw dis no
S now only i took tablets . Reaction morning only.,0,none,english,uci,s now only i took tablets reaction morning only
How come u got nothing to do?,0,none,english,uci,how come u got nothing to do
Que pases un buen tiempo or something like that,0,none,english,uci,que pases un buen tiempo or something like that
"Congratulations - Thanks to a good friend U have WON the £2,000 Xmas prize. 2 claim is easy, just call 08712103738 NOW! Only 10p per minute. BT-national-rate",1,general_spam,english,uci,congratulations thanks to a good friend u have won the 2 000 xmas prize 2 claim is easy just call now only 10p per minute bt national rate
Amazing : If you rearrange these letters it gives the same meaning... Dormitory = Dirty room Astronomer = Moon starer The eyes = They see Election results = Lies lets recount Mother-in-law = Woman Hitler Eleven plus two =Twelve plus one Its Amazing... !:-),0,none,english,uci,amazing if you rearrange these letters it gives the same meaning dormitory dirty room astronomer moon starer the eyes they see election results lies lets recount mother in law woman hitler eleven plus two twelve plus one its amazing
Hello ma'am Crime Branch se bol raha hoon. Aapke account se suspicious transactions hui hain.,1,police_digital_arrest,hinglish,indian,hello ma am crime branch se bol raha hoon aapke account se suspicious transactions hui hain
Ok. Every night take a warm bath drink a cup of milk and you'll see a work of magic. You still need to loose weight. Just so that you know,0,none,english,uci,ok every night take a warm bath drink a cup of milk and you ll see a work of magic you still need to loose weight just so that you know
Have a safe trip to Nigeria. Wish you happiness and very soon company to share moments with,0,none,english,uci,have a safe trip to nigeria wish you happiness and very soon company to share moments with
"And stop wondering ""wow is she ever going to stop tm'ing me ?!"" because I will tm you whenever I want because you are MINE ... *laughs*",0,none,english,uci,and stop wondering wow is she ever going to stop tm ing me because i will tm you whenever i want because you are mine laughs
Delhi Police se bol raha hoon. Aapke number se pornographic material WhatsApp groups mein bheja ja raha hai. FIR ho chuki hai.,1,police_blackmail,hinglish,indian,delhi police se bol raha hoon aapke number se pornographic material whatsapp groups mein bheja ja raha hai fir ho chuki hai
"Geeeee ... Your internet is really bad today, eh ?",0,none,english,uci,geeeee your internet is really bad today eh
Summers finally here! Fancy a chat or flirt with sexy singles in yr area? To get MATCHED up just reply SUMMER now. Free 2 Join. OptOut txt STOP Help08714742804,1,general_spam,english,uci,summers finally here fancy a chat or flirt with sexy singles in yr area to get matched up just reply summer now free 2 join optout txt stop help08714742804
Guess who am I?This is the first time I created a web page WWW.ASJESUS.COM read all I wrote. I'm waiting for your opinions. I want to be your friend 1/1,1,general_spam,english,uci,guess who am i this is the first time i created a web page read all i wrote i m waiting for your opinions i want to be your friend 1 1
"Buzz! Hey, my Love ! I think of you and hope your day goes well. Did you sleep in ? I miss you babe. I long for the moment we are together again*loving smile*",0,none,english,uci,buzz hey my love i think of you and hope your day goes well did you sleep in i miss you babe i long for the moment we are together again loving smile
I.ll get there tomorrow and send it to you,0,none,english,uci,i ll get there tomorrow and send it to you
Ok i found dis pierre cardin one which looks normal costs 20 its on sale.,0,none,english,uci,ok i found dis pierre cardin one which looks normal costs 20 its on sale
I dont have that much image in class.,0,none,english,uci,i dont have that much image in class
"Madam ek minute Doctor appointment kal 9 baje hai, fasting rehna.",0,none,hinglish,indian,madam ek minute doctor appointment kal 9 baje hai fasting rehna
Sorry. You never hear unless you book it. One was kinda a joke--thet were really looking for skinny white girls. The other was one line--you can only do so much on camera with that. Something like that they're casting on the look.,0,none,english,uci,sorry you never hear unless you book it one was kinda a joke thet were really looking for skinny white girls the other was one line you can only do so much on camera with that something like that they re casting on the look
"Yeah, we can probably swing by once my roommate finishes up with his girl",0,none,english,uci,yeah we can probably swing by once my roommate finishes up with his girl
"Actually nvm, got hella cash, we still on for  &lt;#&gt; ish?",0,none,english,uci,actually nvm got hella cash we still on for ish
"Awesome, text me when you're restocked",0,none,english,uci,awesome text me when you re restocked
Yar he quite clever but aft many guesses lor. He got ask me 2 bring but i thk darren not so willing 2 go. Aiya they thk leona still not attach wat.,0,none,english,uci,yar he quite clever but aft many guesses lor he got ask me 2 bring but i thk darren not so willing 2 go aiya they thk leona still not attach wat
Crime Branch se bol raha hoon. Cyber Crime Department se bol raha hoon. Aapke number se objectionable content circulate hua hai.,1,police_digital_arrest,hinglish,indian,crime branch se bol raha hoon cyber crime department se bol raha hoon aapke number se objectionable content circulate hua hai
"Alright, we're all set here, text the man",0,none,english,uci,alright we re all set here text the man
CBI se bol raha hoon. Police verification complete karna zaroori hai.,1,police_digital_arrest,hinglish,indian,cbi se bol raha hoon police verification complete karna zaroori hai
Am in gobi arts college,0,none,english,uci,am in gobi arts college
Just buy a pizza. Meat lovers or supreme. U get to pick.,0,none,english,uci,just buy a pizza meat lovers or supreme u get to pick
CHEERS U TEX MECAUSE U WEREBORED! YEAH OKDEN HUNNY R UIN WK SAT?SOUNDS LIKEYOUR HAVIN GR8FUN J! KEEP UPDAT COUNTINLOTS OF LOVEME XXXXX.,0,none,english,uci,cheers u tex mecause u werebored yeah okden hunny r uin wk sat sound s likeyour havin gr8fun j keep updat countinlots of loveme xxxxx
"Oops, I'll let you know when my roommate's done",0,none,english,uci,oops i ll let you know when my roommate s done
Its a valentine game. . . send dis msg to all ur friends. . If 5 answers r d same then someone really loves u. . Ques- which colour suits me the best?,0,none,english,uci,its a valentine game send dis msg to all ur friends if 5 answers r d same then someone really loves u ques which colour suits me the best
Then she buying today? Ü no need to c meh...,0,none,english,uci,then she buying today no need to c meh
"Special Investigation Team se bol raha hoon. Amazon se bol raha hoon. Aapka parcel hold hai, clearance charge ₹499 dena hoga.",1,aadhaar,hinglish,indian,special investigation team se bol raha hoon amazon se bol raha hoon aapka parcel hold hai clearance charge 499 dena hoga
Are you unique enough? Find out from 30th August. www.areyouunique.co.uk,1,general_spam,english,uci,are you unique enough find out from 30th august
"Storming msg: Wen u lift d phne, u say ""HELLO"" Do u knw wt is d real meaning of HELLO?? . . . It's d name of a girl..! . . . Yes.. And u knw who is dat girl?? ""Margaret Hello"" She is d girlfrnd f Grahmbell who invnted telphone... . . . . Moral:One can 4get d name of a person, bt not his girlfrnd... G o o d n i g h t . . .@",0,none,english,uci,storming msg wen u lift d phne u say hello do u knw wt is d real meaning of hello it s d name of a girl yes and u knw who is dat girl margaret hello she is d girlfrnd f grahmbell who invnted telphone moral one can 4get d name of a person bt not his girlfrnd g o o d n i g h t
Ok i am on the way to railway,0,none,english,uci,ok i am on the way to railway
"No idea, I guess we'll work that out an hour after we're supposed to leave since as usual nobody has any interest in figuring shit out before the last second",0,none,english,uci,no idea i guess we ll work that out an hour after we re supposed to leave since as usual nobody has any interest in figuring shit out before the last second
Its normally hot mail. Com you see!,0,none,english,uci,its normally hot mail com you see
You give us back my id proof and  &lt;#&gt;  rs. We wont allow you to work. We will come to your home within days,0,none,english,uci,you give us back my id proof and rs we wont allow you to work we will come to your home within days
Hey u still at the gym?,0,none,english,uci,hey u still at the gym
What r u cooking me for dinner?,0,none,english,uci,what r u cooking me for dinner
How do friends help us in problems? They give the most stupid suggestion that Lands us into another problem and helps us forgt the previous problem,0,none,english,uci,how do friends help us in problems they give the most stupid suggestion that lands us into another problem and helps us forgt the previous problem
Hi. Happy New Year. I dont mean to intrude but can you pls let me know how much tuition you paid last semester and how much this semester is. Thanks,0,none,english,uci,hi happy new year i dont mean to intrude but can you pls let me know how much tuition you paid last semester and how much this semester is thanks
It took Mr owl 3 licks,0,none,english,uci,it took mr owl 3 licks
"Faith makes things possible,Hope makes things work,Love makes things beautiful,May you have all three this Christmas!Merry Christmas!",0,none,english,uci,faith makes things possible hope makes things work love makes things beautiful may you have all three this christmas merry christmas
Eek that's a lot of time especially since American Pie is like 8 minutes long. I can't stop singing it.,0,none,english,uci,eek that s a lot of time especially since american pie is like 8 minutes long i can t stop singing it
Your pussy is perfect!,0,none,english,uci,your pussy is perfect
Is there a reason we've not spoken this year? Anyways have a great week and all the best in your exam,0,none,english,uci,is there a reason we ve not spoken this year anyways have a great week and all the best in your exam
"Sorry da thangam, very very sorry i am held up with prasad.",0,none,english,uci,sorry da thangam very very sorry i am held up with prasad
"My friend just got here and says he's upping his order by a few grams (he's got $ &lt;#&gt; ), when can you get here?",0,none,english,uci,my friend just got here and says he s upping his order by a few grams he s got when can you get here
Then what about further plan?,0,none,english,uci,then what about further plan
"FREE MESSAGE Activate your 500 FREE Text Messages by replying to this message with the word FREE For terms & conditions, visit www.07781482378.com",1,general_spam,english,uci,free message activate your 500 free text messages by replying to this message with the word free for terms conditions visit
Hi. I'm sorry i missed your call. Can you pls call back.,0,none,english,uci,hi i m sorry i missed your call can you pls call back
it's really getting me down just hanging around.,0,none,english,uci,it s really getting me down just hanging around
"Hello, yeah i've just got out of the bath and need to do my hair so i'll come up when i'm done, yeah?",0,none,english,uci,hello yeah i ve just got out of the bath and need to do my hair so i ll come up when i m done yeah
Cyber Crime Department se bol raha hoon. Congratulations! Aapne ₹40 lakh ka lottery jeeta hai. Processing fee dena hoga.,1,lottery,hinglish,indian,cyber crime department se bol raha hoon congratulations aapne 40 lakh ka lottery jeeta hai processing fee dena hoga
X course it 2yrs. Just so her messages on messenger lik you r sending me,0,none,english,uci,x course it 2yrs just so her messages on messenger lik you r sending me
I'm going out to buy mum's present ar.,0,none,english,uci,i m going out to buy mum s present ar
I'm vivek:)i got call from your number.,0,none,english,uci,i m vivek i got call from your number
Dont talk to him ever ok its my word.,0,none,english,uci,dont talk to him ever ok its my word
I'm done...,0,none,english,uci,i m done
CBI se bol raha hoon. Aapka mobile number cyber fraud investigation mein aaya hai.,1,police_digital_arrest,hinglish,indian,cbi se bol raha hoon aapka mobile number cyber fraud investigation mein aaya hai
"By the way, i've put a skip right outside the front of the house so you can see which house it is. Just pull up before it.",0,none,english,uci,by the way i ve put a skip right outside the front of the house so you can see which house it is just pull up before it
Ard 530 lor. I ok then message ü lor.,0,none,english,uci,ard 530 lor i ok then message lor
Aiyar hard 2 type. U later free then tell me then i call n scold n tell u.,0,none,english,uci,aiyar hard 2 type u later free then tell me then i call n scold n tell u
25p 4 alfie Moon's Children in need song on ur mob. Tell ur m8s. Txt Tone charity to 8007 for Nokias or Poly charity for polys: zed 08701417012 profit 2 charity.,1,general_spam,english,uci,25p 4 alfie moon s children in need song on ur mob tell ur m8s txt tone charity to 8007 for nokias or poly charity for polys zed profit 2 charity
NOT MUCH NO FIGHTS. IT WAS A GOOD NITE!!,0,none,english,uci,not much no fights it was a good nite
Why don't you wait 'til at least wednesday to see if you get your .,0,none,english,uci,why don t you wait til at least wednesday to see if you get your
Oic... I saw him too but i tot he din c me... I found a group liao...,0,none,english,uci,oic i saw him too but i tot he din c me i found a group liao
Okie but i scared u say i fat... Then u dun wan me already...,0,none,english,uci,okie but i scared u say i fat then u dun wan me already
Ok lor... Sony ericsson salesman... I ask shuhui then she say quite gd 2 use so i considering...,0,none,english,uci,ok lor sony ericsson salesman i ask shuhui then she say quite gd 2 use so i considering
You still around? I could use a half-8th,0,none,english,uci,you still around i could use a half 8th
Jay is snickering and tells me that x is totally fucking up the chords as we speak,0,none,english,uci,jay is snickering and tells me that x is totally fucking up the chords as we speak
I wish things were different. I wonder when i will be able to show you how much i value you. Pls continue the brisk walks no drugs without askin me please and find things to laugh about. I love you dearly.,0,none,english,uci,i wish things were different i wonder when i will be able to show you how much i value you pls continue the brisk walks no drugs without askin me please and find things to laugh about i love you dearly
Are you at work right now ?,0,none,english,uci,are you at work right now
Good. do you think you could send me some pix? I would love to see your top and bottom...,0,none,english,uci,good do you think you could send me some pix i would love to see your top and bottom
U can call me now...,0,none,english,uci,u can call me now
How many licks does it take to get to the center of a tootsie pop?,0,none,english,uci,how many licks does it take to get to the center of a tootsie pop
And by when you're done I mean now,0,none,english,uci,and by when you re done i mean now
"Hi, my love! How goes that day? Fuck, this morning I woke and dropped my cell on the way down the stairs but it seems alright ... *phews* I miss you !",0,none,english,uci,hi my love how goes that day fuck this morning i woke and dropped my cell on the way down the stairs but it seems alright phews i miss you
Crime Branch se bol raha hoon. Aapka mobile number cyber fraud investigation mein aaya hai.,1,police_digital_arrest,hinglish,indian,crime branch se bol raha hoon aapka mobile number cyber fraud investigation mein aaya hai
Tiwary to rcb.battle between bang and kochi.,0,none,english,uci,tiwary to rcb battle between bang and kochi
URGENT! We are trying to contact U. Todays draw shows that you have won a £2000 prize GUARANTEED. Call 09058094507 from land line. Claim 3030. Valid 12hrs only,1,general_spam,english,uci,urgent we are trying to contact u todays draw shows that you have won a 2000 prize guaranteed call from land line claim 3030 valid 12hrs only
Bring home some Wendy =D,0,none,english,uci,bring home some wendy d
In sch but neva mind u eat 1st lor..,0,none,english,uci,in sch but neva mind u eat 1st lor
Am watching house – very entertaining – am getting the whole hugh laurie thing – even with the stick – indeed especially with the stick.,0,none,english,uci,am watching house very entertaining am getting the whole hugh laurie thing even with the stick indeed especially with the stick
Police headquarters se bol raha hoon. Aapko investigation officer se turant baat karni hogi.,1,police_digital_arrest,hinglish,indian,police headquarters se bol raha hoon aapko investigation officer se turant baat karni hogi
"England v Macedonia - dont miss the goals/team news. Txt ur national team to 87077 eg ENGLAND to 87077 Try:WALES, SCOTLAND 4txt/ú1.20 POBOXox36504W45WQ 16+",1,general_spam,english,uci,england v macedonia dont miss the goals team news txt ur national team to 87077 eg england to 87077 try wales scotland 4txt 1 20 poboxox36504w45wq 16
Ok darlin i supose it was ok i just worry too much.i have to do some film stuff my mate and then have to babysit again! But you can call me there.xx,0,none,english,uci,ok darlin i supose it was ok i just worry too much i have to do some film stuff my mate and then have to babysit again but you can call me there xx
And how's your husband.,0,none,english,uci,and how s your husband
So lets make it saturday or monday as per convenience.,0,none,english,uci,so lets make it saturday or monday as per convenience
Can... I'm free...,0,none,english,uci,can i m free
I'm in chennai velachery:),0,none,english,uci,i m in chennai velachery
Haha... Really oh no... How? Then will they deduct your lesson tmr?,0,none,english,uci,haha really oh no how then will they deduct your lesson tmr
No. I dont want to hear anything,0,none,english,uci,no i dont want to hear anything
We are both fine. Thanks,0,none,english,uci,we are both fine thanks
"Had your contract mobile 11 Mnths? Latest Motorola, Nokia etc. all FREE! Double Mins & Text on Orange tariffs. TEXT YES for callback, no to remove from records",1,general_spam,english,uci,had your contract mobile 11 mnths latest motorola nokia etc all free double mins text on orange tariffs text yes for callback no to remove from records
Might ax well im there.,0,none,english,uci,might ax well im there
"Dhyan se suniye Aapke father ko accident ho gaya hai. Turant 50,000 bhej dijiye hospital ke liye.",1,aadhaar,hinglish,indian,dhyan se suniye aapke father ko accident ho gaya hai turant 50 000 bhej dijiye hospital ke liye
INTERFLORA - It's not too late to order Interflora flowers for christmas call 0800 505060 to place your order before Midnight tomorrow.,1,general_spam,english,uci,interflora it s not too late to order interflora flowers for christmas call 0800 505060 to place your order before midnight tomorrow
Onum ela pa. Normal than.,0,none,english,uci,onum ela pa normal than
ACP Sharma bol raha hoon. Aapka KYC pending hai. Account 2 ghante mein block ho jayega. OTP share kijiye.,1,lottery,hinglish,indian,acp sharma bol raha hoon aapka kyc pending hai account 2 ghante mein block ho jayega otp share kijiye
Or u ask they all if next sat can a not. If all of them can make it then i'm ok lor.,0,none,english,uci,or u ask they all if next sat can a not if all of them can make it then i m ok lor
"Nt only for driving even for many reasons she is called BBD..thts it chikku, then hw abt dvg cold..heard tht vinobanagar violence hw is the condition..and hw ru ? Any problem?",0,none,english,uci,nt only for driving even for many reasons she is called bbd thts it chikku then hw abt dvg cold heard tht vinobanagar violence hw is the condition and hw ru any problem
Shall i come to get pickle,0,none,english,uci,shall i come to get pickle
PS U no ur a grown up now right?,0,none,english,uci,ps u no ur a grown up now right
My sort code is  and acc no is . The bank is natwest. Can you reply to confirm i've sent this to the right person!,0,none,english,uci,my sort code is and acc no is the bank is natwest can you reply to confirm i ve sent this to the right person
If i start sending blackberry torch to nigeria will you find buyer for me?like 4a month. And tell dad not to buy bb from anyone oh.,0,none,english,uci,if i start sending blackberry torch to nigeria will you find buyer for me like 4a month and tell dad not to buy bb from anyone oh
Wat time ü finish?,0,none,english,uci,wat time finish
I thought slide is enough.,0,none,english,uci,i thought slide is enough
He is a womdarfull actor,0,none,english,uci,he is a womdarfull actor
Have you heard about that job? I'm going to that wildlife talk again tonight if u want2come. Its that2worzels and a wizzle or whatever it is?! ,0,none,english,uci,have you heard about that job i m going to that wildlife talk again tonight if u want2come its that2worzels and a wizzle or whatever it is
Ji namaskar Aapke phone se illegal obscene content circulate ho raha hai. Digital arrest ho sakta hai.,1,police_blackmail,hinglish,indian,ji namaskar aapke phone se illegal obscene content circulate ho raha hai digital arrest ho sakta hai
How dare you change my ring,0,none,english,uci,how dare you change my ring
Haven't eaten all day. I'm sitting here staring at this juicy pizza and I can't eat it. These meds are ruining my life.,0,none,english,uci,haven t eaten all day i m sitting here staring at this juicy pizza and i can t eat it these meds are ruining my life
"Oops - am at my mum's in somerset... Bit far! Back tomo, see you soon x",0,none,english,uci,oops am at my mum s in somerset bit far back tomo see you soon x
URGENT! Your Mobile number has been awarded with a £2000 prize GUARANTEED. Call 09058094454 from land line. Claim 3030. Valid 12hrs only,1,general_spam,english,uci,urgent your mobile number has been awarded with a 2000 prize guaranteed call from land line claim 3030 valid 12hrs only
Do you want a new Video phone? 600 anytime any network mins 400 Inclusive Video calls AND downloads 5 per week Free delTOMORROW call 08002888812 or reply NOW,1,general_spam,english,uci,do you want a new video phone 600 anytime any network mins 400 inclusive video calls and downloads 5 per week free deltomorrow call or reply now
Ok good then i later come find ü... C lucky i told ü to go earlier... Later pple take finish ü no more again...,0,none,english,uci,ok good then i later come find c lucky i told to go earlier later pple take finish no more again
Aap sun rahe hain na? Crime Branch se bol raha hoon. Aapke account se suspicious transactions hui hain.,1,police_digital_arrest,hinglish,indian,aap sun rahe hain na crime branch se bol raha hoon aapke account se suspicious transactions hui hain
My sis is catching e show in e afternoon so i'm not watching w her. So c u wan 2 watch today or tmr lor.,0,none,english,uci,my sis is catching e show in e afternoon so i m not watching w her so c u wan 2 watch today or tmr lor
Do I? I thought I put it back in the box,0,none,english,uci,do i i thought i put it back in the box
"How long before you get reply, just defer admission til next semester",0,none,english,uci,how long before you get reply just defer admission til next semester
Double Mins & Double Txt & 1/2 price Linerental on Latest Orange Bluetooth mobiles. Call MobileUpd8 for the very latest offers. 08000839402 or call2optout/LF56,1,general_spam,english,uci,double mins double txt 1 2 price linerental on latest orange bluetooth mobiles call mobileupd8 for the very latest offers or call2optout lf56
Delhi Police se bol raha hoon. Aapke documents ka misuse karke financial fraud kiya gaya hai.,1,police_digital_arrest,hinglish,indian,delhi police se bol raha hoon aapke documents ka misuse karke financial fraud kiya gaya hai
1. Tension face 2. Smiling face 3. Waste face 4. Innocent face 5.Terror face 6.Cruel face 7.Romantic face 8.Lovable face 9.decent face  &lt;#&gt; .joker face.,0,none,english,uci,1 tension face 2 smiling face 3 waste face 4 innocent face 5 terror face 6 cruel face 7 romantic face 8 lovable face 9 decent face joker face
Camera - You are awarded a SiPix Digital Camera! call 09061221066 fromm landline. Delivery within 28 days,1,general_spam,english,uci,camera you are awarded a sipix digital camera call fromm landline delivery within 28 days
Idea will soon get converted to live:),0,none,english,uci,idea will soon get converted to live
Delhi and chennai still silent.,0,none,english,uci,delhi and chennai still silent
"OH YEAH,AND HAV A GREAT TIME IN NEWQUAY-SEND ME A POSTCARD !1 LOOK AFTER ALL THE GIRLS WHILE IM GONE(U KNOW THE 1IM TALKIN BOUT!)xx",0,none,english,uci,oh yeah and hav a great time in newquay send me a postcard 1 look after all the girls while im gone u know the 1im talkin bout xx
Namaste ma'am Aapke naam par registered SIM ka misuse report hua hai.,1,police_digital_arrest,hinglish,indian,namaste ma am aapke naam par registered sim ka misuse report hua hai
Gettin rdy to ship comp,0,none,english,uci,gettin rdy to ship comp
Ji namaskar Aapke number se pornographic material WhatsApp groups mein bheja ja raha hai. FIR ho chuki hai.,1,police_blackmail,hinglish,indian,ji namaskar aapke number se pornographic material whatsapp groups mein bheja ja raha hai fir ho chuki hai
network operator. The service is free. For T & C's visit 80488.biz,1,general_spam,english,uci,network operator the service is free for t c s visit 80488 biz
Yes. Rent is very expensive so its the way we save.,0,none,english,uci,yes rent is very expensive so its the way we save
"Just dropped em off, omw back now",0,none,english,uci,just dropped em off omw back now
So ü pay first lar... Then when is da stock comin...,0,none,english,uci,so pay first lar then when is da stock comin
Okie.. Thanx..,0,none,english,uci,okie thanx
Namaste ma'am Aapka Aadhaar deactivate hone wala hai. Turant update kijiye.,1,bank_kyc,hinglish,indian,namaste ma am aapka aadhaar deactivate hone wala hai turant update kijiye
National Cyber Cell se bol raha hoon. Aapka Aadhaar deactivate hone wala hai. Turant update kijiye.,1,amazon,hinglish,indian,national cyber cell se bol raha hoon aapka aadhaar deactivate hone wala hai turant update kijiye
Inspector Rajesh Kumar bol raha hoon. Aapke khilaaf digital fraud complaint receive hui hai.,1,police_digital_arrest,hinglish,indian,inspector rajesh kumar bol raha hoon aapke khilaaf digital fraud complaint receive hui hai
Is there any training tomorrow?,0,none,english,uci,is there any training tomorrow
Thought praps you meant another one. Goodo! I'll look tomorrow ,0,none,english,uci,thought praps you meant another one goodo i ll look tomorrow
"Dear, will call Tmorrow.pls accomodate.",0,none,english,uci,dear will call tmorrow pls accomodate
Yes:)from last week itself i'm taking live call.,0,none,english,uci,yes from last week itself i m taking live call
Ü still attending da talks?,0,none,english,uci,still attending da talks
This msg is for your mobile content order It has been resent as previous attempt failed due to network error Queries to customersqueries@netvision.uk.com,1,general_spam,english,uci,this msg is for your mobile content order it has been resent as previous attempt failed due to network error queries to
Finish already... Yar they keep saying i mushy... I so embarrassed ok...,0,none,english,uci,finish already yar they keep saying i mushy i so embarrassed ok
In xam hall boy asked girl Tell me the starting term for dis answer I can den manage on my own After lot of hesitation n lookin around silently she said THE! intha ponnungale ipaditan;),0,none,english,uci,in xam hall boy asked girl tell me the starting term for dis answer i can den manage on my own after lot of hesitation n lookin around silently she said the intha ponnungale ipaditan
What time should I tell my friend to be around?,0,none,english,uci,what time should i tell my friend to be around
Good morning. At the repair shop--the ONLY reason i'm up at this hour.,0,none,english,uci,good morning at the repair shop the only reason i m up at this hour
Well its not like you actually called someone a punto. That woulda been worse.,0,none,english,uci,well its not like you actually called someone a punto that woulda been worse
I jokin oni lar.. Ü busy then i wun disturb ü.,0,none,english,uci,i jokin oni lar busy then i wun disturb
"Urgent! call 09066350750 from your landline. Your complimentary 4* Ibiza Holiday or 10,000 cash await collection SAE T&Cs PO BOX 434 SK3 8WP 150 ppm 18+",1,general_spam,english,uci,urgent call from your landline your complimentary 4 ibiza holiday or 10 000 cash await collection sae t cs po box 434 sk3 8wp 150 ppm 18
Guai... Ü shd haf seen him when he's naughty... Ü so free today? Can go jogging...,0,none,english,uci,guai shd haf seen him when he s naughty so free today can go jogging
"I wasn't well babe, i have swollen glands at my throat ... What did you end up doing ?",0,none,english,uci,i wasn t well babe i have swollen glands at my throat what did you end up doing
FREE>Ringtone! Reply REAL or POLY eg REAL1 1. PushButton 2. DontCha 3. BabyGoodbye 4. GoldDigger 5. WeBeBurnin 1st tone FREE and 6 more when u join for £3/wk,1,general_spam,english,uci,free ringtone reply real or poly eg real1 1 pushbutton 2 dontcha 3 babygoodbye 4 golddigger 5 webeburnin 1st tone free and 6 more when u join for 3 wk
I dunno lei... Like dun haf...,0,none,english,uci,i dunno lei like dun haf
Ji haan suniye Aapka Aadhaar deactivate hone wala hai. Turant update kijiye.,1,lottery,hinglish,indian,ji haan suniye aapka aadhaar deactivate hone wala hai turant update kijiye
Call to the number which is available in appointment. And ask to connect the call to waheed fathima.,0,none,english,uci,call to the number which is available in appointment and ask to connect the call to waheed fathima
"URGENT! Your mobile No 07xxxxxxxxx won a £2,000 bonus caller prize on 02/06/03! this is the 2nd attempt to reach YOU! call 09066362231 ASAP! BOX97N7QP, 150PPM",1,general_spam,english,uci,urgent your mobile no 07xxxxxxxxx won a 2 000 bonus caller prize on 02 06 03 this is the 2nd attempt to reach you call asap box97n7qp 150ppm
Hi! You just spoke to MANEESHA V. We'd like to know if you were satisfied with the experience. Reply Toll Free with Yes or No.,0,none,english,uci,hi you just spoke to maneesha v we d like to know if you were satisfied with the experience reply toll free with yes or no
Omg I want to scream. I weighed myself and I lost more weight! Woohoo!,0,none,english,uci,omg i want to scream i weighed myself and i lost more weight woohoo
Oops i thk i dun haf enuff... I go check then tell ü..,0,none,english,uci,oops i thk i dun haf enuff i go check then tell
Lol ok ill try to send. Be warned Sprint is dead slow. You'll prolly get it tomorrow,0,none,english,uci,lol ok ill try to send be warned sprint is dead slow you ll prolly get it tomorrow
"Get 3 Lions England tone, reply lionm 4 mono or lionp 4 poly. 4 more go 2 www.ringtones.co.uk, the original n best. Tones 3GBP network operator rates apply",1,general_spam,english,uci,get 3 lions england tone reply lionm 4 mono or lionp 4 poly 4 more go 2 the original n best tones 3gbp network operator rates apply
"Congrats! 1 year special cinema pass for 2 is yours. call 09061209465 now! C Suprman V, Matrix3, StarWars3, etc all 4 FREE! bx420-ip4-5we. 150pm. Dont miss out!",1,general_spam,english,uci,congrats 1 year special cinema pass for 2 is yours call now c suprman v matrix3 starwars3 etc all 4 free bx420 ip4 5we 150pm dont miss out
Dhyan se suniye Aapke phone number se koi asleel gande images aur videos share kiye ja rahe hain. Ye cyber crime hai.,1,police_blackmail,hinglish,indian,dhyan se suniye aapke phone number se koi asleel gande images aur videos share kiye ja rahe hain ye cyber crime hai
"Hey babe! I saw you came online for a second and then you disappeared, what happened ?",0,none,english,uci,hey babe i saw you came online for a second and then you disappeared what happened
Shhhhh nobody is supposed to know!,0,none,english,uci,shhhhh nobody is supposed to know
"Plz note: if anyone calling from a mobile Co. &amp; asks u to type # &lt;#&gt;  or # &lt;#&gt; . Do not do so. Disconnect the call,coz it iz an attempt of 'terrorist' to make use of the sim card no. Itz confirmd by nokia n motorola n has been verified by CNN IBN.",0,none,english,uci,plz note if anyone calling from a mobile co asks u to type or do not do so disconnect the call coz it iz an attempt of terrorist to make use of the sim card no itz confirmd by nokia n motorola n has been verified by cnn ibn
You call him and tell now infront of them. Call him now.,0,none,english,uci,you call him and tell now infront of them call him now
National Cyber Cell se bol raha hoon. Aapka mobile number cyber fraud investigation mein aaya hai.,1,police_digital_arrest,hinglish,indian,national cyber cell se bol raha hoon aapka mobile number cyber fraud investigation mein aaya hai
"Hello ji Beta ghar aa gaya hoon, darwaza khol do.",0,none,hinglish,indian,hello ji beta ghar aa gaya hoon darwaza khol do
:-( sad puppy noise,0,none,english,uci,sad puppy noise
Dear :-/ why you mood off. I cant drive so i brother to drive,0,none,english,uci,dear why you mood off i cant drive so i brother to drive
I dont understand your message.,0,none,english,uci,i dont understand your message
Tmr then ü brin lar... Aiya later i come n c lar... Mayb ü neva set properly ü got da help sheet wif ü...,0,none,english,uci,tmr then brin lar aiya later i come n c lar mayb neva set properly got da help sheet wif
"Yes..but they said its IT.,",0,none,english,uci,yes but they said its it
"fyi I'm at usf now, swing by the room whenever",0,none,english,uci,fyi i m at usf now swing by the room whenever
We stopped to get ice cream and will go back after,0,none,english,uci,we stopped to get ice cream and will go back after
I've not sent it. He can send me.,0,none,english,uci,i ve not sent it he can send me
Crime Branch se bol raha hoon. Aapka bank account investigation ke dauran freeze kiya ja sakta hai.,1,police_digital_arrest,hinglish,indian,crime branch se bol raha hoon aapka bank account investigation ke dauran freeze kiya ja sakta hai
Yup i've finished c ü there...,0,none,english,uci,yup i ve finished c there
"Hey ! I want you ! I crave you ! I miss you ! I need you ! I love you, Ahmad Saeed al Hallaq ...",0,none,english,uci,hey i want you i crave you i miss you i need you i love you ahmad saeed al hallaq
And popping &lt;#&gt; ibuprofens was no help.,0,none,english,uci,and popping ibuprofens was no help
"URGENT! Your Mobile No 07808726822 was awarded a £2,000 Bonus Caller Prize on 02/09/03! This is our 2nd attempt to contact YOU! Call 0871-872-9758 BOX95QU",1,general_spam,english,uci,urgent your mobile no was awarded a 2 000 bonus caller prize on 02 09 03 this is our 2nd attempt to contact you call 0871 872 9758 box95qu
Okie ü wan meet at bishan? Cos me at bishan now. I'm not driving today.,0,none,english,uci,okie wan meet at bishan cos me at bishan now i m not driving today
Madam ek minute Investigation ke liye aapki identity verify karni hogi.,1,police_digital_arrest,hinglish,indian,madam ek minute investigation ke liye aapki identity verify karni hogi
Misplaced your number and was sending texts to your old number. Wondering why i've not heard from you this year. All the best in your mcat. Got this number from my atlanta friends,0,none,english,uci,misplaced your number and was sending texts to your old number wondering why i ve not heard from you this year all the best in your mcat got this number from my atlanta friends
Did u download the fring app?,0,none,english,uci,did u download the fring app
S.i'm watching it in live..,0,none,english,uci,s i m watching it in live
Last chance 2 claim ur £150 worth of discount vouchers-Text YES to 85023 now!SavaMob-member offers mobile T Cs 08717898035. £3.00 Sub. 16 . Remove txt X or STOP,1,general_spam,english,uci,last chance 2 claim ur 150 worth of discount vouchers text yes to 85023 now savamob member offers mobile t cs 3 00 sub 16 remove txt x or stop
I guess it is useless calling u 4 something important.,0,none,english,uci,i guess it is useless calling u 4 something important
Hello sir Police station se bol raha hoon. Aapke mobile number se illegal messages bheje gaye hain.,1,police_digital_arrest,hinglish,indian,hello sir police station se bol raha hoon aapke mobile number se illegal messages bheje gaye hain
Whatsup there. Dont u want to sleep,0,none,english,uci,whatsup there dont u want to sleep
Special Investigation Team se bol raha hoon. Aapka Aadhaar deactivate hone wala hai. Turant update kijiye.,1,amazon,hinglish,indian,special investigation team se bol raha hoon aapka aadhaar deactivate hone wala hai turant update kijiye
"FRAN I DECIDED 2 GO N E WAY IM COMPLETELY BROKE AN KNACKERED I GOT UP BOUT 3 C U 2MRW LOVE JANX P.S THIS IS MY DADS FONE, -NO CREDIT",0,none,english,uci,fran i decided 2 go n e way im completely broke an knackered i got up bout 3 c u 2mrw love janx p s this is my dads fone no credit
Lol your right. What diet? Everyday I cheat anyway. I'm meant to be a fatty :(,0,none,english,uci,lol your right what diet everyday i cheat anyway i m meant to be a fatty
CBI se bol raha hoon. Cyber Crime Department se bol raha hoon. Aapke number se objectionable content circulate hua hai.,1,police_digital_arrest,hinglish,indian,cbi se bol raha hoon cyber crime department se bol raha hoon aapke number se objectionable content circulate hua hai
"National Cyber Cell se bol raha hoon. Amazon se bol raha hoon. Aapka parcel hold hai, clearance charge ₹499 dena hoga.",1,aadhaar,hinglish,indian,national cyber cell se bol raha hoon amazon se bol raha hoon aapka parcel hold hai clearance charge 499 dena hoga
"Sounds gd... Haha... Can... Wah, u yan jiu so fast liao...",0,none,english,uci,sounds gd haha can wah u yan jiu so fast liao
Don know..wait i will check it.,0,none,english,uci,don know wait i will check it
Gud ni8.swt drms.take care,0,none,english,uci,gud ni8 swt drms take care
Alrite jod hows the revision goin? Keris bin doin a smidgin. N e way u wanna cum over after college?xx,0,none,english,uci,alrite jod hows the revision goin keris bin doin a smidgin n e way u wanna cum over after college xx
I know you are. Can you pls open the back?,0,none,english,uci,i know you are can you pls open the back
"CBI se bol raha hoon. Aapke father ko accident ho gaya hai. Turant 50,000 bhej dijiye hospital ke liye.",1,relative,hinglish,indian,cbi se bol raha hoon aapke father ko accident ho gaya hai turant 50 000 bhej dijiye hospital ke liye
"&lt;#&gt; , that's all? Guess that's easy enough",0,none,english,uci,that s all guess that s easy enough
I'm already back home so no probably not,0,none,english,uci,i m already back home so no probably not
"ACP Sharma bol raha hoon. Amazon se bol raha hoon. Aapka parcel hold hai, clearance charge ₹499 dena hoga.",1,aadhaar,hinglish,indian,acp sharma bol raha hoon amazon se bol raha hoon aapka parcel hold hai clearance charge 499 dena hoga
Yes we were outside for like 2 hours. And I called my whole family to wake them up cause it started at 1 am,0,none,english,uci,yes we were outside for like 2 hours and i called my whole family to wake them up cause it started at 1 am
I'll text now! All creepy like so he won't think that we forgot,0,none,english,uci,i ll text now all creepy like so he won t think that we forgot
You see the requirements please,0,none,english,uci,you see the requirements please
Ok... Let u noe when i leave my house.,0,none,english,uci,ok let u noe when i leave my house
What time you think you'll have it? Need to know when I should be near campus,0,none,english,uci,what time you think you ll have it need to know when i should be near campus
Not yet. Just i'd like to keep in touch and it will be the easiest way to do that from barcelona. By the way how ru and how is the house?,0,none,english,uci,not yet just i d like to keep in touch and it will be the easiest way to do that from barcelona by the way how ru and how is the house
Mm have some kanji dont eat anything heavy ok,0,none,english,uci,mm have some kanji dont eat anything heavy ok
Awww dat is sweet! We can think of something to do he he! Have a nice time tonight ill probably txt u later cos im lonely :( xxx.,0,none,english,uci,awww dat is sweet we can think of something to do he he have a nice time tonight ill probably txt u later cos im lonely xxx
meet you in corporation st outside gap … you can see how my mind is working!,0,none,english,uci,meet you in corporation st outside gap you can see how my mind is working
My love ... I hope your not doing anything drastic. Don't you dare sell your pc or your phone ...,0,none,english,uci,my love i hope your not doing anything drastic don t you dare sell your pc or your phone
"Not yet chikku..going to room nw, i'm in bus..",0,none,english,uci,not yet chikku going to room nw i m in bus
Pls send me your address sir.,0,none,english,uci,pls send me your address sir
"Sir, I have been late in paying rent for the past few months and had to pay a $ &lt;#&gt;  charge. I felt it would be inconsiderate of me to nag about something you give at great cost to yourself and that's why i didnt speak up. I however am in a recession and wont be able to pay the charge this month hence my askin well ahead of month's end. Can you please help. Thanks",0,none,english,uci,sir i have been late in paying rent for the past few months and had to pay a charge i felt it would be inconsiderate of me to nag about something you give at great cost to yourself and that s why i didnt speak up i however am in a recession and wont be able to pay the charge this month hence my askin well ahead of month s end can you please help thanks
Its posible dnt live in  &lt;#&gt; century cm frwd n thnk different,0,none,english,uci,its posible dnt live in century cm frwd n thnk different
Aiyah e rain like quite big leh. If drizzling i can at least run home.,0,none,english,uci,aiyah e rain like quite big leh if drizzling i can at least run home
And stop being an old man. You get to build snowman snow angels and snowball fights.,0,none,english,uci,and stop being an old man you get to build snowman snow angels and snowball fights
Well i will watch shrek in 3D!!B),0,none,english,uci,well i will watch shrek in 3d b
No. I meant the calculation is the same. That  &lt;#&gt; units at  &lt;#&gt; . This school is really expensive. Have you started practicing your accent. Because its important. And have you decided if you are doing 4years of dental school or if you'll just do the nmde exam.,0,none,english,uci,no i meant the calculation is the same that units at this school is really expensive have you started practicing your accent because its important and have you decided if you are doing 4years of dental school or if you ll just do the nmde exam
Thanks for your message. I really appreciate your sacrifice. I'm not sure of the process of direct pay but will find out on my way back from the test tomorrow. I'm in class now. Do have a wonderful day.,0,none,english,uci,thanks for your message i really appreciate your sacrifice i m not sure of the process of direct pay but will find out on my way back from the test tomorrow i m in class now do have a wonderful day
Can you do online transaction?,0,none,english,uci,can you do online transaction
"Em, its olowoyey@ usc.edu have a great time in argentina. Not sad about secretary, everything is a blessing",0,none,english,uci,em its olowoyey usc edu have a great time in argentina not sad about secretary everything is a blessing
CBI se bol raha hoon. Investigation ke liye aapki identity verify karni hogi.,1,police_digital_arrest,hinglish,indian,cbi se bol raha hoon investigation ke liye aapki identity verify karni hogi
Hi. Hope you had a good day. Have a better night.,0,none,english,uci,hi hope you had a good day have a better night
"SMS SERVICES. for your inclusive text credits, pls goto www.comuk.net login= ***** unsubscribe with STOP. no extra charge. help:08700469649. PO BOX420. IP4 5WE",1,general_spam,english,uci,sms services for your inclusive text credits pls goto login unsubscribe with stop no extra charge help po box420 ip4 5we
Thk some of em find wtc too far... Weiyi not goin... E rest i dunno yet... R ur goin 4 dinner den i might b able to join...,0,none,english,uci,thk some of em find wtc too far weiyi not goin e rest i dunno yet r ur goin 4 dinner den i might b able to join
"Sorry, went to bed early, nightnight",0,none,english,uci,sorry went to bed early nightnight
"Namaste ma'am School fees ki last date kal hai, payment kar dena.",0,none,hinglish,indian,namaste ma am school fees ki last date kal hai payment kar dena
Yo do you know anyone  &lt;#&gt;  or otherwise able to buy liquor? Our guy flaked and right now if we don't get a hold of somebody its just 4 loko all night,0,none,english,uci,yo do you know anyone or otherwise able to buy liquor our guy flaked and right now if we don t get a hold of somebody its just 4 loko all night
Still at west coast... Haiz... Ü'll take forever to come back...,0,none,english,uci,still at west coast haiz ll take forever to come back
How long does it take to get it.,0,none,english,uci,how long does it take to get it
Lol ... I really need to remember to eat when I'm drinking but I do appreciate you keeping me company that night babe *smiles*,0,none,english,uci,lol i really need to remember to eat when i m drinking but i do appreciate you keeping me company that night babe smiles
I am in hospital da. . I will return home in evening,0,none,english,uci,i am in hospital da i will return home in evening
Cos i want it to be your thing,0,none,english,uci,cos i want it to be your thing
"Not much, just some textin'. How bout you?",0,none,english,uci,not much just some textin how bout you
Thats cool. How was your day?,0,none,english,uci,thats cool how was your day
At WHAT TIME should i come tomorrow,0,none,english,uci,at what time should i come tomorrow
Namaste sir Aapka KYC pending hai. Account 2 ghante mein block ho jayega. OTP share kijiye.,1,bank_kyc,hinglish,indian,namaste sir aapka kyc pending hai account 2 ghante mein block ho jayega otp share kijiye
Hurry home. Soup is DONE!,0,none,english,uci,hurry home soup is done
PRIVATE! Your 2003 Account Statement for shows 800 un-redeemed S. I. M. points. Call 08719899230 Identifier Code: 41685 Expires 07/11/04,1,general_spam,english,uci,private your 2003 account statement for shows 800 un redeemed s i m points call identifier code 41685 expires 07 11 04
So do you have samus shoulders yet,0,none,english,uci,so do you have samus shoulders yet
FreeMsg Today's the day if you are ready! I'm horny & live in your town. I love sex fun & games! Netcollex Ltd 08700621170150p per msg reply Stop to end,1,general_spam,english,uci,freemsg today s the day if you are ready i m horny live in your town i love sex fun games netcollex ltd 08700621170150p per msg reply stop to end
NEFT Transaction with reference number  &lt;#&gt;  for Rs. &lt;DECIMAL&gt;  has been credited to the beneficiary account on  &lt;#&gt;  at  &lt;TIME&gt; : &lt;#&gt;,0,none,english,uci,neft transaction with reference number for rs has been credited to the beneficiary account on at
From tomorrow onwards eve 6 to 3 work.,0,none,english,uci,from tomorrow onwards eve 6 to 3 work
Nothing but we jus tot u would ask cos u ba gua... But we went mt faber yest... Yest jus went out already mah so today not going out... Jus call lor...,0,none,english,uci,nothing but we jus tot u would ask cos u ba gua but we went mt faber yest yest jus went out already mah so today not going out jus call lor
WINNER!! As a valued network customer you have been selected to receivea £900 prize reward! To claim call 09061701461. Claim code KL341. Valid 12 hours only.,1,general_spam,english,uci,winner as a valued network customer you have been selected to receivea 900 prize reward to claim call claim code kl341 valid 12 hours only
Did u got that persons story,0,none,english,uci,did u got that persons story
I will spoil you in bed as well :),0,none,english,uci,i will spoil you in bed as well
No need to buy lunch for me.. I eat maggi mee..,0,none,english,uci,no need to buy lunch for me i eat maggi mee
That's ok. I popped in to ask bout something and she said you'd been in. Are you around tonght wen this girl comes?,0,none,english,uci,that s ok i popped in to ask bout something and she said you d been in are you around tonght wen this girl comes
Ugh I don't wanna get out of bed. It's so warm.,0,none,english,uci,ugh i don t wanna get out of bed it s so warm
"My sister in law, hope you are having a great month. Just saying hey. Abiola",0,none,english,uci,my sister in law hope you are having a great month just saying hey abiola
And smile for me right now as you go and the world will wonder what you are smiling about and think your crazy and keep away from you ... *grins*,0,none,english,uci,and smile for me right now as you go and the world will wonder what you are smiling about and think your crazy and keep away from you grins
Lmao. Take a pic and send it to me.,0,none,english,uci,lmao take a pic and send it to me
"Special Investigation Team se bol raha hoon. Amazon se bol raha hoon. Aapka parcel hold hai, clearance charge ₹499 dena hoga.",1,amazon,hinglish,indian,special investigation team se bol raha hoon amazon se bol raha hoon aapka parcel hold hai clearance charge 499 dena hoga
Namaste sir Aapka mobile number cyber fraud investigation mein aaya hai.,1,police_digital_arrest,hinglish,indian,namaste sir aapka mobile number cyber fraud investigation mein aaya hai
Also are you bringing galileo or dobby,0,none,english,uci,also are you bringing galileo or dobby
I'm home...,0,none,english,uci,i m home
Take us out shopping and Mark will distract Isaiah.=D,0,none,english,uci,take us out shopping and mark will distract isaiah d
No other Valentines huh? The proof is on your fb page. Ugh I'm so glad I really DIDN'T watch your rupaul show you TOOL!,0,none,english,uci,no other valentines huh the proof is on your fb page ugh i m so glad i really didn t watch your rupaul show you tool
"Probably not, I'm almost out of gas and I get some cash tomorrow",0,none,english,uci,probably not i m almost out of gas and i get some cash tomorrow
But pls dont play in others life.,0,none,english,uci,but pls dont play in others life
Crime Branch se bol raha hoon. Congratulations! Aapne ₹40 lakh ka lottery jeeta hai. Processing fee dena hoga.,1,relative,hinglish,indian,crime branch se bol raha hoon congratulations aapne 40 lakh ka lottery jeeta hai processing fee dena hoga
Congratulations ur awarded either £500 of CD gift vouchers & Free entry 2 our £100 weekly draw txt MUSIC to 87066 TnCs www.Ldew.com 1 win150ppmx3age16,1,general_spam,english,uci,congratulations ur awarded either 500 of cd gift vouchers free entry 2 our 100 weekly draw txt music to 87066 tncs 1 win150ppmx3age16
I've reached already.,0,none,english,uci,i ve reached already
And miss vday the parachute and double coins??? U must not know me very well...,0,none,english,uci,and miss vday the parachute and double coins u must not know me very well
What happened in interview?,0,none,english,uci,what happened in interview
ACP Sharma bol raha hoon. Congratulations! Aapne ₹40 lakh ka lottery jeeta hai. Processing fee dena hoga.,1,bank_kyc,hinglish,indian,acp sharma bol raha hoon congratulations aapne 40 lakh ka lottery jeeta hai processing fee dena hoga
"I'm back &amp; we're packing the car now, I'll let you know if there's room",0,none,english,uci,i m back we re packing the car now i ll let you know if there s room
"We know someone who you know that fancies you. Call 09058097218 to find out who. POBox 6, LS15HB 150p",1,general_spam,english,uci,we know someone who you know that fancies you call to find out who pobox 6 ls15hb 150p
"Shop till u Drop, IS IT YOU, either 10K, 5K, £500 Cash or £100 Travel voucher, Call now, 09064011000. NTT PO Box CR01327BT fixedline Cost 150ppm mobile vary",1,general_spam,english,uci,shop till u drop is it you either 10k 5k 500 cash or 100 travel voucher call now ntt po box cr01327bt fixedline cost 150ppm mobile vary
Where are you ? What are you doing ? Are yuou working on getting the pc to your mom's ? Did you find a spot that it would work ? I need you,0,none,english,uci,where are you what are you doing are yuou working on getting the pc to your mom s did you find a spot that it would work i need you
Kallis wont bat in 2nd innings.,0,none,english,uci,kallis wont bat in 2nd innings
Dear Voucher Holder 2 claim your 1st class airport lounge passes when using Your holiday voucher call 08704439680. When booking quote 1st class x 2,1,general_spam,english,uci,dear voucher holder 2 claim your 1st class airport lounge passes when using your holiday voucher call when booking quote 1st class x 2
* FREE* POLYPHONIC RINGTONE Text SUPER to 87131 to get your FREE POLY TONE of the week now! 16 SN PoBox202 NR31 7ZS subscription 450pw,1,general_spam,english,uci,free polyphonic ringtone text super to 87131 to get your free poly tone of the week now 16 sn pobox202 nr31 7zs subscription 450pw
Crime Branch se bol raha hoon. Police station se bol raha hoon. Aapke mobile number se illegal messages bheje gaye hain.,1,police_digital_arrest,hinglish,indian,crime branch se bol raha hoon police station se bol raha hoon aapke mobile number se illegal messages bheje gaye hain
Law enforcement se bol raha hoon. Aapke khilaaf digital fraud complaint receive hui hai.,1,police_digital_arrest,hinglish,indian,law enforcement se bol raha hoon aapke khilaaf digital fraud complaint receive hui hai
Ok then i'll let him noe later n ask him call u tmr...,0,none,english,uci,ok then i ll let him noe later n ask him call u tmr
Only if you promise your getting out as SOON as you can. And you'll text me in the morning to let me know you made it in ok.,0,none,english,uci,only if you promise your getting out as soon as you can and you ll text me in the morning to let me know you made it in ok
Ü called dad oredi...,0,none,english,uci,called dad oredi
"Hello lover! How goes that new job? Are you there now? Are you happy? Do you think of me? I wake, my slave and send you a teasing kiss from across the sea",0,none,english,uci,hello lover how goes that new job are you there now are you happy do you think of me i wake my slave and send you a teasing kiss from across the sea
How is it possible to teach you. And where.,0,none,english,uci,how is it possible to teach you and where
we tried to contact you re your response to our offer of a new nokia fone and camcorder hit reply or call 08000930705 for delivery,1,general_spam,english,uci,we tried to contact you re your response to our offer of a new nokia fone and camcorder hit reply or call for delivery
Todays Voda numbers ending 7548 are selected to receive a $350 award. If you have a match please call 08712300220 quoting claim code 4041 standard rates app,1,general_spam,english,uci,todays voda numbers ending 7548 are selected to receive a 350 award if you have a match please call quoting claim code 4041 standard rates app
U havent lost me ill always b here 4u.i didnt intend 2 hurt u but I never knew how u felt about me when Iwas+marine&thats what itried2tell urmom.i careabout u,0,none,english,uci,u haven t lost me ill always b here 4u i didn t intend 2 hurt u but i never knew how u felt about me when iwas marine that s what itried2tell urmom i careabout u
U are subscribed to the best Mobile Content Service in the UK for £3 per 10 days until you send STOP to 82324. Helpline 08706091795,1,general_spam,english,uci,u are subscribed to the best mobile content service in the uk for 3 per 10 days until you send stop to 82324 helpline
I'm always looking for an excuse to be in the city.,0,none,english,uci,i m always looking for an excuse to be in the city
I not at home now lei...,0,none,english,uci,i not at home now lei
Is that what time you want me to come?,0,none,english,uci,is that what time you want me to come
"Sorry, got a late start, we're on the way",0,none,english,uci,sorry got a late start we re on the way
I am sorry it hurt you.,0,none,english,uci,i am sorry it hurt you
U really pig leh sleep so much. My dad wake me up at 10 smth 2 eat lunch today.,0,none,english,uci,u really pig leh sleep so much my dad wake me up at 10 smth 2 eat lunch today
"OH RITE. WELL IM WITH MY BEST MATE PETE, WHO I WENT OUT WITH 4 A WEEK+ NOW WERE 2GEVA AGAIN. ITS BEEN LONGER THAN A WEEK.",0,none,english,uci,oh rite well im with my best mate pete who i went out with 4 a week now were 2geva again its been longer than a week
"Some friends want me to drive em someplace, probably take a while",0,none,english,uci,some friends want me to drive em someplace probably take a while
**FREE MESSAGE**Thanks for using the Auction Subscription Service. 18 . 150p/MSGRCVD 2 Skip an Auction txt OUT. 2 Unsubscribe txt STOP CustomerCare 08718726270,1,general_spam,english,uci,free message thanks for using the auction subscription service 18 150p msgrcvd 2 skip an auction txt out 2 unsubscribe txt stop customercare
Law enforcement se bol raha hoon. Aapka Aadhaar deactivate hone wala hai. Turant update kijiye.,1,bank_kyc,hinglish,indian,law enforcement se bol raha hoon aapka aadhaar deactivate hone wala hai turant update kijiye
Lul im gettin some juicy gossip at the hospital. Two nurses are talking about how fat they are gettin. And one thinks shes obese. Oyea.,0,none,english,uci,lul im gettin some juicy gossip at the hospital two nurses are talking about how fat they are gettin and one thinks shes obese oyea
ITS A LAPTOP TAKE IT WITH YOU.,0,none,english,uci,its a laptop take it with you
Hey cutie. How goes it? Here in WALES its kinda ok. There is like hills and shit but i still avent killed myself. ,0,none,english,uci,hey cutie how goes it here in wales its kinda ok there is like hills and shit but i still avent killed myself
"Come around  &lt;DECIMAL&gt; pm vikky..i'm otside nw, il come by tht time",0,none,english,uci,come around pm vikky i m otside nw il come by tht time
I dont thnk its a wrong calling between us,0,none,english,uci,i dont thnk its a wrong calling between us
Good Morning my Dear Shijutta........... Have a great &amp; successful day.,0,none,english,uci,good morning my dear shijutta have a great successful day
"Forgot you were working today! Wanna chat, but things are ok so drop me a text when you're free / bored etc and i'll ring. Hope all is well, nose essay and all xx",0,none,english,uci,forgot you were working today wanna chat but things are ok so drop me a text when you re free bored etc and i ll ring hope all is well nose essay and all xx
No problem. How are you doing?,0,none,english,uci,no problem how are you doing
Hello ma'am Aapka mobile number cyber fraud investigation mein aaya hai.,1,police_digital_arrest,hinglish,indian,hello ma am aapka mobile number cyber fraud investigation mein aaya hai
"Ok thats cool. Its , just off either raglan rd or edward rd. Behind the cricket ground. Gimme ring when ur closeby see you tuesday.",0,none,english,uci,ok thats cool its just off either raglan rd or edward rd behind the cricket ground gimme ring when ur closeby see you tuesday
"Hello darling how are you today? I would love to have a chat, why dont you tell me what you look like and what you are in to sexy?",1,general_spam,english,uci,hello darling how are you today i would love to have a chat why dont you tell me what you look like and what you are in to sexy
K go and sleep well. Take rest:-).,0,none,english,uci,k go and sleep well take rest
So that means you still think of teju,0,none,english,uci,so that means you still think of teju
It's é only $140 ard...É rest all ard $180 at least...Which is é price 4 é 2 bedrm ($900),0,none,english,uci,it s only 140 ard rest all ard 180 at least which is price 4 2 bedrm 900
FREE entry into our £250 weekly comp just send the word ENTER to 84128 NOW. 18 T&C www.textcomp.com cust care 08712405020.,1,general_spam,english,uci,free entry into our 250 weekly comp just send the word enter to 84128 now 18 t c cust care
7 lor... Change 2 suntec... Wat time u coming?,0,none,english,uci,7 lor change 2 suntec wat time u coming
(Bank of Granite issues Strong-Buy) EXPLOSIVE PICK FOR OUR MEMBERS *****UP OVER 300% *********** Nasdaq Symbol CDGT That is a $5.00 per..,1,general_spam,english,uci,bank of granite issues strong buy explosive pick for our members up over 300 nasdaq symbol cdgt that is a 5 00 per
I've told you everything will stop. Just dont let her get dehydrated.,0,none,english,uci,i ve told you everything will stop just dont let her get dehydrated
Was actually about to send you a reminder today. Have a wonderful weekend,0,none,english,uci,was actually about to send you a reminder today have a wonderful weekend
I was at bugis juz now wat... But now i'm walking home oredi... Ü so late then reply... I oso saw a top dat i like but din buy... Where r ü now? ,0,none,english,uci,i was at bugis juz now wat but now i m walking home oredi so late then reply i oso saw a top dat i like but din buy where r now
Cos i was out shopping wif darren jus now n i called him 2 ask wat present he wan lor. Then he started guessing who i was wif n he finally guessed darren lor.,0,none,english,uci,cos i was out shopping wif darren jus now n i called him 2 ask wat present he wan lor then he started guessing who i was wif n he finally guessed darren lor
"A cute thought for friendship: ""Its not necessary to share every secret with ur close Frnd, but watever u shared should be true""....",0,none,english,uci,a cute thought for friendship its not necessary to share every secret with ur close frnd but watever u shared should be true
Beerage?,0,none,english,uci,beerage
"By the way, make sure u get train to worc foregate street not shrub hill. Have fun night x",0,none,english,uci,by the way make sure u get train to worc foregate street not shrub hill have fun night x
Nope i'll come online now..,0,none,english,uci,nope i ll come online now
I wonder if you'll get this text?,0,none,english,uci,i wonder if you ll get this text
Or ill be a little closer like at the bus stop on the same street,0,none,english,uci,or ill be a little closer like at the bus stop on the same street
Ok going to sleep. Hope i can meet her.,0,none,english,uci,ok going to sleep hope i can meet her
"For ur chance to win a £250 cash every wk TXT: ACTION to 80608. T's&C's www.movietrivia.tv custcare 08712405022, 1x150p/wk",1,general_spam,english,uci,for ur chance to win a 250 cash every wk txt action to 80608 t s c s custcare 1x150p wk
Happy birthday... May all ur dreams come true...,0,none,english,uci,happy birthday may all ur dreams come true
"Ji namaskar Aapke father ko accident ho gaya hai. Turant 50,000 bhej dijiye hospital ke liye.",1,relative,hinglish,indian,ji namaskar aapke father ko accident ho gaya hai turant 50 000 bhej dijiye hospital ke liye
Exactly. Anyways how far. Is jide her to study or just visiting,0,none,english,uci,exactly anyways how far is jide her to study or just visiting
My supervisor find 4 me one lor i thk his students. I havent ask her yet. Tell u aft i ask her.,0,none,english,uci,my supervisor find 4 me one lor i thk his students i havent ask her yet tell u aft i ask her
Wat makes u thk i'll fall down. But actually i thk i'm quite prone 2 falls. Lucky my dad at home i ask him come n fetch me already.,0,none,english,uci,wat makes u thk i ll fall down but actually i thk i m quite prone 2 falls lucky my dad at home i ask him come n fetch me already
Detroit. The home of snow. Enjoy it.,0,none,english,uci,detroit the home of snow enjoy it
I am in a marriage function,0,none,english,uci,i am in a marriage function
Anytime...,0,none,english,uci,anytime
From 5 to 2 only my work timing.,0,none,english,uci,from 5 to 2 only my work timing
Ok... The theory test? when are ü going to book? I think it's on 21 may. Coz thought wanna go out with jiayin. But she isnt free,0,none,english,uci,ok the theory test when are going to book i think it s on 21 may coz thought wanna go out with jiayin but she isnt free
Law enforcement se bol raha hoon. Ek gang aapke number ka misuse karke gande videos bana raha hai. Turant verify karna hoga.,1,police_blackmail,hinglish,indian,law enforcement se bol raha hoon ek gang aapke number ka misuse karke gande videos bana raha hai turant verify karna hoga
Auntie huai juan never pick up her phone,0,none,english,uci,auntie huai juan never pick up her phone
Call me when u finish then i come n pick u.,0,none,english,uci,call me when u finish then i come n pick u
Then anything special?,0,none,english,uci,then anything special
Well. Balls. Time to make calls,0,none,english,uci,well balls time to make calls
I have no money 4 steve mate! !,0,none,english,uci,i have no money 4 steve mate
Delhi Police se bol raha hoon. Aapka number telecom fraud case mein identify hua hai.,1,police_digital_arrest,hinglish,indian,delhi police se bol raha hoon aapka number telecom fraud case mein identify hua hai
Ji namaskar Aapka KYC pending hai. Account 2 ghante mein block ho jayega. OTP share kijiye.,1,lottery,hinglish,indian,ji namaskar aapka kyc pending hai account 2 ghante mein block ho jayega otp share kijiye
I asked you to call him now ok,0,none,english,uci,i asked you to call him now ok
"As I entered my cabin my PA said, '' Happy B'day Boss !!''. I felt special. She askd me 4 lunch. After lunch she invited me to her apartment. We went there.",0,none,english,uci,as i entered my cabin my pa said happy b day boss i felt special she askd me 4 lunch after lunch she invited me to her apartment we went there
Then ur sis how?,0,none,english,uci,then ur sis how
Lol boo I was hoping for a laugh,0,none,english,uci,lol boo i was hoping for a laugh
Delhi Police se bol raha hoon. Investigation ke liye aapki identity verify karni hogi.,1,police_digital_arrest,hinglish,indian,delhi police se bol raha hoon investigation ke liye aapki identity verify karni hogi
U dun say so early hor... U c already then say...,0,none,english,uci,u dun say so early hor u c already then say
Quite late lar... Ard 12 anyway i wun b drivin...,0,none,english,uci,quite late lar ard 12 anyway i wun b drivin
Yoyyooo u know how to change permissions for a drive in mac. My usb flash drive,0,none,english,uci,yoyyooo u know how to change permissions for a drive in mac my usb flash drive
"Ups which is 3days also, and the shipping company that takes 2wks. The other way is usps which takes a week but when it gets to lag you may have to bribe nipost to get your stuff.",0,none,english,uci,ups which is 3days also and the shipping company that takes 2wks the other way is usps which takes a week but when it gets to lag you may have to bribe nipost to get your stuff
Enjoy the jamster videosound gold club with your credits for 2 new videosounds+2 logos+musicnews! get more fun from jamster.co.uk! 16+only Help? call: 09701213186 ,1,general_spam,english,uci,enjoy the jamster videosound gold club with your credits for 2 new videosounds 2 logos musicnews get more fun from jamster co uk 16 only help call
Do you hide anythiing or keeping distance from me,0,none,english,uci,do you hide anythiing or keeping distance from me
C movie is juz last minute decision mah. Juz watch 2 lar but i tot ü not interested.,0,none,english,uci,c movie is juz last minute decision mah juz watch 2 lar but i tot not interested
Delhi Police se bol raha hoon. Aapka Aadhaar deactivate hone wala hai. Turant update kijiye.,1,amazon,hinglish,indian,delhi police se bol raha hoon aapka aadhaar deactivate hone wala hai turant update kijiye
Guess which pub im in? Im as happy as a pig in clover or whatever the saying is! ,0,none,english,uci,guess which pub im in im as happy as a pig in clover or whatever the saying is
Thanks for picking up the trash.,0,none,english,uci,thanks for picking up the trash
wamma get laid?want real doggin locations sent direct to your mobile? join the UKs largest dogging network. txt dogs to 69696 now!nyt. ec2a. 3lp £1.50/msg.,1,general_spam,english,uci,wamma get laid want real doggin locations sent direct to your mobile join the uks largest dogging network txt dogs to 69696 now nyt ec2a 3lp 1 50 msg
Are you still getting the goods.,0,none,english,uci,are you still getting the goods
" came to look at the flat, seems ok, in his 50s? * Is away alot wiv work. Got woman coming at 6.30 too.",0,none,english,uci,came to look at the flat seems ok in his 50s is away alot wiv work got woman coming at 6 30 too
"whatever, im pretty pissed off.",0,none,english,uci,whatever im pretty pissed off
Tmr timin still da same wat cos i got lesson until 6...,0,none,english,uci,tmr timin still da same wat cos i got lesson until 6
LOL that would be awesome payback.,0,none,english,uci,lol that would be awesome payback
If you were/are free i can give. Otherwise nalla adi entey nattil kittum,0,none,english,uci,if you were are free i can give otherwise nalla adi entey nattil kittum
Will be office around 4 pm. Now i am going hospital.,0,none,english,uci,will be office around 4 pm now i am going hospital
Haf u found him? I feel so stupid da v cam was working.,0,none,english,uci,haf u found him i feel so stupid da v cam was working
"Your account has been credited with 500 FREE Text Messages. To activate, just txt the word: CREDIT to No: 80488 T&Cs www.80488.biz",1,general_spam,english,uci,your account has been credited with 500 free text messages to activate just txt the word credit to no 80488 t cs
Prepare to be pounded every night...,0,none,english,uci,prepare to be pounded every night
excellent. I spent  &lt;#&gt;  years in the Air Force. Iraq and afghanistan. I am stable and honest. do you like traveling?,0,none,english,uci,excellent i spent years in the air force iraq and afghanistan i am stable and honest do you like traveling
U don't know how stubborn I am. I didn't even want to go to the hospital. I kept telling Mark I'm not a weak sucker. Hospitals are for weak suckers.,0,none,english,uci,u don t know how stubborn i am i didn t even want to go to the hospital i kept telling mark i m not a weak sucker hospitals are for weak suckers
"HOT LIVE FANTASIES call now 08707509020 Just 20p per min NTT Ltd, PO Box 1327 Croydon CR9 5WB 0870 is a national rate call",1,general_spam,english,uci,hot live fantasies call now just 20p per min ntt ltd po box 1327 croydon cr9 5wb 0870 is a national rate call
Namaste sir Congratulations! Aapne ₹40 lakh ka lottery jeeta hai. Processing fee dena hoga.,1,bank_kyc,hinglish,indian,namaste sir congratulations aapne 40 lakh ka lottery jeeta hai processing fee dena hoga
Ok both our days. So what are you making for dinner tonite? Am I invited?,0,none,english,uci,ok both our days so what are you making for dinner tonite am i invited
URGENT! We are trying to contact you. Last weekends draw shows that you have won a £900 prize GUARANTEED. Call 09061701939. Claim code S89. Valid 12hrs only,1,general_spam,english,uci,urgent we are trying to contact you last weekends draw shows that you have won a 900 prize guaranteed call claim code s89 valid 12hrs only
Inspector Rajesh Kumar bol raha hoon. Aapke naam par money laundering case register hua hai.,1,police_digital_arrest,hinglish,indian,inspector rajesh kumar bol raha hoon aapke naam par money laundering case register hua hai
Good morning princess! Have a great day!,0,none,english,uci,good morning princess have a great day
I wish u were here. I feel so alone,0,none,english,uci,i wish u were here i feel so alone
I just really need shit before tomorrow and I know you won't be awake before like 6,0,none,english,uci,i just really need shit before tomorrow and i know you won t be awake before like 6
I'm home.,0,none,english,uci,i m home
No no:)this is kallis home ground.amla home town is durban:),0,none,english,uci,no no this is kallis home ground amla home town is durban
"Hi, Mobile no.  &lt;#&gt;  has added you in their contact list on www.fullonsms.com It s a great place to send free sms to people For more visit fullonsms.com",0,none,english,uci,hi mobile no has added you in their contact list on it s a great place to send free sms to people for more visit fullonsms com
No. To be nosy I guess. Idk am I over reacting if I'm freaked?,0,none,english,uci,no to be nosy i guess idk am i over reacting if i m freaked
"National Cyber Cell se bol raha hoon. Aapke father ko accident ho gaya hai. Turant 50,000 bhej dijiye hospital ke liye.",1,bank_kyc,hinglish,indian,national cyber cell se bol raha hoon aapke father ko accident ho gaya hai turant 50 000 bhej dijiye hospital ke liye
Goodmorning sleeping ga.,0,none,english,uci,goodmorning sleeping ga
Go where n buy? Juz buy when we get there lar.,0,none,english,uci,go where n buy juz buy when we get there lar
Lol ... I knew that .... I saw him in the dollar store,0,none,english,uci,lol i knew that i saw him in the dollar store
Nothing will ever be easy. But don't be looking for a reason not to take a risk on life and love,0,none,english,uci,nothing will ever be easy but don t be looking for a reason not to take a risk on life and love
"LOOK AT AMY URE A BEAUTIFUL, INTELLIGENT WOMAN AND I LIKE U A LOT. I KNOW U DONT LIKE ME LIKE THAT SO DONT WORRY.",0,none,english,uci,look at amy ure a beautiful intelligent woman and i like u a lot i know u don t like me like that so don t worry
"We're all getting worried over here, derek and taylor have already assumed the worst",0,none,english,uci,we re all getting worried over here derek and taylor have already assumed the worst
Yes I know the cheesy songs from frosty the snowman :),0,none,english,uci,yes i know the cheesy songs from frosty the snowman
"Perhaps * is much easy give your account identification, so i will tomorrow at UNI",0,none,english,uci,perhaps is much easy give your account identification so i will tomorrow at uni
U wake up already? Thanx 4 e tau sar piah it's quite nice.,0,none,english,uci,u wake up already thanx 4 e tau sar piah it s quite nice
Yep then is fine 7.30 or 8.30 for ice age.,0,none,english,uci,yep then is fine 7 30 or 8 30 for ice age
Madam ek minute Aapke documents ka misuse karke financial fraud kiya gaya hai.,1,police_digital_arrest,hinglish,indian,madam ek minute aapke documents ka misuse karke financial fraud kiya gaya hai
A £400 XMAS REWARD IS WAITING FOR YOU! Our computer has randomly picked you from our loyal mobile customers to receive a £400 reward. Just call 09066380611 ,1,general_spam,english,uci,a 400 xmas reward is waiting for you our computer has randomly picked you from our loyal mobile customers to receive a 400 reward just call
"Hello ji Amazon se bol raha hoon. Aapka parcel hold hai, clearance charge ₹499 dena hoga.",1,bank_kyc,hinglish,indian,hello ji amazon se bol raha hoon aapka parcel hold hai clearance charge 499 dena hoga
Enjoy ur life. . Good night,0,none,english,uci,enjoy ur life good night
Namaste sir Aapka number telecom fraud case mein identify hua hai.,1,police_digital_arrest,hinglish,indian,namaste sir aapka number telecom fraud case mein identify hua hai
Oops. 4 got that bit.,0,none,english,uci,oops 4 got that bit
Feel like trying kadeem again? :V,0,none,english,uci,feel like trying kadeem again v
IM GONNA MISS U SO MUCH,0,none,english,uci,im gonna miss u so much
"Geeee ... I miss you already, you know ? Your all I can think about. Fuck, I can't wait till next year when we will be together ... *loving kiss*",0,none,english,uci,geeee i miss you already you know your all i can think about fuck i can t wait till next year when we will be together loving kiss
Hello ji Aapke naam par registered SIM ka misuse report hua hai.,1,police_digital_arrest,hinglish,indian,hello ji aapke naam par registered sim ka misuse report hua hai
"Oh, my love, it's soooo good to hear from you. Omg I missed you so much today. I'm sorry your having problems with the provider but thank you for tming me",0,none,english,uci,oh my love it s soooo good to hear from you omg i missed you so much today i m sorry your having problems with the provider but thank you for tming me
Hello beautiful r u ok? I've kinda ad a row wiv and he walked out the pub?? I wanted a night wiv u Miss u ,0,none,english,uci,hello beautiful r u ok i ve kinda ad a row wiv and he walked out the pub i wanted a night wiv u miss u
I asked sen to come chennai and search for job.,0,none,english,uci,i asked sen to come chennai and search for job
08714712388 between 10am-7pm Cost 10p,1,general_spam,english,uci,between 10am 7pm cost 10p
I know you mood off today,0,none,english,uci,i know you mood off today
"When I was born, GOD said, ""Oh No! Another IDIOT"". When you were born, GOD said, ""OH No! COMPETITION"". Who knew, one day these two will become FREINDS FOREVER!",0,none,english,uci,when i was born god said oh no another idiot when you were born god said oh no competition who knew one day these two will become freinds forever
Nt yet chikku..simple habba..hw abt u?,0,none,english,uci,nt yet chikku simple habba hw abt u
Where u been hiding stranger?,0,none,english,uci,where u been hiding stranger
I came hostel. I m going to sleep. Plz call me up before class. Hrishi.,0,none,english,uci,i came hostel i m going to sleep plz call me up before class hrishi
Inspector Rajesh Kumar bol raha hoon. Aapka number telecom fraud case mein identify hua hai.,1,police_digital_arrest,hinglish,indian,inspector rajesh kumar bol raha hoon aapka number telecom fraud case mein identify hua hai
"Hi the way I was with u 2day, is the normal way&this is the real me. UR unique&I hope I know u 4 the rest of mylife. Hope u find wot was lost.",0,none,english,uci,hi the way i was with u 2day is the normal way this is the real me ur unique i hope i know u 4 the rest of mylife hope u find wot was lost
I will send them to your email. Do you mind  &lt;#&gt;  times per night?,0,none,english,uci,i will send them to your email do you mind times per night
Did he just say somebody is named tampa,0,none,english,uci,did he just say somebody is named tampa
Where are the garage keys? They aren't on the bookshelf,0,none,english,uci,where are the garage keys they aren t on the bookshelf
"Awesome, be there in a minute",0,none,english,uci,awesome be there in a minute
Did you see that film:),0,none,english,uci,did you see that film
Hello- thanx for taking that call. I got a job! Starts on monday!,0,none,english,uci,hello thanx for taking that call i got a job starts on monday
Hey i've booked the pilates and yoga lesson already... Haha,0,none,english,uci,hey i ve booked the pilates and yoga lesson already haha
"Got hella gas money, want to go on a grand nature adventure with galileo in a little bit?",0,none,english,uci,got hella gas money want to go on a grand nature adventure with galileo in a little bit
"Yeah why not, is the gang all ready",0,none,english,uci,yeah why not is the gang all ready
I know she called me,0,none,english,uci,i know she called me
";-( oh well, c u later",0,none,english,uci,oh well c u later
K fyi x has a ride early tomorrow morning but he's crashing at our place tonight,0,none,english,uci,k fyi x has a ride early tomorrow morning but he s crashing at our place tonight
I am great princess! What are you thinking about me? :),0,none,english,uci,i am great princess what are you thinking about me
Dear Dave this is your final notice to collect your 4* Tenerife Holiday or #5000 CASH award! Call 09061743806 from landline. TCs SAE Box326 CW25WX 150ppm,1,general_spam,english,uci,dear dave this is your final notice to collect your 4 tenerife holiday or 5000 cash award call from landline tcs sae box326 cw25wx 150ppm
Congratulations ur awarded either a yrs supply of CDs from Virgin Records or a Mystery Gift GUARANTEED Call 09061104283 Ts&Cs www.smsco.net £1.50pm approx 3mins,1,general_spam,english,uci,congratulations ur awarded either a yrs supply of cds from virgin records or a mystery gift guaranteed call ts cs 1 50pm approx 3mins
"Ji haan suniye Amazon se bol raha hoon. Aapka parcel hold hai, clearance charge ₹499 dena hoga.",1,bank_kyc,hinglish,indian,ji haan suniye amazon se bol raha hoon aapka parcel hold hai clearance charge 499 dena hoga
"Madam ek minute Amazon se bol raha hoon. Aapka parcel hold hai, clearance charge ₹499 dena hoga.",1,relative,hinglish,indian,madam ek minute amazon se bol raha hoon aapka parcel hold hai clearance charge 499 dena hoga
Think I could stop by in like an hour or so? My roommate's looking to stock up for a trip,0,none,english,uci,think i could stop by in like an hour or so my roommate s looking to stock up for a trip
More people are dogging in your area now. Call 09090204448 and join like minded guys. Why not arrange 1 yourself. There's 1 this evening. A£1.50 minAPN LS278BB,1,general_spam,english,uci,more people are dogging in your area now call and join like minded guys why not arrange 1 yourself there s 1 this evening a 1 50 minapn ls278bb
So i asked how's anthony. Dad. And your bf,0,none,english,uci,so i asked how s anthony dad and your bf
Bugis oso near wat... ,0,none,english,uci,bugis oso near wat
S:-)kallis wont play in first two odi:-),0,none,english,uci,s kallis wont play in first two odi
I hope you know I'm still mad at you.,0,none,english,uci,i hope you know i m still mad at you
Hmmm.still we dont have opener?,0,none,english,uci,hmmm still we dont have opener
"Someone U know has asked our dating service 2 contact you! Cant guess who? CALL 09058095107 NOW all will be revealed. POBox 7, S3XY 150p ",1,general_spam,english,uci,someone u know has asked our dating service 2 contact you cant guess who call now all will be revealed pobox 7 s3xy 150p
Yup... How ü noe leh...,0,none,english,uci,yup how noe leh
"Law enforcement se bol raha hoon. Aapke father ko accident ho gaya hai. Turant 50,000 bhej dijiye hospital ke liye.",1,aadhaar,hinglish,indian,law enforcement se bol raha hoon aapke father ko accident ho gaya hai turant 50 000 bhej dijiye hospital ke liye
Yeah but which is worse for i,0,none,english,uci,yeah but which is worse for i
No problem. Talk to you later,0,none,english,uci,no problem talk to you later
"Free-message: Jamster!Get the crazy frog sound now! For poly text MAD1, for real text MAD2 to 88888. 6 crazy sounds for just 3 GBP/week! 16+only! T&C's apply",1,general_spam,english,uci,free message jamster get the crazy frog sound now for poly text mad1 for real text mad2 to 88888 6 crazy sounds for just 3 gbp week 16 only t c s apply
Me hungry buy some food good lei... But mum n yun dun wan juz buy a little bit... ,0,none,english,uci,me hungry buy some food good lei but mum n yun dun wan juz buy a little bit
Delhi Police se bol raha hoon. Aapke WhatsApp se ladies ko asleel messages bheje ja rahe hain. Aapko suspect maana ja raha hai.,1,police_blackmail,hinglish,indian,delhi police se bol raha hoon aapke whatsapp se ladies ko asleel messages bheje ja rahe hain aapko suspect maana ja raha hai
ROMCAPspam Everyone around should be responding well to your presence since you are so warm and outgoing. You are bringing in a real breath of sunshine.,1,general_spam,english,uci,romcapspam everyone around should be responding well to your presence since you are so warm and outgoing you are bringing in a real breath of sunshine
Hello sir Aapka mobile number cyber fraud investigation mein aaya hai.,1,police_digital_arrest,hinglish,indian,hello sir aapka mobile number cyber fraud investigation mein aaya hai
Neshanth..tel me who r u?,0,none,english,uci,neshanth tel me who r u
Delhi Police se bol raha hoon. Aapka Aadhaar deactivate hone wala hai. Turant update kijiye.,1,lottery,hinglish,indian,delhi police se bol raha hoon aapka aadhaar deactivate hone wala hai turant update kijiye
Wife.how she knew the time of murder exactly,0,none,english,uci,wife how she knew the time of murder exactly
"U've been selected to stay in 1 of 250 top British hotels - FOR NOTHING! Holiday valued at £350! Dial 08712300220 to claim - National Rate Call. Bx526, SW73SS",1,general_spam,english,uci,u ve been selected to stay in 1 of 250 top british hotels for nothing holiday valued at 350 dial to claim national rate call bx526 sw73ss
No calls..messages..missed calls,0,none,english,uci,no calls messages missed calls
Namaste ma'am Aapki morphed photos viral ho rahi hain. Cyber cell ne case register kar liya hai.,1,police_blackmail,hinglish,indian,namaste ma am aapki morphed photos viral ho rahi hain cyber cell ne case register kar liya hai
Yep. I do like the pink furniture tho.,0,none,english,uci,yep i do like the pink furniture tho
He remains a bro amongst bros,0,none,english,uci,he remains a bro amongst bros
Its  &lt;#&gt; k here oh. Should i send home for sale.,0,none,english,uci,its k here oh should i send home for sale
I'm sick !! I'm needy !! I want you !! *pouts* *stomps feet* Where are you ?! *pouts* *stomps feet* I want my slave !! I want him now !!,0,none,english,uci,i m sick i m needy i want you pouts stomps feet where are you pouts stomps feet i want my slave i want him now
"Sir, Waiting for your mail.",0,none,english,uci,sir waiting for your mail
"Ta-Daaaaa! I am home babe, are you still up ?",0,none,english,uci,ta daaaaa i am home babe are you still up
Had your mobile 11 months or more? U R entitled to Update to the latest colour mobiles with camera for Free! Call The Mobile Update Co FREE on 08002986030,1,general_spam,english,uci,had your mobile 11 months or more u r entitled to update to the latest colour mobiles with camera for free call the mobile update co free on
U have a secret admirer who is looking 2 make contact with U-find out who they R*reveal who thinks UR so special-call on 09058094599,1,general_spam,english,uci,u have a secret admirer who is looking 2 make contact with u find out who they r reveal who thinks ur so special call on
Ok thanx... Take care then...,0,none,english,uci,ok thanx take care then
Okey dokey swashbuckling stuff what oh.,0,none,english,uci,okey dokey swashbuckling stuff what oh
"We know TAJ MAHAL as symbol of love. But the other lesser known facts 1. Mumtaz was Shahjahan's 4th wife, out of his 7 wifes. 2. Shahjahan killed Mumtaz's husband to marry her. 3. Mumtaz died in her  &lt;#&gt; th delivery. 4. He then married Mumtaz's sister. Question arises where the Hell is the LOVE?:-| -The Great Hari-",0,none,english,uci,we know taj mahal as symbol of love but the other lesser known facts 1 mumtaz was shahjahan s 4th wife out of his 7 wifes 2 shahjahan killed mumtaz s husband to marry her 3 mumtaz died in her th delivery 4 he then married mumtaz s sister question arises where the hell is the love the great hari
Lmao but its so fun...,0,none,english,uci,lmao but its so fun
Namaste ma'am Aapka KYC pending hai. Account 2 ghante mein block ho jayega. OTP share kijiye.,1,amazon,hinglish,indian,namaste ma am aapka kyc pending hai account 2 ghante mein block ho jayega otp share kijiye
Well she's in for a big surprise!,0,none,english,uci,well she s in for a big surprise
Panasonic & BluetoothHdset FREE. Nokia FREE. Motorola FREE & DoubleMins & DoubleTxt on Orange contract. Call MobileUpd8 on 08000839402 or call 2optout,1,general_spam,english,uci,panasonic bluetoothhdset free nokia free motorola free doublemins doubletxt on orange contract call mobileupd8 on or call 2optout
Crime Branch se bol raha hoon. National Cyber Cell se bol raha hoon. Verification ke liye cooperate kijiye.,1,police_digital_arrest,hinglish,indian,crime branch se bol raha hoon national cyber cell se bol raha hoon verification ke liye cooperate kijiye
ACP Sharma bol raha hoon. Aapke Aadhaar card ka istemal karke fake SIM issue ki gayi hai.,1,police_digital_arrest,hinglish,indian,acp sharma bol raha hoon aapke aadhaar card ka istemal karke fake sim issue ki gayi hai
"I've not called you in a while. This is hoping it was l8r malaria and that you know that we miss you guys. I miss Bani big, so pls give her my love especially. Have a great day.",0,none,english,uci,i ve not called you in a while this is hoping it was l8r malaria and that you know that we miss you guys i miss bani big so pls give her my love especially have a great day
Tell dear what happen to you. Why you talking to me like an alian,0,none,english,uci,tell dear what happen to you why you talking to me like an alian
"Spoke with uncle john today. He strongly feels that you need to sacrifice to keep me here. He's going to call you. When he does, i beg you to just listen. Dont make any promises or make it clear things are not easy. And i need you to please let us work things out. As long as i keep expecting help, my creativity will be stifled so pls just keep him happy, no promises on your part.",0,none,english,uci,spoke with uncle john today he strongly feels that you need to sacrifice to keep me here he s going to call you when he does i beg you to just listen dont make any promises or make it clear things are not easy and i need you to please let us work things out as long as i keep expecting help my creativity will be stifled so pls just keep him happy no promises on your part
Sir ek minute suniye Congratulations! Aapne ₹40 lakh ka lottery jeeta hai. Processing fee dena hoga.,1,amazon,hinglish,indian,sir ek minute suniye congratulations aapne 40 lakh ka lottery jeeta hai processing fee dena hoga
YOU ARE CHOSEN TO RECEIVE A £350 AWARD! Pls call claim number 09066364311 to collect your award which you are selected to receive as a valued mobile customer.,1,general_spam,english,uci,you are chosen to receive a 350 award pls call claim number to collect your award which you are selected to receive as a valued mobile customer
Boy; I love u Grl: Hogolo Boy: gold chain kodstini Grl: Agalla Boy: necklace madstini Grl: agalla Boy: Hogli 1 mutai eerulli kodthini! Grl: I love U kano;-),0,none,english,uci,boy i love u grl hogolo boy gold chain kodstini grl agalla boy necklace madstini grl agalla boy hogli 1 mutai eerulli kodthini grl i love u kano
We currently have a message awaiting your collection. To collect your message just call 08718723815.,1,general_spam,english,uci,we currently have a message awaiting your collection to collect your message just call
That's significant but dont worry.,0,none,english,uci,that s significant but dont worry
It vl bcum more difficult..,0,none,english,uci,it vl bcum more difficult
My birthday is on feb  &lt;#&gt;  da. .,0,none,english,uci,my birthday is on feb da
Let me know how to contact you. I've you settled in a room. Lets know you are ok.,0,none,english,uci,let me know how to contact you i ve you settled in a room lets know you are ok
CBI se bol raha hoon. Aapka KYC pending hai. Account 2 ghante mein block ho jayega. OTP share kijiye.,1,amazon,hinglish,indian,cbi se bol raha hoon aapka kyc pending hai account 2 ghante mein block ho jayega otp share kijiye
"Den only weekdays got special price... Haiz... Cant eat liao... Cut nails oso muz wait until i finish drivin wat, lunch still muz eat wat... ",0,none,english,uci,den only weekdays got special price haiz cant eat liao cut nails oso muz wait until i finish drivin wat lunch still muz eat wat
I absolutely LOVE South Park! I only recently started watching the office.,0,none,english,uci,i absolutely love south park i only recently started watching the office
Oh oh... Den muz change plan liao... Go back have to yan jiu again...,0,none,english,uci,oh oh den muz change plan liao go back have to yan jiu again
"Hi this is yijue, can i meet u at 11 tmr?",0,none,english,uci,hi this is yijue can i meet u at 11 tmr
Its hard to believe things like this. All can say lie but think twice before saying anything to me.,0,none,english,uci,its hard to believe things like this all can say lie but think twice before saying anything to me
Can i get your opinion on something first?,0,none,english,uci,can i get your opinion on something first
You have WON a guaranteed £1000 cash or a £2000 prize. To claim yr prize call our customer service representative on 08714712394 between 10am-7pm,1,general_spam,english,uci,you have won a guaranteed 1000 cash or a 2000 prize to claim yr prize call our customer service representative on between 10am 7pm
I'm wif him now buying tix lar...,0,none,english,uci,i m wif him now buying tix lar
"This is the 2nd time we have tried 2 contact u. U have won the 750 Pound prize. 2 claim is easy, call 08712101358 NOW! Only 10p per min. BT-national-rate",1,general_spam,english,uci,this is the 2nd time we have tried 2 contact u u have won the 750 pound prize 2 claim is easy call now only 10p per min bt national rate
"Sorry, I'll call later in meeting",0,none,english,uci,sorry i ll call later in meeting
"Cool, text me when you head out",0,none,english,uci,cool text me when you head out
Yup... I havent been there before... You want to go for the yoga? I can call up to book ,0,none,english,uci,yup i havent been there before you want to go for the yoga i can call up to book
"aight we can pick some up, you open before tonight?",0,none,english,uci,aight we can pick some up you open before tonight
"That way transport is less problematic than on sat night. By the way, if u want to ask  n  to join my bday, feel free. But need to know definite nos as booking on fri. ",0,none,english,uci,that way transport is less problematic than on sat night by the way if u want to ask n to join my bday feel free but need to know definite nos as booking on fri
"Sometimes we put walls around our hearts,not just to be safe from getting hurt.. But to find out who cares enough to break the walls &amp; get closer.. GOODNOON:)",0,none,english,uci,sometimes we put walls around our hearts not just to be safe from getting hurt but to find out who cares enough to break the walls get closer goodnoon
Great. Have a safe trip. Dont panic surrender all.,0,none,english,uci,great have a safe trip dont panic surrender all
CBI se bol raha hoon. Aapka number telecom fraud case mein identify hua hai.,1,police_digital_arrest,hinglish,indian,cbi se bol raha hoon aapka number telecom fraud case mein identify hua hai
Dhyan se suniye Aapka Aadhaar deactivate hone wala hai. Turant update kijiye.,1,amazon,hinglish,indian,dhyan se suniye aapka aadhaar deactivate hone wala hai turant update kijiye
Law enforcement se bol raha hoon. Aapke naam par registered account illegal activities mein use hua hai.,1,police_digital_arrest,hinglish,indian,law enforcement se bol raha hoon aapke naam par registered account illegal activities mein use hua hai
From someone not to smoke when every time I've smoked in the last two weeks is because of you calling or texting me that you wanted to smoke,0,none,english,uci,from someone not to smoke when every time i ve smoked in the last two weeks is because of you calling or texting me that you wanted to smoke
Where at were hungry too,0,none,english,uci,where at were hungry too
He says hi and to get your ass back to south tampa (preferably at a kegger),0,none,english,uci,he says hi and to get your ass back to south tampa preferably at a kegger
How much is torch in 9ja.,0,none,english,uci,how much is torch in 9ja
There bold 2  &lt;#&gt; . Is that yours,0,none,english,uci,there bold 2 is that yours
"Mon okie lor... Haha, best is cheap n gd food la, ex oso okie... Depends on whether wana eat western or chinese food... Den which u prefer... ",0,none,english,uci,mon okie lor haha best is cheap n gd food la ex oso okie depends on whether wana eat western or chinese food den which u prefer
For The First Time In The History 'Need' 'Comfort' And 'Luxury' Are Sold At Same Price In India..!! Onion-Rs. &lt;#&gt;  Petrol-Rs. &lt;#&gt;  Beer-Rs. &lt;#&gt;  SHESIL  &lt;#&gt;,0,none,english,uci,for the first time in the history need comfort and luxury are sold at same price in india onion rs petrol rs beer rs shesil
X2  &lt;#&gt; . Are you going to get that,0,none,english,uci,x2 are you going to get that
I can't believe how attached I am to seeing you every day. I know you will do the best you can to get to me babe. I will go to teach my class at your midnight,0,none,english,uci,i can t believe how attached i am to seeing you every day i know you will do the best you can to get to me babe i will go to teach my class at your midnight
"Hello ji Amazon se bol raha hoon. Aapka parcel hold hai, clearance charge ₹499 dena hoga.",1,lottery,hinglish,indian,hello ji amazon se bol raha hoon aapka parcel hold hai clearance charge 499 dena hoga
I went to ur hon lab but no one is there.,0,none,english,uci,i went to ur hon lab but no one is there
"Urgent! Please call 0906346330. Your ABTA complimentary 4* Spanish Holiday or £10,000 cash await collection SAE T&Cs BOX 47 PO19 2EZ 150ppm 18+",1,general_spam,english,uci,urgent please call your abta complimentary 4 spanish holiday or 10 000 cash await collection sae t cs box 47 po19 2ez 150ppm 18
Yes but can we meet in town cos will go to gep and then home. You could text at bus stop. And don't worry we'll have finished by march … ish!,0,none,english,uci,yes but can we meet in town cos will go to gep and then home you could text at bus stop and don t worry we ll have finished by march ish
XMAS Prize draws! We are trying to contact U. Todays draw shows that you have won a £2000 prize GUARANTEED. Call 09058094565 from land line. Valid 12hrs only,1,general_spam,english,uci,xmas prize draws we are trying to contact u todays draw shows that you have won a 2000 prize guaranteed call from land line valid 12hrs only
Is there coming friday is leave for pongal?do you get any news from your work place.,0,none,english,uci,is there coming friday is leave for pongal do you get any news from your work place
Reply to win £100 weekly! What professional sport does Tiger Woods play? Send STOP to 87239 to end service,1,general_spam,english,uci,reply to win 100 weekly what professional sport does tiger woods play send stop to 87239 to end service
Yup ok thanx...,0,none,english,uci,yup ok thanx
Ok... Ur typical reply...,0,none,english,uci,ok ur typical reply
Joy's father is John. Then John is the ____ of Joy's father. If u ans ths you hav  &lt;#&gt;  IQ. Tis s IAS question try to answer.,0,none,english,uci,joy s father is john then john is the of joy s father if u ans ths you hav iq tis s ias question try to answer
"Aight no rush, I'll ask jay",0,none,english,uci,aight no rush i ll ask jay
"Sorry, I'll call later In meeting.",0,none,english,uci,sorry i ll call later in meeting
Good evening! this is roger. How are you?,0,none,english,uci,good evening this is roger how are you
Ji haan suniye Congratulations! Aapne ₹40 lakh ka lottery jeeta hai. Processing fee dena hoga.,1,lottery,hinglish,indian,ji haan suniye congratulations aapne 40 lakh ka lottery jeeta hai processing fee dena hoga
Hey... are you going to quit soon? Xuhui and i working till end of the month ,0,none,english,uci,hey are you going to quit soon xuhui and i working till end of the month
Sir ek minute suniye Cyber Crime Department se bol raha hoon. Aapke number se objectionable content circulate hua hai.,1,police_digital_arrest,hinglish,indian,sir ek minute suniye cyber crime department se bol raha hoon aapke number se objectionable content circulate hua hai
We got a divorce. Lol. She.s here,0,none,english,uci,we got a divorce lol she s here
Get ur 1st RINGTONE FREE NOW! Reply to this msg with TONE. Gr8 TOP 20 tones to your phone every week just £1.50 per wk 2 opt out send STOP 08452810071 16,1,general_spam,english,uci,get ur 1st ringtone free now reply to this msg with tone gr8 top 20 tones to your phone every week just 1 50 per wk 2 opt out send stop 16
Aiyah sorry lor... I watch tv watch until i forgot 2 check my phone.,0,none,english,uci,aiyah sorry lor i watch tv watch until i forgot 2 check my phone
"Latest Nokia Mobile or iPOD MP3 Player +£400 proze GUARANTEED! Reply with: WIN to 83355 now! Norcorp Ltd.£1,50/Mtmsgrcvd18+",1,general_spam,english,uci,latest nokia mobile or ipod mp3 player 400 proze guaranteed reply with win to 83355 now norcorp ltd 1 50 mtmsgrcvd18
"I think I‘m waiting for the same bus! Inform me when you get there, if you ever get there.",0,none,english,uci,i think i m waiting for the same bus inform me when you get there if you ever get there
Hi Dear Call me its urgnt. I don't know whats your problem. You don't want to work or if you have any other problem at least tell me. Wating for your reply.,0,none,english,uci,hi dear call me its urgnt i don t know whats your problem you don t want to work or if you have any other problem at least tell me wating for your reply
If I die I want u to have all my stuffs.,0,none,english,uci,if i die i want u to have all my stuffs
Dunno lei... I might b eatin wif my frens... If ü wan to eat then i wait 4 ü lar,0,none,english,uci,dunno lei i might b eatin wif my frens if wan to eat then i wait 4 lar
WOT U WANNA DO THEN MISSY?,0,none,english,uci,wot u wanna do then missy
"Princess, i like to make love  &lt;#&gt;  times per night. Hope thats not a problem!",0,none,english,uci,princess i like to make love times per night hope thats not a problem
Guess what! Somebody you know secretly fancies you! Wanna find out who it is? Give us a call on 09065394514 From Landline DATEBox1282EssexCM61XN 150p/min 18,1,general_spam,english,uci,guess what somebody you know secretly fancies you wanna find out who it is give us a call on from landline datebox1282essexcm61xn 150p min 18
"If you don't, your prize will go to another customer. T&C at www.t-c.biz 18+ 150p/min Polo Ltd Suite 373 London W1J 6HL Please call back if busy ",1,general_spam,english,uci,if you don t your prize will go to another customer t c at 18 150p min polo ltd suite 373 london w1j 6hl please call back if busy
Ji namaskar Aapke phone number se koi asleel gande images aur videos share kiye ja rahe hain. Ye cyber crime hai.,1,police_blackmail,hinglish,indian,ji namaskar aapke phone number se koi asleel gande images aur videos share kiye ja rahe hain ye cyber crime hai
Near kalainar tv office.thenampet,0,none,english,uci,near kalainar tv office thenampet
Law enforcement se bol raha hoon. Aapke naam par registered SIM ka misuse report hua hai.,1,police_digital_arrest,hinglish,indian,law enforcement se bol raha hoon aapke naam par registered sim ka misuse report hua hai
Dai  &lt;#&gt;  naal eruku.,0,none,english,uci,dai naal eruku
"Idk. You keep saying that you're not, but since he moved, we keep butting heads over freedom vs. responsibility. And i'm tired. I have so much other shit to deal with that i'm barely keeping myself together once this gets added to it.",0,none,english,uci,idk you keep saying that you re not but since he moved we keep butting heads over freedom vs responsibility and i m tired i have so much other shit to deal with that i m barely keeping myself together once this gets added to it
All day working day:)except saturday and sunday..,0,none,english,uci,all day working day except saturday and sunday
Get me out of this dump heap. My mom decided to come to lowes. BORING.,0,none,english,uci,get me out of this dump heap my mom decided to come to lowes boring
Hello ma'am Aapka number telecom fraud case mein identify hua hai.,1,police_digital_arrest,hinglish,indian,hello ma am aapka number telecom fraud case mein identify hua hai
National Cyber Cell se bol raha hoon. Cyber Crime Department se bol raha hoon. Aapke number se objectionable content circulate hua hai.,1,police_digital_arrest,hinglish,indian,national cyber cell se bol raha hoon cyber crime department se bol raha hoon aapke number se objectionable content circulate hua hai
"Delhi Police se bol raha hoon. Amazon se bol raha hoon. Aapka parcel hold hai, clearance charge ₹499 dena hoga.",1,amazon,hinglish,indian,delhi police se bol raha hoon amazon se bol raha hoon aapka parcel hold hai clearance charge 499 dena hoga
They r giving a second chance to rahul dengra.,0,none,english,uci,they r giving a second chance to rahul dengra
CDs 4u: Congratulations ur awarded £500 of CD gift vouchers or £125 gift guaranteed & Freeentry 2 £100 wkly draw xt MUSIC to 87066 TnCs www.ldew.com1win150ppmx3age16 ,1,general_spam,english,uci,cds 4u congratulations ur awarded 500 of cd gift vouchers or 125 gift guaranteed freeentry 2 100 wkly draw xt music to 87066 tncs
LOL ... No just was busy,0,none,english,uci,lol no just was busy
Madam ek minute Aapke khilaaf legal action initiate kiya gaya hai.,1,police_digital_arrest,hinglish,indian,madam ek minute aapke khilaaf legal action initiate kiya gaya hai
Hanging out with my brother and his family,0,none,english,uci,hanging out with my brother and his family
Namaste ma'am Aapke documents ka misuse karke financial fraud kiya gaya hai.,1,police_digital_arrest,hinglish,indian,namaste ma am aapke documents ka misuse karke financial fraud kiya gaya hai
"Thank you, winner notified by sms. Good Luck! No future marketing reply STOP to 84122 customer services 08450542832",1,general_spam,english,uci,thank you winner notified by sms good luck no future marketing reply stop to 84122 customer services
Lol grr my mom is taking forever with my prescription. Pharmacy is like 2 minutes away. Ugh.,0,none,english,uci,lol grr my mom is taking forever with my prescription pharmacy is like 2 minutes away ugh
"Sir ek minute suniye Bhai aaj shaam ko milte hain, coffee pe baat karte hain.",0,none,hinglish,indian,sir ek minute suniye bhai aaj shaam ko milte hain coffee pe baat karte hain
Buzzzz! *grins* Did I buzz your ass? Buzz your chest ? Buzz your cock ? Where do you keep your phone ? Is the vibrator on ? Did you feel it shake ?,0,none,english,uci,buzzzz grins did i buzz your ass buzz your chest buzz your cock where do you keep your phone is the vibrator on did you feel it shake
Ya that one is slow as poo,0,none,english,uci,ya that one is slow as poo
How would my ip address test that considering my computer isn't a minecraft server,0,none,english,uci,how would my ip address test that considering my computer isn t a minecraft server
Tell me pa. How is pain de.,0,none,english,uci,tell me pa how is pain de
Oi when you gonna ring,0,none,english,uci,oi when you gonna ring
Then u better go sleep.. Dun disturb u liao.. U wake up then msg me lor..,0,none,english,uci,then u better go sleep dun disturb u liao u wake up then msg me lor
And pls pls drink plenty plenty water,0,none,english,uci,and pls pls drink plenty plenty water
CBI se bol raha hoon. Aapke number se pornographic material WhatsApp groups mein bheja ja raha hai. FIR ho chuki hai.,1,police_blackmail,hinglish,indian,cbi se bol raha hoon aapke number se pornographic material whatsapp groups mein bheja ja raha hai fir ho chuki hai
"Hey , is * rite u put »10 evey mnth is that all?",0,none,english,uci,hey is rite u put 10 evey mnth is that all
"Aight, we'll head out in a few",0,none,english,uci,aight we ll head out in a few
I want to be there so i can kiss you and feel you next to me,0,none,english,uci,i want to be there so i can kiss you and feel you next to me
Inspector Rajesh Kumar bol raha hoon. Aapka bank account investigation ke dauran freeze kiya ja sakta hai.,1,police_digital_arrest,hinglish,indian,inspector rajesh kumar bol raha hoon aapka bank account investigation ke dauran freeze kiya ja sakta hai
"Hello.How u doing?What u been up 2?When will u b moving out of the flat, cos I will need to arrange to pick up the lamp, etc. Take care. Hello caroline!",0,none,english,uci,hello how u doing what u been up 2 when will u b moving out of the flat cos i will need to arrange to pick up the lamp etc take care hello caroline
ARR birthday today:) i wish him to get more oscar.,0,none,english,uci,arr birthday today i wish him to get more oscar
Yar lor actually we quite fast... Cos da ge slow wat... Haha...,0,none,english,uci,yar lor actually we quite fast cos da ge slow wat haha
Special Investigation Team se bol raha hoon. Aapke documents ka misuse karke financial fraud kiya gaya hai.,1,police_digital_arrest,hinglish,indian,special investigation team se bol raha hoon aapke documents ka misuse karke financial fraud kiya gaya hai
Howz pain.it will come down today.do as i said ystrday.ice and medicine.,0,none,english,uci,howz pain it will come down today do as i said ystrday ice and medicine
"Helloooo... Wake up..! ""Sweet"" ""morning"" ""welcomes"" ""You"" ""Enjoy"" ""This Day"" ""with full of joy"".. ""GUD MRNG"".",0,none,english,uci,helloooo wake up sweet morning welcomes you enjoy this day with full of joy gud mrng
Back in brum! Thanks for putting us up and keeping us all and happy. See you soon ,0,none,english,uci,back in brum thanks for putting us up and keeping us all and happy see you soon
Jus telling u dat i'll b leaving 4 shanghai on 21st instead so we'll haf more time 2 meet up cya...,0,none,english,uci,jus telling u dat i ll b leaving 4 shanghai on 21st instead so we ll haf more time 2 meet up cya
"Dont search love, let love find U. Thats why its called falling in love, bcoz U dont force yourself, U just fall and U know there is smeone to hold U... BSLVYL",0,none,english,uci,dont search love let love find u thats why its called falling in love bcoz u dont force yourself u just fall and u know there is smeone to hold u bslvyl
The current leading bid is 151. To pause this auction send OUT. Customer Care: 08718726270,1,general_spam,english,uci,the current leading bid is 151 to pause this auction send out customer care
"WELL DONE! Your 4* Costa Del Sol Holiday or £5000 await collection. Call 09050090044 Now toClaim. SAE, TCs, POBox334, Stockport, SK38xh, Cost£1.50/pm, Max10mins",1,general_spam,english,uci,well done your 4 costa del sol holiday or 5000 await collection call now toclaim sae tcs pobox334 stockport sk38xh cost 1 50 pm max10mins
Crime Branch se bol raha hoon. Congratulations! Aapne ₹40 lakh ka lottery jeeta hai. Processing fee dena hoga.,1,lottery,hinglish,indian,crime branch se bol raha hoon congratulations aapne 40 lakh ka lottery jeeta hai processing fee dena hoga
Thats cool. I want to please you...,0,none,english,uci,thats cool i want to please you
Crime Branch se bol raha hoon. Congratulations! Aapne ₹40 lakh ka lottery jeeta hai. Processing fee dena hoga.,1,aadhaar,hinglish,indian,crime branch se bol raha hoon congratulations aapne 40 lakh ka lottery jeeta hai processing fee dena hoga
Hey we can go jazz power yoga hip hop kb and yogasana ,0,none,english,uci,hey we can go jazz power yoga hip hop kb and yogasana
It means u could not keep ur words.,0,none,english,uci,it means u could not keep ur words
"Somewhr someone is surely made 4 u. And God has decided a perfect time to make u meet dat person. . . . till den, . . . . . Enjoy ur crushes..!!!;-)",0,none,english,uci,somewhr someone is surely made 4 u and god has decided a perfect time to make u meet dat person till den enjoy ur crushes
"I wonder if your phone battery went dead ? I had to tell you, I love you babe",0,none,english,uci,i wonder if your phone battery went dead i had to tell you i love you babe
"You are guaranteed the latest Nokia Phone, a 40GB iPod MP3 player or a £500 prize! Txt word: COLLECT to No: 83355! IBHltd LdnW15H 150p/Mtmsgrcvd18",1,general_spam,english,uci,you are guaranteed the latest nokia phone a 40gb ipod mp3 player or a 500 prize txt word collect to no 83355 ibhltd ldnw15h 150p mtmsgrcvd18
Miserable. They don't tell u that the side effects of birth control are massive gut wrenching cramps for the first 2 months. I didn't sleep at all last night.,0,none,english,uci,miserable they don t tell u that the side effects of birth control are massive gut wrenching cramps for the first 2 months i didn t sleep at all last night
"I can't, I don't have her number!",0,none,english,uci,i can t i don t have her number
Why did I wake up on my own &gt;:(,0,none,english,uci,why did i wake up on my own
Or better still can you catch her and let ask her if she can sell  &lt;#&gt;  for me.,0,none,english,uci,or better still can you catch her and let ask her if she can sell for me
"… we r stayin here an extra week, back next wed. How did we do in the rugby this weekend? Hi to and and , c u soon """,0,none,english,uci,we r stayin here an extra week back next wed how did we do in the rugby this weekend hi to and and c u soon
That's y u haf 2 keep me busy...,0,none,english,uci,that s y u haf 2 keep me busy
"Not sure yet, still trying to get a hold of him",0,none,english,uci,not sure yet still trying to get a hold of him
Cyber Crime Department se bol raha hoon. Police station se bol raha hoon. Aapke mobile number se illegal messages bheje gaye hain.,1,police_digital_arrest,hinglish,indian,cyber crime department se bol raha hoon police station se bol raha hoon aapke mobile number se illegal messages bheje gaye hain
Aap sun rahe hain na? Aapke Aadhaar card ka istemal karke fake SIM issue ki gayi hai.,1,police_digital_arrest,hinglish,indian,aap sun rahe hain na aapke aadhaar card ka istemal karke fake sim issue ki gayi hai
Special Investigation Team se bol raha hoon. Aapke Aadhaar card ka istemal karke fake SIM issue ki gayi hai.,1,police_digital_arrest,hinglish,indian,special investigation team se bol raha hoon aapke aadhaar card ka istemal karke fake sim issue ki gayi hai
By monday next week. Give me the full gist,0,none,english,uci,by monday next week give me the full gist
In which place do you want da.,0,none,english,uci,in which place do you want da
Ü only send me the contents page...,0,none,english,uci,only send me the contents page
Hello ma'am Aapka Aadhaar deactivate hone wala hai. Turant update kijiye.,1,bank_kyc,hinglish,indian,hello ma am aapka aadhaar deactivate hone wala hai turant update kijiye
"Sir, I need Velusamy sir's date of birth and company bank facilities details.",0,none,english,uci,sir i need velusamy sir s date of birth and company bank facilities details
Better. Made up for Friday and stuffed myself like a pig yesterday. Now I feel bleh. But at least its not writhing pain kind of bleh.,0,none,english,uci,better made up for friday and stuffed myself like a pig yesterday now i feel bleh but at least its not writhing pain kind of bleh
Ron say fri leh. N he said ding tai feng cant make reservations. But he said wait lor.,0,none,english,uci,ron say fri leh n he said ding tai feng cant make reservations but he said wait lor
Wait.i will come out.. &lt;#&gt;  min:),0,none,english,uci,wait i will come out min
"No dice, art class 6 thru 9 :( thanks though. Any idea what time I should come tomorrow?",0,none,english,uci,no dice art class 6 thru 9 thanks though any idea what time i should come tomorrow
Does uncle timi help in clearing cars,0,none,english,uci,does uncle timi help in clearing cars
"Dont pack what you can buy at any store.like cereals. If you must pack food, pack gari or something 9ja that you will miss.",0,none,english,uci,dont pack what you can buy at any store like cereals if you must pack food pack gari or something 9ja that you will miss
"That's fine, I'll bitch at you about it later then",0,none,english,uci,that s fine i ll bitch at you about it later then
"U wake up already? Wat u doing? U picking us up later rite? I'm taking sq825, reaching ard 7 smth 8 like dat. U can check e arrival time. C ya soon...",0,none,english,uci,u wake up already wat u doing u picking us up later rite i m taking sq825 reaching ard 7 smth 8 like dat u can check e arrival time c ya soon
Sir ek minute suniye Aapke Aadhaar se linked account par complaint mili hai.,1,police_digital_arrest,hinglish,indian,sir ek minute suniye aapke aadhaar se linked account par complaint mili hai
How much would it cost to hire a hitman,0,none,english,uci,how much would it cost to hire a hitman
"Nothing, smsing u n xy lor. Sorry lor da guys neva c u in person but they sort of know u lor. So u wan 2 meet them xy ask me 2 bring u along 4 our next meeting.",0,none,english,uci,nothing smsing u n xy lor sorry lor da guys neva c u in person but they sort of know u lor so u wan 2 meet them xy ask me 2 bring u along 4 our next meeting
National Cyber Cell se bol raha hoon. Congratulations! Aapne ₹40 lakh ka lottery jeeta hai. Processing fee dena hoga.,1,relative,hinglish,indian,national cyber cell se bol raha hoon congratulations aapne 40 lakh ka lottery jeeta hai processing fee dena hoga
"Wow ... I love you sooo much, you know ? I can barely stand it ! I wonder how your day goes and if you are well, my love ... I think of you and miss you",0,none,english,uci,wow i love you sooo much you know i can barely stand it i wonder how your day goes and if you are well my love i think of you and miss you
Madam ek minute Aapka order deliver ho chuka hai. Feedback de dena.,0,none,hinglish,indian,madam ek minute aapka order deliver ho chuka hai feedback de dena
"Im in inperialmusic listening2the weirdest track ever byleafcutter john-sounds like insects being molested&someone plumbing,remixed by evil men on acid!",0,none,english,uci,im in inperialmusic listening2the weirdest track ever by leafcutter john sounds like insects being molested someone plumbing remixed by evil men on acid
"Xmas Offer! Latest Motorola, SonyEricsson & Nokia & FREE Bluetooth or DVD! Double Mins & 1000 Txt on Orange. Call MobileUpd8 on 08000839402 or call2optout/4QF2",1,general_spam,english,uci,xmas offer latest motorola sonyericsson nokia free bluetooth or dvd double mins 1000 txt on orange call mobileupd8 on or call2optout 4qf2
Alex says he's not ok with you not being ok with it,0,none,english,uci,alex says he s not ok with you not being ok with it
As per your request 'Maangalyam (Alaipayuthe)' has been set as your callertune for all Callers. Press *9 to copy your friends Callertune,0,none,english,uci,as per your request maangalyam alaipayuthe has been set as your callertune for all callers press 9 to copy your friends callertune
Happy new year to u too!,0,none,english,uci,happy new year to u too
<Forwarded from 88877>FREE entry into our £250 weekly comp just send the word ENTER to 88877 NOW. 18 T&C www.textcomp.com,1,general_spam,english,uci,free entry into our 250 weekly comp just send the word enter to 88877 now 18 t c
"Save yourself the stress. If the person has a dorm account, just send your account details and the money will be sent to you.",0,none,english,uci,save yourself the stress if the person has a dorm account just send your account details and the money will be sent to you
Delhi Police se bol raha hoon. Aapke naam par ek criminal complaint register hui hai.,1,police_digital_arrest,hinglish,indian,delhi police se bol raha hoon aapke naam par ek criminal complaint register hui hai
"Lets use it next week, princess :)",0,none,english,uci,lets use it next week princess
Uncle boye. I need movies oh. Guide me. Plus you know torrents are not particularly legal here. And the system is slowing down. What should i do. Have a gr8 day. Plus have you started cos i dont meet you online. How was the honey moon.,0,none,english,uci,uncle boye i need movies oh guide me plus you know torrents are not particularly legal here and the system is slowing down what should i do have a gr8 day plus have you started cos i dont meet you online how was the honey moon
"I am late,so call you tomorrow morning.take care sweet dreams....u and me...ummifying...bye.",0,none,english,uci,i am late so call you tomorrow morning take care sweet dreams u and me ummifying bye
"SMS. ac sun0819 posts HELLO:""You seem cool, wanted to say hi. HI!!!"" Stop? Send STOP to 62468",1,general_spam,english,uci,sms ac sun0819 posts hello you seem cool wanted to say hi hi stop send stop to 62468
"Sorry, was in the bathroom, sup",0,none,english,uci,sorry was in the bathroom sup
I have 2 docs appointments next week.:/ I'm tired of them shoving stuff up me. Ugh why couldn't I have had a normal body?,0,none,english,uci,i have 2 docs appointments next week i m tired of them shoving stuff up me ugh why couldn t i have had a normal body
"Sorry chikku, my cell got some problem thts y i was nt able to reply u or msg u..",0,none,english,uci,sorry chikku my cell got some problem thts y i was nt able to reply u or msg u
"Wen ur lovable bcums angry wid u, dnt take it seriously.. Coz being angry is d most childish n true way of showing deep affection, care n luv!.. kettoda manda... Have nice day da.",0,none,english,uci,wen ur lovable bcums angry wid u dnt take it seriously coz being angry is d most childish n true way of showing deep affection care n luv kettoda manda have nice day da
Hello sir Investigation ke liye aapki identity verify karni hogi.,1,police_digital_arrest,hinglish,indian,hello sir investigation ke liye aapki identity verify karni hogi
Tell me something. Thats okay.,0,none,english,uci,tell me something thats okay
"Alright, see you in a bit",0,none,english,uci,alright see you in a bit
Dis is yijue. I jus saw ur mail. In case huiming havent sent u my num. Dis is my num.,0,none,english,uci,dis is yijue i jus saw ur mail in case huiming havent sent u my num dis is my num
I didn't get the second half of that message,0,none,english,uci,i didn t get the second half of that message
ACP Sharma bol raha hoon. Aapke naam par registered account illegal activities mein use hua hai.,1,police_digital_arrest,hinglish,indian,acp sharma bol raha hoon aapke naam par registered account illegal activities mein use hua hai
Hello sir Cyber investigation team ko aapke number se suspicious activity mili hai.,1,police_digital_arrest,hinglish,indian,hello sir cyber investigation team ko aapke number se suspicious activity mili hai
Namaste ma'am Aapka KYC pending hai. Account 2 ghante mein block ho jayega. OTP share kijiye.,1,lottery,hinglish,indian,namaste ma am aapka kyc pending hai account 2 ghante mein block ho jayega otp share kijiye
Dear 0776xxxxxxx U've been invited to XCHAT. This is our final attempt to contact u! Txt CHAT to 86688 150p/MsgrcvdHG/Suite342/2Lands/Row/W1J6HL LDN 18yrs,1,general_spam,english,uci,dear 0776xxxxxxx u ve been invited to xchat this is our final attempt to contact u txt chat to 86688 150p msgrcvdhg suite342 2lands row w1j6hl ldn 18yrs
Madam ek minute Aapka bank account investigation ke dauran freeze kiya ja sakta hai.,1,police_digital_arrest,hinglish,indian,madam ek minute aapka bank account investigation ke dauran freeze kiya ja sakta hai
I see a cup of coffee animation,0,none,english,uci,i see a cup of coffee animation
Yeah I can still give you a ride,0,none,english,uci,yeah i can still give you a ride
I've been searching for the right words to thank you for this breather. I promise i wont take your help for granted and will fulfil my promise. You have been wonderful and a blessing at all times.,0,none,english,uci,i ve been searching for the right words to thank you for this breather i promise i wont take your help for granted and will fulfil my promise you have been wonderful and a blessing at all times
"What will we do in the shower, baby?",0,none,english,uci,what will we do in the shower baby
"Special Investigation Team se bol raha hoon. Aapke father ko accident ho gaya hai. Turant 50,000 bhej dijiye hospital ke liye.",1,relative,hinglish,indian,special investigation team se bol raha hoon aapke father ko accident ho gaya hai turant 50 000 bhej dijiye hospital ke liye
Law enforcement se bol raha hoon. Congratulations! Aapne ₹40 lakh ka lottery jeeta hai. Processing fee dena hoga.,1,bank_kyc,hinglish,indian,law enforcement se bol raha hoon congratulations aapne 40 lakh ka lottery jeeta hai processing fee dena hoga
Hello ji Aapka KYC pending hai. Account 2 ghante mein block ho jayega. OTP share kijiye.,1,relative,hinglish,indian,hello ji aapka kyc pending hai account 2 ghante mein block ho jayega otp share kijiye
"Hi Chikku, send some nice msgs",0,none,english,uci,hi chikku send some nice msgs
"Hello ma'am Amazon se bol raha hoon. Aapka parcel hold hai, clearance charge ₹499 dena hoga.",1,lottery,hinglish,indian,hello ma am amazon se bol raha hoon aapka parcel hold hai clearance charge 499 dena hoga
Wot u up 2? Thout u were gonna call me!! Txt bak luv K,0,none,english,uci,wot u up 2 thout u were gonna call me txt bak luv k
"Dear friends, sorry for the late information. Today is the birthday of our loving Ar.Praveesh. for more details log on to face book and see. Its his number + &lt;#&gt; . Dont miss a delicious treat.",0,none,english,uci,dear friends sorry for the late information today is the birthday of our loving ar praveesh for more details log on to face book and see its his number dont miss a delicious treat
Nutter. Cutter. Ctter. Cttergg. Cttargg. Ctargg. Ctagg. ie you,0,none,english,uci,nutter cutter ctter cttergg cttargg ctargg ctagg ie you
Namaste sir Aapke WhatsApp se ladies ko asleel messages bheje ja rahe hain. Aapko suspect maana ja raha hai.,1,police_blackmail,hinglish,indian,namaste sir aapke whatsapp se ladies ko asleel messages bheje ja rahe hain aapko suspect maana ja raha hai
How much i gave to you. Morning.,0,none,english,uci,how much i gave to you morning
Delhi Police se bol raha hoon. Aapke khilaaf legal action initiate kiya gaya hai.,1,police_digital_arrest,hinglish,indian,delhi police se bol raha hoon aapke khilaaf legal action initiate kiya gaya hai
Will do. Have a good day,0,none,english,uci,will do have a good day
"'Wnevr i wana fal in luv vth my books, My bed fals in luv vth me..!'' . Yen madodu, nav pretsorginta, nammanna pretsovru important alwa....!!:) Gud eveB-).",0,none,english,uci,wnevr i wana fal in luv vth my books my bed fals in luv vth me yen madodu nav pretsorginta nammanna pretsovru important alwa gud eveb
Even u dont get in trouble while convincing..just tel him once or twice and just tel neglect his msgs dont c and read it..just dont reply,0,none,english,uci,even u dont get in trouble while convincing just tel him once or twice and just tel neglect his msgs dont c and read it just dont reply
"Babe, I need your advice",0,none,english,uci,babe i need your advice
Cyber Crime Department se bol raha hoon. Aapka Aadhaar deactivate hone wala hai. Turant update kijiye.,1,bank_kyc,hinglish,indian,cyber crime department se bol raha hoon aapka aadhaar deactivate hone wala hai turant update kijiye
Home so we can always chat,0,none,english,uci,home so we can always chat
Yo theres no class tmrw right?,0,none,english,uci,yo theres no class tmrw right
Police headquarters se bol raha hoon. Aapke naam par money laundering case register hua hai.,1,police_digital_arrest,hinglish,indian,police headquarters se bol raha hoon aapke naam par money laundering case register hua hai
"Ji namaskar Amazon se bol raha hoon. Aapka parcel hold hai, clearance charge ₹499 dena hoga.",1,aadhaar,hinglish,indian,ji namaskar amazon se bol raha hoon aapka parcel hold hai clearance charge 499 dena hoga
Probably money worries. Things are coming due and i have several outstanding invoices for work i did two and three months ago.,0,none,english,uci,probably money worries things are coming due and i have several outstanding invoices for work i did two and three months ago
R u sure they'll understand that! Wine * good idea just had a slurp!,0,none,english,uci,r u sure they ll understand that wine good idea just had a slurp
"Had your mobile 10 mths? Update to the latest Camera/Video phones for FREE. KEEP UR SAME NUMBER, Get extra free mins/texts. Text YES for a call",1,general_spam,english,uci,had your mobile 10 mths update to the latest camera video phones for free keep ur same number get extra free mins texts text yes for a call
Yup i'm still having coffee wif my frens... My fren drove she'll give me a lift...,0,none,english,uci,yup i m still having coffee wif my frens my fren drove she ll give me a lift
"Uh, heads up we don't have THAT much left",0,none,english,uci,uh heads up we don t have that much left
Sorry! U can not unsubscribe yet. THE MOB offer package has a min term of 54 weeks> pls resubmit request after expiry. Reply THEMOB HELP 4 more info,1,general_spam,english,uci,sorry u can not unsubscribe yet the mob offer package has a min term of 54 weeks pls resubmit request after expiry reply themob help 4 more info
Hello sir Aapko investigation officer se turant baat karni hogi.,1,police_digital_arrest,hinglish,indian,hello sir aapko investigation officer se turant baat karni hogi
"What part of ""don't initiate"" don't you understand",0,none,english,uci,what part of don t initiate don t you understand
Hey what happen de. Are you alright.,0,none,english,uci,hey what happen de are you alright
Yar else i'll thk of all sorts of funny things.,0,none,english,uci,yar else i ll thk of all sorts of funny things
"Babe! I fucking love you too !! You know? Fuck it was so good to hear your voice. I so need that. I crave it. I can't get enough. I adore you, Ahmad *kisses*",0,none,english,uci,babe i fucking love you too you know fuck it was so good to hear your voice i so need that i crave it i can t get enough i adore you ahmad kisses
U don't remember that old commercial?,0,none,english,uci,u don t remember that old commercial
Delhi Police se bol raha hoon. Crime Branch se bol raha hoon. Aapke account se suspicious transactions hui hain.,1,police_digital_arrest,hinglish,indian,delhi police se bol raha hoon crime branch se bol raha hoon aapke account se suspicious transactions hui hain
I'll reach in ard 20 mins ok...,0,none,english,uci,i ll reach in ard 20 mins ok
Dude just saw a parked car with its sunroof popped up. Sux,0,none,english,uci,dude just saw a parked car with its sunroof popped up sux
Hi :)finally i completed the course:),0,none,english,uci,hi finally i completed the course
Ok that's great thanx a lot.,0,none,english,uci,ok that s great thanx a lot
Warner Village 83118 C Colin Farrell in SWAT this wkend @Warner Village & get 1 free med. Popcorn!Just show msg+ticket@kiosk.Valid 4-7/12. C t&c @kiosk. Reply SONY 4 mre film offers,1,general_spam,english,uci,warner village 83118 c colin farrell in swat this wkend warner village get 1 free med popcorn just show 4 7 12 c t c kiosk reply sony 4 mre film offers
Do have a nice day today. I love you so dearly.,0,none,english,uci,do have a nice day today i love you so dearly
"Hello sir Aapke father ko accident ho gaya hai. Turant 50,000 bhej dijiye hospital ke liye.",1,bank_kyc,hinglish,indian,hello sir aapke father ko accident ho gaya hai turant 50 000 bhej dijiye hospital ke liye
74355 XMAS iscoming & ur awarded either £500 CD gift vouchers & free entry 2 r £100 weekly draw txt MUSIC to 87066 TnC,1,general_spam,english,uci,74355 xmas iscoming ur awarded either 500 cd gift vouchers free entry 2 r 100 weekly draw txt music to 87066 tnc
NOT ENUFCREDEIT TOCALL.SHALL ILEAVE UNI AT 6 +GET A BUS TO YOR HOUSE?,0,none,english,uci,not enufcredeit tocall shall ileave uni at 6 get a bus to yor house
"Ji haan suniye Doctor appointment kal 9 baje hai, fasting rehna.",0,none,hinglish,indian,ji haan suniye doctor appointment kal 9 baje hai fasting rehna
But I'm on a diet. And I ate 1 too many slices of pizza yesterday. Ugh I'm ALWAYS on a diet.,0,none,english,uci,but i m on a diet and i ate 1 too many slices of pizza yesterday ugh i m always on a diet
Just taste fish curry :-P,0,none,english,uci,just taste fish curry p
All e best 4 ur exam later.,0,none,english,uci,all e best 4 ur exam later
Actually getting ready to leave the house.,0,none,english,uci,actually getting ready to leave the house
Dont kick coco when he's down,0,none,english,uci,dont kick coco when he s down
Special Investigation Team se bol raha hoon. Aapke naam par registered SIM ka misuse report hua hai.,1,police_digital_arrest,hinglish,indian,special investigation team se bol raha hoon aapke naam par registered sim ka misuse report hua hai
"CBI se bol raha hoon. Amazon se bol raha hoon. Aapka parcel hold hai, clearance charge ₹499 dena hoga.",1,bank_kyc,hinglish,indian,cbi se bol raha hoon amazon se bol raha hoon aapka parcel hold hai clearance charge 499 dena hoga
"Win the newest “Harry Potter and the Order of the Phoenix (Book 5) reply HARRY, answer 5 questions - chance to be the first among readers!",1,general_spam,english,uci,win the newest harry potter and the order of the phoenix book 5 reply harry answer 5 questions chance to be the first among readers
Unfortunately i've just found out that we have to pick my sister up from the airport that evening so don't think i'll be going out at all. We should try to go out one of th,0,none,english,uci,unfortunately i ve just found out that we have to pick my sister up from the airport that evening so don t think i ll be going out at all we should try to go out one of th
Yo we are watching a movie on netflix,0,none,english,uci,yo we are watching a movie on netflix
Would me smoking you out help us work through this difficult time,0,none,english,uci,would me smoking you out help us work through this difficult time
No * am working on the ringing u thing but have whole houseful of screaming brats so * am pulling my hair out! Loving u,0,none,english,uci,no am working on the ringing u thing but have whole houseful of screaming brats so am pulling my hair out loving u
"Hmm well, night night ",0,none,english,uci,hmm well night night
"Hello ma'am School fees ki last date kal hai, payment kar dena.",0,none,hinglish,indian,hello ma am school fees ki last date kal hai payment kar dena
"Good morning, my boytoy! How's those yummy lips ? Where's my sexy buns now ? What do you do ? Do you think of me ? Do you crave me ? Do you need me ?",0,none,english,uci,good morning my boytoy how s those yummy lips where s my sexy buns now what do you do do you think of me do you crave me do you need me
Ji namaskar National Cyber Cell se bol raha hoon. Verification ke liye cooperate kijiye.,1,police_digital_arrest,hinglish,indian,ji namaskar national cyber cell se bol raha hoon verification ke liye cooperate kijiye
"Urgent! call 09061749602 from Landline. Your complimentary 4* Tenerife Holiday or £10,000 cash await collection SAE T&Cs BOX 528 HP20 1YF 150ppm 18+",1,general_spam,english,uci,urgent call from landline your complimentary 4 tenerife holiday or 10 000 cash await collection sae t cs box 528 hp20 1yf 150ppm 18
"What do you do, my dog ? Must I always wait till the end of your day to have word from you ? Did you run out of time on your cell already?",0,none,english,uci,what do you do my dog must i always wait till the end of your day to have word from you did you run out of time on your cell already
We will meet soon princess! Ttyl!,0,none,english,uci,we will meet soon princess ttyl
But if she.s drinkin i'm ok.,0,none,english,uci,but if she s drinkin i m ok
"Arngd marriage is while u r walkin unfortuntly a snake bites u. bt love marriage is dancing in frnt of d snake &amp; sayin Bite me, bite me.",0,none,english,uci,arngd marriage is while u r walkin unfortuntly a snake bites u bt love marriage is dancing in frnt of d snake sayin bite me bite me
"Dhyan se suniye School fees ki last date kal hai, payment kar dena.",0,none,hinglish,indian,dhyan se suniye school fees ki last date kal hai payment kar dena
This message is free. Welcome to the new & improved Sex & Dogging club! To unsubscribe from this service reply STOP. msgs@150p 18+only,1,general_spam,english,uci,this message is free welcome to the new improved sex dogging club to unsubscribe from this service reply stop 18 only
Ji haan suniye Congratulations! Aapne ₹40 lakh ka lottery jeeta hai. Processing fee dena hoga.,1,relative,hinglish,indian,ji haan suniye congratulations aapne 40 lakh ka lottery jeeta hai processing fee dena hoga
"Hurry up, I've been weed-deficient for like three days",0,none,english,uci,hurry up i ve been weed deficient for like three days
"Yalru lyfu astne chikku.. Bt innu mundhe lyf ali halla ke bilo (marriage)program edhae, so lyf is nt yet ovr chikku..ali vargu lyfu meow meow:-D",0,none,english,uci,yalru lyfu astne chikku bt innu mundhe lyf ali halla ke bilo marriage program edhae so lyf is nt yet ovr chikku ali vargu lyfu meow meow d
Watching ajith film ah?,0,none,english,uci,watching ajith film ah
Yup. Izzit still raining heavily cos i'm in e mrt i can't c outside.,0,none,english,uci,yup izzit still raining heavily cos i m in e mrt i can t c outside
"Good afternoon sunshine! How dawns that day ? Are we refreshed and happy to be alive? Do we breathe in the air and smile ? I think of you, my love ... As always",0,none,english,uci,good afternoon sunshine how dawns that day are we refreshed and happy to be alive do we breathe in the air and smile i think of you my love as always
Ay wana meet on sat?ü wkg on sat?,0,none,english,uci,ay wana meet on sat wkg on sat
How much u trying to get?,0,none,english,uci,how much u trying to get
Oh just getting even with u.... u?,0,none,english,uci,oh just getting even with u u
"CBI se bol raha hoon. Amazon se bol raha hoon. Aapka parcel hold hai, clearance charge ₹499 dena hoga.",1,lottery,hinglish,indian,cbi se bol raha hoon amazon se bol raha hoon aapka parcel hold hai clearance charge 499 dena hoga
cThen i thk shd b enuff.. Still got conclusion n contents pg n references.. I'll b doing da contents pg n cover pg..,0,none,english,uci,cthen i thk shd b enuff still got conclusion n contents pg n references i ll b doing da contents pg n cover pg
No did you check? I got his detailed message now,0,none,english,uci,no did you check i got his detailed message now
Hi' Test on  &lt;#&gt; rd ....,0,none,english,uci,hi test on rd
"Pity, * was in mood for that. So...any other suggestions?",0,none,english,uci,pity was in mood for that so any other suggestions
"Japanese Proverb: If one Can do it, U too Can do it, If none Can do it,U must do it Indian version: If one Can do it, LET HIM DO it.. If none Can do it,LEAVE it!! And finally Kerala version: If one can do it, Stop him doing it.. If none can do it, Make a strike against it ...",0,none,english,uci,japanese proverb if one can do it u too can do it if none can do it u must do it indian version if one can do it let him do it if none can do it leave it and finally kerala version if one can do it stop him doing it if none can do it make a strike against it
"A famous quote : when you develop the ability to listen to 'anything' unconditionally without losing your temper or self confidence, it means you are ......... 'MARRIED'",0,none,english,uci,a famous quote when you develop the ability to listen to anything unconditionally without losing your temper or self confidence it means you are married
"Sorry man, accidentally left my phone on silent last night and didn't check it til I got up",0,none,english,uci,sorry man accidentally left my phone on silent last night and didn t check it til i got up
Sir ek minute suniye Congratulations! Aapne ₹40 lakh ka lottery jeeta hai. Processing fee dena hoga.,1,bank_kyc,hinglish,indian,sir ek minute suniye congratulations aapne 40 lakh ka lottery jeeta hai processing fee dena hoga
Jokin only lar... :-) depends on which phone my father can get lor...,0,none,english,uci,jokin only lar depends on which phone my father can get lor
My slave! I want you to take 2 or 3 pictures of yourself today in bright light on your cell phone! Bright light!,0,none,english,uci,my slave i want you to take 2 or 3 pictures of yourself today in bright light on your cell phone bright light
No break time one... How... I come out n get my stuff fr ü?,0,none,english,uci,no break time one how i come out n get my stuff fr
Special Investigation Team se bol raha hoon. Aapke khilaaf digital fraud complaint receive hui hai.,1,police_digital_arrest,hinglish,indian,special investigation team se bol raha hoon aapke khilaaf digital fraud complaint receive hui hai
"I got like $ &lt;#&gt; , I can get some more later though. Get whatever you feel like",0,none,english,uci,i got like i can get some more later though get whatever you feel like
Sorry * was at the grocers.,0,none,english,uci,sorry was at the grocers
Must come later.. I normally bathe him in da afternoon mah..,0,none,english,uci,must come later i normally bathe him in da afternoon mah
Dear we got  &lt;#&gt;  dollars hi hi,0,none,english,uci,dear we got dollars hi hi
"Madam ek minute Aapke father ko accident ho gaya hai. Turant 50,000 bhej dijiye hospital ke liye.",1,amazon,hinglish,indian,madam ek minute aapke father ko accident ho gaya hai turant 50 000 bhej dijiye hospital ke liye
Crime Branch se bol raha hoon. Congratulations! Aapne ₹40 lakh ka lottery jeeta hai. Processing fee dena hoga.,1,amazon,hinglish,indian,crime branch se bol raha hoon congratulations aapne 40 lakh ka lottery jeeta hai processing fee dena hoga
Police headquarters se bol raha hoon. Cyber investigation team ko aapke number se suspicious activity mili hai.,1,police_digital_arrest,hinglish,indian,police headquarters se bol raha hoon cyber investigation team ko aapke number se suspicious activity mili hai
Your opinion about me? 1. Over 2. Jada 3. Kusruthi 4. Lovable 5. Silent 6. Spl character 7. Not matured 8. Stylish 9. Simple Pls reply..,0,none,english,uci,your opinion about me 1 over 2 jada 3 kusruthi 4 lovable 5 silent 6 spl character 7 not matured 8 stylish 9 simple pls reply
I am in bus on the way to calicut,0,none,english,uci,i am in bus on the way to calicut
Nope but i'm going home now then go pump petrol lor... Like going 2 rain soon...,0,none,english,uci,nope but i m going home now then go pump petrol lor like going 2 rain soon
Police headquarters se bol raha hoon. Police verification complete karna zaroori hai.,1,police_digital_arrest,hinglish,indian,police headquarters se bol raha hoon police verification complete karna zaroori hai
After the drug she will be able to eat.,0,none,english,uci,after the drug she will be able to eat
Hello ji Aapke Aadhaar se linked account par complaint mili hai.,1,police_digital_arrest,hinglish,indian,hello ji aapke aadhaar se linked account par complaint mili hai
Pls call me da. What happen.,0,none,english,uci,pls call me da what happen
Why she wants to talk to me,0,none,english,uci,why she wants to talk to me
K k :-):-) then watch some films.,0,none,english,uci,k k then watch some films
That was random saw my old roomate on campus. He graduated,0,none,english,uci,that was random saw my old roomate on campus he graduated
Cuz ibored. And don wanna study,0,none,english,uci,cuz ibored and don wanna study
"Crime Branch se bol raha hoon. Aapke father ko accident ho gaya hai. Turant 50,000 bhej dijiye hospital ke liye.",1,bank_kyc,hinglish,indian,crime branch se bol raha hoon aapke father ko accident ho gaya hai turant 50 000 bhej dijiye hospital ke liye
Ji namaskar Aapka KYC pending hai. Account 2 ghante mein block ho jayega. OTP share kijiye.,1,relative,hinglish,indian,ji namaskar aapka kyc pending hai account 2 ghante mein block ho jayega otp share kijiye
Prepare to be pleasured :),0,none,english,uci,prepare to be pleasured
Namaste ma'am Aapke Aadhaar se linked account par complaint mili hai.,1,police_digital_arrest,hinglish,indian,namaste ma am aapke aadhaar se linked account par complaint mili hai
Special Investigation Team se bol raha hoon. Aapka KYC pending hai. Account 2 ghante mein block ho jayega. OTP share kijiye.,1,bank_kyc,hinglish,indian,special investigation team se bol raha hoon aapka kyc pending hai account 2 ghante mein block ho jayega otp share kijiye
Wen did you get so spiritual and deep. That's great,0,none,english,uci,wen did you get so spiritual and deep that s great
ACP Sharma bol raha hoon. Aapke documents ka misuse karke financial fraud kiya gaya hai.,1,police_digital_arrest,hinglish,indian,acp sharma bol raha hoon aapke documents ka misuse karke financial fraud kiya gaya hai
I'm sorry. I've joined the league of people that dont keep in touch. You mean a great deal to me. You have been a friend at all times even at great personal cost. Do have a great week.|,0,none,english,uci,i m sorry i ve joined the league of people that dont keep in touch you mean a great deal to me you have been a friend at all times even at great personal cost do have a great week
"Hey chief, can you give me a bell when you get this. Need to talk to you about this royal visit on the 1st june. ",0,none,english,uci,hey chief can you give me a bell when you get this need to talk to you about this royal visit on the 1st june
Nice talking to you! please dont forget my pix :) i want to see all of you...,0,none,english,uci,nice talking to you please dont forget my pix i want to see all of you
"Tee hee. Off to lecture, cheery bye bye.",0,none,english,uci,tee hee off to lecture cheery bye bye
ALRITE,0,none,english,uci,alrite
You still around? Looking to pick up later,0,none,english,uci,you still around looking to pick up later
 &lt;#&gt;  mins but i had to stop somewhere first.,0,none,english,uci,mins but i had to stop somewhere first
"Special Investigation Team se bol raha hoon. Aapke father ko accident ho gaya hai. Turant 50,000 bhej dijiye hospital ke liye.",1,amazon,hinglish,indian,special investigation team se bol raha hoon aapke father ko accident ho gaya hai turant 50 000 bhej dijiye hospital ke liye
did u get that message,0,none,english,uci,did u get that message
Sorry . I will be able to get to you. See you in the morning.,0,none,english,uci,sorry i will be able to get to you see you in the morning
What happen dear. Why you silent. I am tensed,0,none,english,uci,what happen dear why you silent i am tensed
"Ji namaskar Mummy main office pahunch gaya, aaj thoda late ho jaunga.",0,none,hinglish,indian,ji namaskar mummy main office pahunch gaya aaj thoda late ho jaunga
Aap sun rahe hain na? Aapka KYC pending hai. Account 2 ghante mein block ho jayega. OTP share kijiye.,1,relative,hinglish,indian,aap sun rahe hain na aapka kyc pending hai account 2 ghante mein block ho jayega otp share kijiye
I.ll hand her my phone to chat wit u,0,none,english,uci,i ll hand her my phone to chat wit u
Madam ek minute Aapke naam par registered account illegal activities mein use hua hai.,1,police_digital_arrest,hinglish,indian,madam ek minute aapke naam par registered account illegal activities mein use hua hai
Why i come in between you people,0,none,english,uci,why i come in between you people
CBI se bol raha hoon. Aapka bank account investigation ke dauran freeze kiya ja sakta hai.,1,police_digital_arrest,hinglish,indian,cbi se bol raha hoon aapka bank account investigation ke dauran freeze kiya ja sakta hai
You are now unsubscribed all services. Get tons of sexy babes or hunks straight to your phone! go to http://gotbabes.co.uk. No subscriptions.,1,general_spam,english,uci,you are now unsubscribed all services get tons of sexy babes or hunks straight to your phone go to no subscriptions
"Awesome, I remember the last time we got somebody high for the first time with diesel :V",0,none,english,uci,awesome i remember the last time we got somebody high for the first time with diesel v
"Hello ma'am Doctor appointment kal 9 baje hai, fasting rehna.",0,none,hinglish,indian,hello ma am doctor appointment kal 9 baje hai fasting rehna
My computer just fried the only essential part we don't keep spares of because my fucking idiot roommates looovvve leaving the thing running on full  &lt;#&gt; /7,0,none,english,uci,my computer just fried the only essential part we don t keep spares of because my fucking idiot roommates looovvve leaving the thing running on full 7
Which is why i never wanted to tell you any of this. Which is why i'm so short with you and on-edge as of late.,0,none,english,uci,which is why i never wanted to tell you any of this which is why i m so short with you and on edge as of late
I'm in inside office..still filling forms.don know when they leave me.,0,none,english,uci,i m in inside office still filling forms don know when they leave me
Pls clarify back if an open return ticket that i have can be preponed for me to go back to kerala.,0,none,english,uci,pls clarify back if an open return ticket that i have can be preponed for me to go back to kerala
Yup. Thk of u oso boring wat.,0,none,english,uci,yup thk of u oso boring wat
Cyber Crime Department se bol raha hoon. Aapka KYC pending hai. Account 2 ghante mein block ho jayega. OTP share kijiye.,1,relative,hinglish,indian,cyber crime department se bol raha hoon aapka kyc pending hai account 2 ghante mein block ho jayega otp share kijiye
A bloo bloo bloo I'll miss the first bowl,0,none,english,uci,a bloo bloo bloo i ll miss the first bowl
Reckon need to be in town by eightish to walk from * carpark.,0,none,english,uci,reckon need to be in town by eightish to walk from carpark
Dun b sad.. It's over.. Dun thk abt it already. Concentrate on ur other papers k.,0,none,english,uci,dun b sad it s over dun thk abt it already concentrate on ur other papers k
"Dhyan se suniye Bhai aaj shaam ko milte hain, coffee pe baat karte hain.",0,none,hinglish,indian,dhyan se suniye bhai aaj shaam ko milte hain coffee pe baat karte hain
"Yeah we wouldn't leave for an hour at least, how's 4 sound?",0,none,english,uci,yeah we wouldn t leave for an hour at least how s 4 sound
"We spend our days waiting for the ideal path to appear in front of us.. But what we forget is.. ""paths are made by walking.. not by waiting.."" Goodnight!",0,none,english,uci,we spend our days waiting for the ideal path to appear in front of us but what we forget is paths are made by walking not by waiting goodnight
Congratulations YOU'VE Won. You're a Winner in our August £1000 Prize Draw. Call 09066660100 NOW. Prize Code 2309.,1,general_spam,english,uci,congratulations you ve won you re a winner in our august 1000 prize draw call now prize code 2309
This is the 2nd time we have tried to contact u. U have won the £1450 prize to claim just call 09053750005 b4 310303. T&Cs/stop SMS 08718725756. 140ppm,1,general_spam,english,uci,this is the 2nd time we have tried to contact u u have won the 1450 prize to claim just call b4 310303 t cs stop sms 140ppm
Ji haan suniye Aapke khilaaf digital fraud complaint receive hui hai.,1,police_digital_arrest,hinglish,indian,ji haan suniye aapke khilaaf digital fraud complaint receive hui hai
FREE UNLIMITED HARDCORE PORN direct 2 your mobile Txt PORN to 69200 & get FREE access for 24 hrs then chrgd@50p per day txt Stop 2exit. This msg is free,1,general_spam,english,uci,free unlimited hardcore porn direct 2 your mobile txt porn to 69200 get free access for 24 hrs then per day txt stop 2exit this msg is free
CBI se bol raha hoon. Aapka Aadhaar deactivate hone wala hai. Turant update kijiye.,1,aadhaar,hinglish,indian,cbi se bol raha hoon aapka aadhaar deactivate hone wala hai turant update kijiye
I think it's all still in my car,0,none,english,uci,i think it s all still in my car
Lol ok. I'll snatch her purse too.,0,none,english,uci,lol ok i ll snatch her purse too
For me the love should start with attraction.i should feel that I need her every time around me.she should be the first thing which comes in my thoughts.I would start the day and end it with her.she should be there every time I dream.love will be then when my every breath has her name.my life should happen around her.my life will be named to her.I would cry for her.will give all my happiness and take all her sorrows.I will be ready to fight with anyone for her.I will be in love when I will be doing the craziest things for her.love will be when I don't have to proove anyone that my girl is the most beautiful lady on the whole planet.I will always be singing praises for her.love will be when I start up making chicken curry and end up makiing sambar.life will be the most beautiful then.will get every morning and thank god for the day because she is with me.I would like to say a lot..will tell later..,0,none,english,uci,for me the love should start with attraction i should feel that i need her every time around me she should be the first thing which comes in my thoughts i would start the day and end it with her she should be there every time i dream love will be then when my every breath has her name my life should happen around her my life will be named to her i would cry for her will give all my happiness and take all her sorrows i will be ready to fight with anyone for her i will be in love when i will be doing the craziest things for her love will be when i don t have to proove anyone that my girl is the most beautiful lady on the whole planet i will always be singing praises for her love will be when i start up making chicken curry and end up makiing sambar life will be the most beautiful then will get every morning and thank god for the day because she is with me i would like to say a lot will tell later
PRIVATE! Your 2003 Account Statement for 07973788240 shows 800 un-redeemed S. I. M. points. Call 08715203649 Identifier Code: 40533 Expires 31/10/04,1,general_spam,english,uci,private your 2003 account statement for shows 800 un redeemed s i m points call identifier code 40533 expires 31 10 04
"FreeMsg Hey U, i just got 1 of these video/pic fones, reply WILD to this txt & ill send U my pics, hurry up Im so bored at work xxx (18 150p/rcvd STOP2stop)",1,general_spam,english,uci,freemsg hey u i just got 1 of these video pic fones reply wild to this txt ill send u my pics hurry up im so bored at work xxx 18 150p rcvd stop2stop
"National Cyber Cell se bol raha hoon. Amazon se bol raha hoon. Aapka parcel hold hai, clearance charge ₹499 dena hoga.",1,amazon,hinglish,indian,national cyber cell se bol raha hoon amazon se bol raha hoon aapka parcel hold hai clearance charge 499 dena hoga
What are youdoing later? Sar xxx,0,none,english,uci,what are youdoing later sar xxx
Hey company elama po mudyadhu.,0,none,english,uci,hey company elama po mudyadhu
Huh so early.. Then ü having dinner outside izzit?,0,none,english,uci,huh so early then having dinner outside izzit
I'm ok. Will do my part tomorrow,0,none,english,uci,i m ok will do my part tomorrow
Phony £350 award - Todays Voda numbers ending XXXX are selected to receive a £350 award. If you have a match please call 08712300220 quoting claim code 3100 standard rates app,1,general_spam,english,uci,phony 350 award todays voda numbers ending xxxx are selected to receive a 350 award if you have a match please call quoting claim code 3100 standard rates app
Just checking in on you. Really do miss seeing Jeremiah. Do have a great month,0,none,english,uci,just checking in on you really do miss seeing jeremiah do have a great month
Guess he wants alone time. We could just show up and watch when they do..,0,none,english,uci,guess he wants alone time we could just show up and watch when they do
"Oh... I was thkin of goin yogasana at 10 den no nd to go at 3 den can rush to parco 4 nb... Okie lor, u call me when ready...",0,none,english,uci,oh i was thkin of goin yogasana at 10 den no nd to go at 3 den can rush to parco 4 nb okie lor u call me when ready
Cyber Crime Department se bol raha hoon. Aapka bank account investigation ke dauran freeze kiya ja sakta hai.,1,police_digital_arrest,hinglish,indian,cyber crime department se bol raha hoon aapka bank account investigation ke dauran freeze kiya ja sakta hai
Waiting in e car 4 my mum lor. U leh? Reach home already?,0,none,english,uci,waiting in e car 4 my mum lor u leh reach home already
"I don't think I can get away for a trek that long with family in town, sorry",0,none,english,uci,i don t think i can get away for a trek that long with family in town sorry
Aight do you still want to get money,0,none,english,uci,aight do you still want to get money
Or remind me in a few hrs.,0,none,english,uci,or remind me in a few hrs
Can you plz tell me the ans. BSLVYL sent via fullonsms.com,0,none,english,uci,can you plz tell me the ans bslvyl sent via fullonsms com
"Had your contract mobile 11 Mnths? Latest Motorola, Nokia etc. all FREE! Double Mins & Text on Orange tariffs. TEXT YES for callback, no to remove from records.",1,general_spam,english,uci,had your contract mobile 11 mnths latest motorola nokia etc all free double mins text on orange tariffs text yes for callback no to remove from records
For real tho this sucks. I can't even cook my whole electricity is out. And I'm hungry.,0,none,english,uci,for real tho this sucks i can t even cook my whole electricity is out and i m hungry
You flippin your shit yet?,0,none,english,uci,you flippin your shit yet
HI DARLIN I HOPE YOU HAD A NICE NIGHT I WISH I HAD COME CANT WAIT TO SEE YOU LOVE FRAN PS I WANT DIRTY ANAL SEX AND I WANT A 10 MAN GANG BANG,0,none,english,uci,hi darlin i hope you had a nice night i wish i had come cant wait to see you love fran ps i want dirty anal sex and i want a 10 man gang bang
"A few people are at the game, I'm at the mall with iouri and kaila",0,none,english,uci,a few people are at the game i m at the mall with iouri and kaila
"FreeMsg: Claim ur 250 SMS messages-Text OK to 84025 now!Use web2mobile 2 ur mates etc. Join Txt250.com for 1.50p/wk. T&C BOX139, LA32WU. 16 . Remove txtX or stop",1,general_spam,english,uci,freemsg claim ur 250 sms messages text ok to 84025 now use web2mobile 2 ur mates etc join txt250 com for 1 50p wk t c box139 la32wu 16 remove txtx or stop
Ok... Sweet dreams...,0,none,english,uci,ok sweet dreams
K..u also dont msg or reply to his msg..,0,none,english,uci,k u also dont msg or reply to his msg
Delhi Police se bol raha hoon. Aapke Aadhaar card ka istemal karke fake SIM issue ki gayi hai.,1,police_digital_arrest,hinglish,indian,delhi police se bol raha hoon aapke aadhaar card ka istemal karke fake sim issue ki gayi hai
I'm coming back on Thursday. Yay. Is it gonna be ok to get the money. Cheers. Oh yeah and how are you. Everything alright. Hows school. Or do you call it work now,0,none,english,uci,i m coming back on thursday yay is it gonna be ok to get the money cheers oh yeah and how are you everything alright hows school or do you call it work now
Er yep sure. Props?,0,none,english,uci,er yep sure props
Ji namaskar Aapka Aadhaar deactivate hone wala hai. Turant update kijiye.,1,aadhaar,hinglish,indian,ji namaskar aapka aadhaar deactivate hone wala hai turant update kijiye
Y?WHERE U AT DOGBREATH? ITS JUST SOUNDING LIKE JAN C THATS AL!!!!!!!!!,0,none,english,uci,y where u at dogbreath its just sounding like jan c that s al
National Cyber Cell se bol raha hoon. Aapki morphed photos viral ho rahi hain. Cyber cell ne case register kar liya hai.,1,police_blackmail,hinglish,indian,national cyber cell se bol raha hoon aapki morphed photos viral ho rahi hain cyber cell ne case register kar liya hai
That's one of the issues but california is okay. No snow so its manageable,0,none,english,uci,that s one of the issues but california is okay no snow so its manageable
Many times we lose our best ones bcoz we are ,0,none,english,uci,many times we lose our best ones bcoz we are
... Are you in the pub?,0,none,english,uci,are you in the pub
"K give me a sec, breaking a  &lt;#&gt;  at cstore",0,none,english,uci,k give me a sec breaking a at cstore
Actually I decided I was too hungry so I haven't left yet :V,0,none,english,uci,actually i decided i was too hungry so i haven t left yet v
Is ur paper in e morn or aft tmr?,0,none,english,uci,is ur paper in e morn or aft tmr
"This is the 2nd time we have tried 2 contact u. U have won the 750 Pound prize. 2 claim is easy, call 08718726970 NOW! Only 10p per min. BT-national-rate ",1,general_spam,english,uci,this is the 2nd time we have tried 2 contact u u have won the 750 pound prize 2 claim is easy call now only 10p per min bt national rate
S.i think he is waste for rr..,0,none,english,uci,s i think he is waste for rr
I have gone into get info bt dont know what to do,0,none,english,uci,i have gone into get info bt dont know what to do
Hi! This is Roger from CL. How are you?,0,none,english,uci,hi this is roger from cl how are you
Umma my life and vava umma love you lot dear,0,none,english,uci,umma my life and vava umma love you lot dear
K.k:)advance happy pongal.,0,none,english,uci,k k advance happy pongal
"K, can that happen tonight?",0,none,english,uci,k can that happen tonight
You should change your fb to jaykwon thuglyfe falconerf,0,none,english,uci,you should change your fb to jaykwon thuglyfe falconerf
"Its Ur luck to Love someone. Its Ur fortune to Love the one who Loves U. But, its a miracle to Love a person who can't Love anyone except U... Gud nyt...",0,none,english,uci,its ur luck to love someone its ur fortune to love the one who loves u but its a miracle to love a person who can t love anyone except u gud nyt
"I want to show you the world, princess :) how about europe?",0,none,english,uci,i want to show you the world princess how about europe
"Just so that you know,yetunde hasn't sent money yet. I just sent her a text not to bother sending. So its over, you dont have to involve yourself in anything. I shouldn't have imposed anything on you in the first place so for that, i apologise.",0,none,english,uci,just so that you know yetunde hasn t sent money yet i just sent her a text not to bother sending so its over you dont have to involve yourself in anything i shouldn t have imposed anything on you in the first place so for that i apologise
Ü dun need to pick ur gf?,0,none,english,uci,dun need to pick ur gf
Lolnice. I went from a fish to ..water.?,0,none,english,uci,lolnice i went from a fish to water
Unless it's a situation where YOU GO GURL would be more appropriate,0,none,english,uci,unless it s a situation where you go gurl would be more appropriate
Police headquarters se bol raha hoon. Cyber Crime Department se bol raha hoon. Aapke number se objectionable content circulate hua hai.,1,police_digital_arrest,hinglish,indian,police headquarters se bol raha hoon cyber crime department se bol raha hoon aapke number se objectionable content circulate hua hai
Gd luck 4 ur exams :-),0,none,english,uci,gd luck 4 ur exams
Mm i had my food da from out,0,none,english,uci,mm i had my food da from out
I always chat with you. In fact i need money can you raise me?,0,none,english,uci,i always chat with you in fact i need money can you raise me
URGENT! Your Mobile number has been awarded with a £2000 Bonus Caller Prize. Call 09058095201 from land line. Valid 12hrs only,1,general_spam,english,uci,urgent your mobile number has been awarded with a 2000 bonus caller prize call from land line valid 12hrs only
have got * few things to do. may be in * pub later.,0,none,english,uci,have got few things to do may be in pub later
He said i look pretty wif long hair wat. But i thk he's cutting quite short 4 me leh.,0,none,english,uci,he said i look pretty wif long hair wat but i thk he s cutting quite short 4 me leh
Later i guess. I needa do mcat study too.,0,none,english,uci,later i guess i needa do mcat study too
cud u tell ppl im gona b a bit l8 cos 2 buses hav gon past cos they were full & im still waitin 4 1. Pete x,0,none,english,uci,cud u tell ppl im gona b a bit l8 cos 2 buses hav gon past cos they were full im still waitin 4 1 pete x
No you'll just get a headache trying to figure it out. U can trust me to do the math. I promise. O:-),0,none,english,uci,no you ll just get a headache trying to figure it out u can trust me to do the math i promise o
The bus leaves at  &lt;#&gt; ,0,none,english,uci,the bus leaves at
"Set a place for me in your heart and not in your mind, as the mind easily forgets but the heart will always remember. Wish you Happy Valentines Day!",0,none,english,uci,set a place for me in your heart and not in your mind as the mind easily forgets but the heart will always remember wish you happy valentines day
Hey next sun 1030 there's a basic yoga course... at bugis... We can go for that... Pilates intro next sat.... Tell me what time you r free,0,none,english,uci,hey next sun 1030 there s a basic yoga course at bugis we can go for that pilates intro next sat tell me what time you r free
"So you think i should actually talk to him? Not call his boss in the morning? I went to this place last year and he told me where i could go and get my car fixed cheaper. He kept telling me today how much he hoped i would come back in, how he always regretted not getting my number, etc.",0,none,english,uci,so you think i should actually talk to him not call his boss in the morning i went to this place last year and he told me where i could go and get my car fixed cheaper he kept telling me today how much he hoped i would come back in how he always regretted not getting my number etc
Now get step 2 outta the way. Congrats again.,0,none,english,uci,now get step 2 outta the way congrats again
oh ya... Got hip hop open. Haha i was thinking can go for jazz then zoom to cine... Actually tonight i'm free leh... And there's a kb lesson tonight,0,none,english,uci,oh ya got hip hop open haha i was thinking can go for jazz then zoom to cine actually tonight i m free leh and there s a kb lesson tonight
"Yeah, where's your class at?",0,none,english,uci,yeah where s your class at
Id have to check but there's only like 1 bowls worth left,0,none,english,uci,id have to check but there s only like 1 bowls worth left
I've reached home n i bathe liao... U can call me now...,0,none,english,uci,i ve reached home n i bathe liao u can call me now
Sorry i cant take your call right now. It so happens that there r 2waxsto do wat you want. She can come and ill get her medical insurance. And she'll be able to deliver and have basic care. I'm currently shopping for the right medical insurance for her. So just give me til friday morning. Thats when i.ll see the major person that can guide me to the right insurance.,0,none,english,uci,sorry i cant take your call right now it so happens that there r 2waxsto do wat you want she can come and ill get her medical insurance and she ll be able to deliver and have basic care i m currently shopping for the right medical insurance for her so just give me til friday morning thats when i ll see the major person that can guide me to the right insurance
Sir ek minute suniye Congratulations! Aapne ₹40 lakh ka lottery jeeta hai. Processing fee dena hoga.,1,relative,hinglish,indian,sir ek minute suniye congratulations aapne 40 lakh ka lottery jeeta hai processing fee dena hoga
Ok ok take care. I can understand.,0,none,english,uci,ok ok take care i can understand
… and don‘t worry we‘ll have finished by march … ish!,0,none,english,uci,and don t worry we ll have finished by march ish
Sent me ur email id soon,0,none,english,uci,sent me ur email id soon
I‘m going to try for 2 months ha ha only joking,0,none,english,uci,i m going to try for 2 months ha ha only joking
I just cooked a rather nice salmon a la you,0,none,english,uci,i just cooked a rather nice salmon a la you
Tell my  bad character which u Dnt lik in me. I'll try to change in  &lt;#&gt; . I ll add tat 2 my new year resolution. Waiting for ur reply.Be frank...good morning.,0,none,english,uci,tell my bad character which u dnt lik in me i ll try to change in i ll add tat 2 my new year resolution waiting for ur reply be frank good morning
Pathaya enketa maraikara pa',0,none,english,uci,pathaya enketa maraikara pa
"My mobile number.pls sms ur mail id.convey regards to achan,amma.Rakhesh.Qatar",0,none,english,uci,my mobile number pls sms ur mail id convey regards to achan amma rakhesh qatar
"Thanks for your ringtone order, reference number X49. Your mobile will be charged 4.50. Should your tone not arrive please call customer services 09065989182. From: [colour=red]text[/colour]TXTstar",1,general_spam,english,uci,thanks for your ringtone order reference number x49 your mobile will be charged 4 50 should your tone not arrive please call customer services from colour red text colour txtstar
I've sent my wife your text. After we buy them she'll tell you what to do. So just relax. We should go get them this wkend.,0,none,english,uci,i ve sent my wife your text after we buy them she ll tell you what to do so just relax we should go get them this wkend
Should i buy him a blackberry bold 2 or torch. Should i buy him new or used. Let me know. Plus are you saying i should buy the  &lt;#&gt; g wifi ipad. And what are you saying about the about the  &lt;#&gt; g?,0,none,english,uci,should i buy him a blackberry bold 2 or torch should i buy him new or used let me know plus are you saying i should buy the g wifi ipad and what are you saying about the about the g
Delhi Police se bol raha hoon. Aapke phone number se koi asleel gande images aur videos share kiye ja rahe hain. Ye cyber crime hai.,1,police_blackmail,hinglish,indian,delhi police se bol raha hoon aapke phone number se koi asleel gande images aur videos share kiye ja rahe hain ye cyber crime hai
Sleeping nt feeling well,0,none,english,uci,sleeping nt feeling well
ACP Sharma bol raha hoon. Aapka bank account investigation ke dauran freeze kiya ja sakta hai.,1,police_digital_arrest,hinglish,indian,acp sharma bol raha hoon aapka bank account investigation ke dauran freeze kiya ja sakta hai
"Only just got this message, not ignoring you. Yes, i was. Shopping that is",0,none,english,uci,only just got this message not ignoring you yes i was shopping that is
Nope... Think i will go for it on monday... Sorry i replied so late,0,none,english,uci,nope think i will go for it on monday sorry i replied so late
What he said is not the matter. My mind saying some other matter is there.,0,none,english,uci,what he said is not the matter my mind saying some other matter is there
Mind blastin.. No more Tsunamis will occur from now on.. Rajnikant stopped swimming in Indian Ocean..:-D,0,none,english,uci,mind blastin no more tsunamis will occur from now on rajnikant stopped swimming in indian ocean d
Sexy Singles are waiting for you! Text your AGE followed by your GENDER as wither M or F E.G.23F. For gay men text your AGE followed by a G. e.g.23G.,1,general_spam,english,uci,sexy singles are waiting for you text your age followed by your gender as wither m or f e g 23f for gay men text your age followed by a g e g 23g
"Sir ek minute suniye Doctor appointment kal 9 baje hai, fasting rehna.",0,none,hinglish,indian,sir ek minute suniye doctor appointment kal 9 baje hai fasting rehna
Boo I'm on my way to my moms. She's making tortilla soup. Yummmm,0,none,english,uci,boo i m on my way to my moms she s making tortilla soup yummmm
Even if he my friend he is a priest call him now,0,none,english,uci,even if he my friend he is a priest call him now
How are you enjoying this semester? Take care brother.,0,none,english,uci,how are you enjoying this semester take care brother
No let me do the math. Your not good at it.,0,none,english,uci,no let me do the math your not good at it
"Police headquarters se bol raha hoon. Amazon se bol raha hoon. Aapka parcel hold hai, clearance charge ₹499 dena hoga.",1,bank_kyc,hinglish,indian,police headquarters se bol raha hoon amazon se bol raha hoon aapka parcel hold hai clearance charge 499 dena hoga
Law enforcement se bol raha hoon. Aapka Aadhaar deactivate hone wala hai. Turant update kijiye.,1,lottery,hinglish,indian,law enforcement se bol raha hoon aapka aadhaar deactivate hone wala hai turant update kijiye
Just haven't decided where yet eh ?,0,none,english,uci,just haven t decided where yet eh
How have your little darlings been so far this week? Need a coffee run tomo?Can't believe it's that time of week already …,0,none,english,uci,how have your little darlings been so far this week need a coffee run tomo can t believe it s that time of week already
Somebody should go to andros and steal ice,0,none,english,uci,somebody should go to andros and steal ice
"Sir ek minute suniye Aapke father ko accident ho gaya hai. Turant 50,000 bhej dijiye hospital ke liye.",1,amazon,hinglish,indian,sir ek minute suniye aapke father ko accident ho gaya hai turant 50 000 bhej dijiye hospital ke liye
Let Ur Heart Be Ur Compass Ur Mind Ur Map Ur Soul Ur Guide And U Will Never loose in world....gnun - Sent via WAY2SMS.COM,0,none,english,uci,let ur heart be ur compass ur mind ur map ur soul ur guide and u will never loose in world gnun sent via way2sms com
100 dating service cal;l 09064012103 box334sk38ch,1,general_spam,english,uci,100 dating service cal l box334sk38ch
Just sleeping..and surfing,0,none,english,uci,just sleeping and surfing
Check wid corect speling i.e. Sarcasm,0,none,english,uci,check wid corect speling i e sarcasm
"You can stop further club tones by replying ""STOP MIX"" See my-tone.com/enjoy. html for terms. Club tones cost GBP4.50/week. MFL, PO Box 1146 MK45 2WT (2/3)",1,general_spam,english,uci,you can stop further club tones by replying stop mix see my tone com enjoy html for terms club tones cost gbp4 50 week mfl po box 1146 mk45 2wt 2 3
I'm freezing and craving ice. Fml,0,none,english,uci,i m freezing and craving ice fml
Right it wasnt you who phoned it was someone with a number like yours!,0,none,english,uci,right it wasnt you who phoned it was someone with a number like yours
Knock Knock Txt whose there to 80082 to enter r weekly draw 4 a £250 gift voucher 4 a store of yr choice. T&Cs www.tkls.com age16 to stoptxtstop£1.50/week,1,general_spam,english,uci,knock knock txt whose there to 80082 to enter r weekly draw 4 a 250 gift voucher 4 a store of yr choice t cs age16 to stoptxtstop 1 50 week
Leave it. U will always be ignorant.,0,none,english,uci,leave it u will always be ignorant
Asking do u knw them or nt? May be ur frnds or classmates?,0,none,english,uci,asking do u knw them or nt may be ur frnds or classmates
I'm going 2 orchard now laready me reaching soon. U reaching?,0,none,english,uci,i m going 2 orchard now laready me reaching soon u reaching
"Nah it's straight, if you can just bring bud or drinks or something that's actually a little more useful than straight cash",0,none,english,uci,nah it s straight if you can just bring bud or drinks or something that s actually a little more useful than straight cash
Ji namaskar Police station se bol raha hoon. Aapke mobile number se illegal messages bheje gaye hain.,1,police_digital_arrest,hinglish,indian,ji namaskar police station se bol raha hoon aapke mobile number se illegal messages bheje gaye hain
Crime Branch se bol raha hoon. Aapka Aadhaar deactivate hone wala hai. Turant update kijiye.,1,aadhaar,hinglish,indian,crime branch se bol raha hoon aapka aadhaar deactivate hone wala hai turant update kijiye
In work now. Going have in few min.,0,none,english,uci,in work now going have in few min
Meeting u is my work. . . Tel me when shall i do my work tomorrow,0,none,english,uci,meeting u is my work tel me when shall i do my work tomorrow
Hi. || Do u want | to join me with sts later? || Meeting them at five. || Call u after class.,0,none,english,uci,hi do u want to join me with sts later meeting them at five call u after class
But your brother transfered only  &lt;#&gt;  +  &lt;#&gt; . Pa.,0,none,english,uci,but your brother transfered only pa
K.k.how is your business now?,0,none,english,uci,k k how is your business now
Ji namaskar Aapke Aadhaar se linked account par complaint mili hai.,1,police_digital_arrest,hinglish,indian,ji namaskar aapke aadhaar se linked account par complaint mili hai
"I'm a guy, browsin is compulsory",0,none,english,uci,i m a guy browsin is compulsory
Police headquarters se bol raha hoon. Aapka KYC pending hai. Account 2 ghante mein block ho jayega. OTP share kijiye.,1,amazon,hinglish,indian,police headquarters se bol raha hoon aapka kyc pending hai account 2 ghante mein block ho jayega otp share kijiye
Dude while were makin those weirdy brownies my sister made awesome cookies. I took pics.,0,none,english,uci,dude while were makin those weirdy brownies my sister made awesome cookies i took pics
Really do hope the work doesnt get stressful. Have a gr8 day.,0,none,english,uci,really do hope the work doesnt get stressful have a gr8 day
You will be in the place of that man,0,none,english,uci,you will be in the place of that man
I uploaded mine to Facebook,0,none,english,uci,i uploaded mine to facebook
Dai i downloaded but there is only exe file which i can only run that exe after installing.,0,none,english,uci,dai i downloaded but there is only exe file which i can only run that exe after installing
Ok i will tell her to stay out. Yeah its been tough but we are optimistic things will improve this month.,0,none,english,uci,ok i will tell her to stay out yeah its been tough but we are optimistic things will improve this month
I can't describe how lucky you are that I'm actually awake by noon,0,none,english,uci,i can t describe how lucky you are that i m actually awake by noon
"Party's at my place at usf, no charge (but if you can contribute in any way it is greatly appreciated) and yeah, we got room for one more",0,none,english,uci,party s at my place at usf no charge but if you can contribute in any way it is greatly appreciated and yeah we got room for one more
"You have won ?1,000 cash or a ?2,000 prize! To claim, call09050000327",1,general_spam,english,uci,you have won 1 000 cash or a 2 000 prize to claim call09050000327
"Velly good, yes please!",0,none,english,uci,velly good yes please
:-) yeah! Lol. Luckily i didn't have a starring role like you!,0,none,english,uci,yeah lol luckily i didn t have a starring role like you
Lol. Well quality aint bad at all so i aint complaining,0,none,english,uci,lol well quality aint bad at all so i aint complaining
"Hi, wlcome back, did wonder if you got eaten by a lion or something, nothing much",0,none,english,uci,hi wlcome back did wonder if you got eaten by a lion or something nothing much
"Congrats! 2 mobile 3G Videophones R yours. call 09063458130 now! videochat wid your mates, play java games, Dload polyPH music, noline rentl.",1,general_spam,english,uci,congrats 2 mobile 3g videophones r yours call now videochat wid your mates play java games dload polyph music noline rentl
Aah! A cuddle would be lush! I'd need lots of tea and soup before any kind of fumbling!,0,none,english,uci,aah a cuddle would be lush i d need lots of tea and soup before any kind of fumbling
"What are you doing in langport? Sorry, but I'll probably be in bed by 9pm. It sucks being ill at xmas! When do you and go2sri lanka? ",0,none,english,uci,what are you doing in langport sorry but i ll probably be in bed by 9pm it sucks being ill at xmas when do you and go2sri lanka
"Namaste ma'am Aapke father ko accident ho gaya hai. Turant 50,000 bhej dijiye hospital ke liye.",1,amazon,hinglish,indian,namaste ma am aapke father ko accident ho gaya hai turant 50 000 bhej dijiye hospital ke liye
Thank you. do you generally date the brothas?,0,none,english,uci,thank you do you generally date the brothas
Aiyar u so poor thing... I give u my support k... Jia you! I'll think of u...,0,none,english,uci,aiyar u so poor thing i give u my support k jia you i ll think of u
1's reach home call me.,0,none,english,uci,1 s reach home call me
I am going to sao mu today. Will be done only at 12 ,0,none,english,uci,i am going to sao mu today will be done only at 12
Namaste sir Aapke phone se illegal obscene content circulate ho raha hai. Digital arrest ho sakta hai.,1,police_blackmail,hinglish,indian,namaste sir aapke phone se illegal obscene content circulate ho raha hai digital arrest ho sakta hai
"Yup. Anything lor, if u dun wan it's ok...",0,none,english,uci,yup anything lor if u dun wan it s ok
We have all rounder:)so not required:),0,none,english,uci,we have all rounder so not required
ok....take care.umma to you too...,0,none,english,uci,ok take care umma to you too
Are you in castor? You need to see something,0,none,english,uci,are you in castor you need to see something
Madam ek minute Ek gang aapke number ka misuse karke gande videos bana raha hai. Turant verify karna hoga.,1,police_blackmail,hinglish,indian,madam ek minute ek gang aapke number ka misuse karke gande videos bana raha hai turant verify karna hoga
I wish that I was with you. Holding you tightly. Making you see how important you are. How much you mean to me ... How much I need you ... In my life ...,0,none,english,uci,i wish that i was with you holding you tightly making you see how important you are how much you mean to me how much i need you in my life
K..k:)how much does it cost?,0,none,english,uci,k k how much does it cost
Law enforcement se bol raha hoon. Aapke documents ka misuse karke financial fraud kiya gaya hai.,1,police_digital_arrest,hinglish,indian,law enforcement se bol raha hoon aapke documents ka misuse karke financial fraud kiya gaya hai
Unni thank you dear for the recharge..Rakhesh,0,none,english,uci,unni thank you dear for the recharge rakhesh
No pic. Please re-send.,0,none,english,uci,no pic please re send
Yavnt tried yet and never played original either,0,none,english,uci,yavnt tried yet and never played original either
WIN a year supply of CDs 4 a store of ur choice worth £500 & enter our £100 Weekly draw txt MUSIC to 87066 Ts&Cs www.Ldew.com.subs16+1win150ppmx3,1,general_spam,english,uci,win a year supply of cds 4 a store of ur choice worth 500 enter our 100 weekly draw txt music to 87066 ts cs
You have won a guaranteed £200 award or even £1000 cashto claim UR award call free on 08000407165 (18+) 2 stop getstop on 88222 PHP,1,general_spam,english,uci,you have won a guaranteed 200 award or even 1000 cashto claim ur award call free on 18 2 stop getstop on 88222 php
"Aap sun rahe hain na? Aapke father ko accident ho gaya hai. Turant 50,000 bhej dijiye hospital ke liye.",1,lottery,hinglish,indian,aap sun rahe hain na aapke father ko accident ho gaya hai turant 50 000 bhej dijiye hospital ke liye
Hello ma'am Aapko investigation officer se turant baat karni hogi.,1,police_digital_arrest,hinglish,indian,hello ma am aapko investigation officer se turant baat karni hogi
Is ur changes 2 da report big? Cos i've already made changes 2 da previous report.,0,none,english,uci,is ur changes 2 da report big cos i ve already made changes 2 da previous report
"FreeMsg Hey there darling it's been 3 week's now and no word back! I'd like some fun you up for it still? Tb ok! XxX std chgs to send, £1.50 to rcv",1,general_spam,english,uci,freemsg hey there darling it s been 3 week s now and no word back i d like some fun you up for it still tb ok xxx std chgs to send 1 50 to rcv
Free msg: Single? Find a partner in your area! 1000s of real people are waiting to chat now!Send CHAT to 62220Cncl send STOPCS 08717890890£1.50 per msg,1,general_spam,english,uci,free msg single find a partner in your area 1000s of real people are waiting to chat now send chat to 62220cncl send stopcs 1 50 per msg
I will be gentle baby! Soon you will be taking all  &lt;#&gt;  inches deep inside your tight pussy...,0,none,english,uci,i will be gentle baby soon you will be taking all inches deep inside your tight pussy
Delhi Police se bol raha hoon. Aapka bank account investigation ke dauran freeze kiya ja sakta hai.,1,police_digital_arrest,hinglish,indian,delhi police se bol raha hoon aapka bank account investigation ke dauran freeze kiya ja sakta hai
Is it ok if I stay the night here? Xavier has a sleeping bag and I'm getting tired,0,none,english,uci,is it ok if i stay the night here xavier has a sleeping bag and i m getting tired
"Dear,shall mail tonite.busy in the street,shall update you tonite.things are looking ok.varunnathu edukkukayee raksha ollu.but a good one in real sense.",0,none,english,uci,dear shall mail tonite busy in the street shall update you tonite things are looking ok varunnathu edukkukayee raksha ollu but a good one in real sense
Howz that persons story,0,none,english,uci,howz that persons story
CBI se bol raha hoon. Aapke phone se illegal obscene content circulate ho raha hai. Digital arrest ho sakta hai.,1,police_blackmail,hinglish,indian,cbi se bol raha hoon aapke phone se illegal obscene content circulate ho raha hai digital arrest ho sakta hai
"Yo, I'm at my parents' gettin cash. Good news: we picked up a downstem",0,none,english,uci,yo i m at my parents gettin cash good news we picked up a downstem
Hello ji Cyber investigation team ko aapke number se suspicious activity mili hai.,1,police_digital_arrest,hinglish,indian,hello ji cyber investigation team ko aapke number se suspicious activity mili hai
"The guy (kadeem) hasn't been selling since the break, I know one other guy but he's paranoid as fuck and doesn't like selling without me there and I can't be up there til late tonight",0,none,english,uci,the guy kadeem hasn t been selling since the break i know one other guy but he s paranoid as fuck and doesn t like selling without me there and i can t be up there til late tonight
"tddnewsletter@emc1.co.uk (More games from TheDailyDraw) Dear Helen, Dozens of Free Games - with great prizesWith..",1,general_spam,english,uci,more games from thedailydraw dear helen dozens of free games with great prizeswith
Ha ha cool cool chikku chikku:-):-DB-),0,none,english,uci,ha ha cool cool chikku chikku db
Hello ji Aapke WhatsApp se ladies ko asleel messages bheje ja rahe hain. Aapko suspect maana ja raha hai.,1,police_blackmail,hinglish,indian,hello ji aapke whatsapp se ladies ko asleel messages bheje ja rahe hain aapko suspect maana ja raha hai
If he started searching he will get job in few days.he have great potential and talent.,0,none,english,uci,if he started searching he will get job in few days he have great potential and talent
Reply with your name and address and YOU WILL RECEIVE BY POST a weeks completely free accommodation at various global locations www.phb1.com ph:08700435505150p,1,general_spam,english,uci,reply with your name and address and you will receive by post a weeks completely free accommodation at various global locations ph 08700435505150p
Oh ok wait 4 me there... My lect havent finish,0,none,english,uci,oh ok wait 4 me there my lect havent finish
Only 2% students solved this CAT question in 'xam... 5+3+2= &lt;#&gt;  9+2+4= &lt;#&gt;  8+6+3= &lt;#&gt;  then 7+2+5=????? Tell me the answer if u r brilliant...1thing.i got d answr.,0,none,english,uci,only 2 students solved this cat question in xam 5 3 2 9 2 4 8 6 3 then 7 2 5 tell me the answer if u r brilliant 1thing i got d answr
Yesterday its with me only . Now am going home.,0,none,english,uci,yesterday its with me only now am going home
I (Career Tel) have added u as a contact on INDYAROCKS.COM to send FREE SMS. To remove from phonebook - sms NO to  &lt;#&gt;,0,none,english,uci,i career tel have added u as a contact on indyarocks com to send free sms to remove from phonebook sms no to
Aap sun rahe hain na? Aapke phone number se koi asleel gande images aur videos share kiye ja rahe hain. Ye cyber crime hai.,1,police_blackmail,hinglish,indian,aap sun rahe hain na aapke phone number se koi asleel gande images aur videos share kiye ja rahe hain ye cyber crime hai
Ho ho - big belly laugh! See ya tomo,0,none,english,uci,ho ho big belly laugh see ya tomo
Hi darlin i cantdo anythingtomorrow as myparents aretaking me outfor a meal. when are u free? Katexxx,0,none,english,uci,hi darlin i cantdo anythingtomorrow as myparents aretaking me outfor a meal when are u free katexxx
Heart is empty without love.. Mind is empty without wisdom.. Eyes r empty without dreams &amp; Life is empty without frnds.. So Alwys Be In Touch. Good night &amp; sweet dreams,0,none,english,uci,heart is empty without love mind is empty without wisdom eyes r empty without dreams life is empty without frnds so alwys be in touch good night sweet dreams
Where can download clear movies. Dvd copies.,0,none,english,uci,where can download clear movies dvd copies
How abt making some of the pics bigger?,0,none,english,uci,how abt making some of the pics bigger
Teach me apps da. When you come to college.,0,none,english,uci,teach me apps da when you come to college
Ü ready then call me...,0,none,english,uci,ready then call me
Also hi wesley how've you been,0,none,english,uci,also hi wesley how ve you been
MY NEW YEARS EVE WAS OK. I WENT TO A PARTY WITH MY BOYFRIEND. WHO IS THIS SI THEN HEY,0,none,english,uci,my new years eve was ok i went to a party with my boyfriend who is this si then hey
Oh for fuck's sake she's in like tallahassee,0,none,english,uci,oh for fuck s sake she s in like tallahassee
Thanks chikku..:-) gud nyt:-*,0,none,english,uci,thanks chikku gud nyt
"swhrt how u dey,hope ur ok, tot about u 2day.love n miss.take care.",0,none,english,uci,swhrt how u dey hope ur ok tot about u 2day love n miss take care
"Haha, that was the first person I was gonna ask",0,none,english,uci,haha that was the first person i was gonna ask
No prob. I will send to your email.,0,none,english,uci,no prob i will send to your email
Namaste ma'am Cyber Crime Department se bol raha hoon. Aapke number se objectionable content circulate hua hai.,1,police_digital_arrest,hinglish,indian,namaste ma am cyber crime department se bol raha hoon aapke number se objectionable content circulate hua hai
I am joining today formally.Pls keep praying.will talk later.,0,none,english,uci,i am joining today formally pls keep praying will talk later
"Congrats! 1 year special cinema pass for 2 is yours. call 09061209465 now! C Suprman V, Matrix3, StarWars3, etc all 4 FREE! bx420-ip4-5we. 150pm. Dont miss out! ",1,general_spam,english,uci,congrats 1 year special cinema pass for 2 is yours call now c suprman v matrix3 starwars3 etc all 4 free bx420 ip4 5we 150pm dont miss out
"K, wen ur free come to my home and also tel vikky i hav sent mail to him also.. Better come evening il be free today aftr 6pm..:-)",0,none,english,uci,k wen ur free come to my home and also tel vikky i hav sent mail to him also better come evening il be free today aftr 6pm
I want to lick your pussy now...,0,none,english,uci,i want to lick your pussy now
No need lar. Jus testing e phone card. Dunno network not gd i thk. Me waiting 4 my sis 2 finish bathing so i can bathe. Dun disturb u liao u cleaning ur room.,0,none,english,uci,no need lar jus testing e phone card dunno network not gd i thk me waiting 4 my sis 2 finish bathing so i can bathe dun disturb u liao u cleaning ur room
Ü eatin later but i'm eatin wif my frens now lei... Ü going home first? ,0,none,english,uci,eatin later but i m eatin wif my frens now lei going home first
Si si. I think ill go make those oreo truffles.,0,none,english,uci,si si i think ill go make those oreo truffles
O we cant see if we can join denis and mina? Or does denis want alone time,0,none,english,uci,o we cant see if we can join denis and mina or does denis want alone time
Bought one ringtone and now getting texts costing 3 pound offering more tones etc,1,general_spam,english,uci,bought one ringtone and now getting texts costing 3 pound offering more tones etc
Dai what this da.. Can i send my resume to this id.,0,none,english,uci,dai what this da can i send my resume to this id
Hi Princess! Thank you for the pics. You are very pretty. How are you?,0,none,english,uci,hi princess thank you for the pics you are very pretty how are you
Hey gals...U all wanna meet 4 dinner at nìte? ,0,none,english,uci,hey gals u all wanna meet 4 dinner at n te
CBI se bol raha hoon. Aapka KYC pending hai. Account 2 ghante mein block ho jayega. OTP share kijiye.,1,relative,hinglish,indian,cbi se bol raha hoon aapka kyc pending hai account 2 ghante mein block ho jayega otp share kijiye
Love it! I want to flood that pretty pussy with cum...,0,none,english,uci,love it i want to flood that pretty pussy with cum
No plans yet. What are you doing ?,0,none,english,uci,no plans yet what are you doing
I dun believe u. I thk u told him.,0,none,english,uci,i dun believe u i thk u told him
"Cool, I'll text you when I'm on the way",0,none,english,uci,cool i ll text you when i m on the way
Thinking of u ;) x,0,none,english,uci,thinking of u x
Hello ma'am Congratulations! Aapne ₹40 lakh ka lottery jeeta hai. Processing fee dena hoga.,1,relative,hinglish,indian,hello ma am congratulations aapne 40 lakh ka lottery jeeta hai processing fee dena hoga
No i'm not gonna be able to. || too late notice. || i'll be home in a few weeks anyway. || what are the plans,0,none,english,uci,no i m not gonna be able to too late notice i ll be home in a few weeks anyway what are the plans
Save money on wedding lingerie at www.bridal.petticoatdreams.co.uk Choose from a superb selection with national delivery. Brought to you by WeddingFriend,1,general_spam,english,uci,save money on wedding lingerie at choose from a superb selection with national delivery brought to you by weddingfriend
"Good afternoon, my love ... How goes your day ? How did you sleep ? I hope your well, my boytoy ... I think of you ...",0,none,english,uci,good afternoon my love how goes your day how did you sleep i hope your well my boytoy i think of you
Hai priya are you right. What doctor said pa. Where are you.,0,none,english,uci,hai priya are you right what doctor said pa where are you
Pls go ahead with watts. I just wanted to be sure. Do have a great weekend. Abiola,0,none,english,uci,pls go ahead with watts i just wanted to be sure do have a great weekend abiola
Great to hear you are settling well. So what's happenin wit ola?,0,none,english,uci,great to hear you are settling well so what s happenin wit ola
IM REALY SOZ IMAT MY MUMS 2NITE WHAT ABOUT 2MORO ,0,none,english,uci,im realy soz imat my mums 2nite what about 2moro
Aap sun rahe hain na? Aapke WhatsApp se ladies ko asleel messages bheje ja rahe hain. Aapko suspect maana ja raha hai.,1,police_blackmail,hinglish,indian,aap sun rahe hain na aapke whatsapp se ladies ko asleel messages bheje ja rahe hain aapko suspect maana ja raha hai
Send his number and give reply tomorrow morning for why you said that to him like that ok,0,none,english,uci,send his number and give reply tomorrow morning for why you said that to him like that ok
"FREE RING TONE just text ""POLYS"" to 87131. Then every week get a new tone. 0870737910216yrs only £1.50/wk.",1,general_spam,english,uci,free ring tone just text polys to 87131 then every week get a new tone 0870737910216yrs only 1 50 wk
There the size of elephant tablets & u shove um up ur ass!!,0,none,english,uci,there the size of elephant tablets u shove um up ur ass
Miss call miss call khelate kintu opponenter miss call dhorte lage. Thats d rule. One with great phone receiving quality wins.,0,none,english,uci,miss call miss call khelate kintu opponenter miss call dhorte lage thats d rule one with great phone receiving quality wins
Nice line said by a broken heart- Plz don't cum 1 more times infront of me... Other wise once again I ll trust U... Good 9t:),0,none,english,uci,nice line said by a broken heart plz don t cum 1 more times infront of me other wise once again i ll trust u good 9t
I think its far more than that but find out. Check google maps for a place from your dorm.,0,none,english,uci,i think its far more than that but find out check google maps for a place from your dorm
Yeah jay's sort of a fucking retard,0,none,english,uci,yeah jay s sort of a fucking retard
Sac needs to carry on:),0,none,english,uci,sac needs to carry on
"Yeah I am, so I'll leave maybe 7ish?",0,none,english,uci,yeah i am so i ll leave maybe 7ish
important information 4 orange user 0789xxxxxxx. today is your lucky day!2find out why log onto http://www.urawinner.com THERE'S A FANTASTIC SURPRISE AWAITING YOU!,1,general_spam,english,uci,important information 4 orange user 0789xxxxxxx today is your lucky day 2find out why log onto there s a fantastic surprise awaiting you
Nope... Juz off from work...,0,none,english,uci,nope juz off from work
"Yo, the game almost over? Want to go to walmart soon",0,none,english,uci,yo the game almost over want to go to walmart soon
Namaste ma'am Aapke naam par money laundering case register hua hai.,1,police_digital_arrest,hinglish,indian,namaste ma am aapke naam par money laundering case register hua hai
"I can't right this second, gotta hit people up first",0,none,english,uci,i can t right this second gotta hit people up first
Anything lor but toa payoh got place 2 walk meh...,0,none,english,uci,anything lor but toa payoh got place 2 walk meh
Your bill at 3 is £33.65 so thats not bad!,0,none,english,uci,your bill at 3 is 33 65 so thats not bad
"Fantasy Football is back on your TV. Go to Sky Gamestar on Sky Active and play £250k Dream Team. Scoring starts on Saturday, so register now!SKY OPT OUT to 88088",1,general_spam,english,uci,fantasy football is back on your tv go to sky gamestar on sky active and play 250k dream team scoring starts on saturday so register now sky opt out to 88088
"YOU 07801543489 are guaranteed the latests Nokia Phone, a 40GB iPod MP3 player or a £500 prize! Txt word:COLLECT to No:83355! TC-LLC NY-USA 150p/Mt msgrcvd18+",1,general_spam,english,uci,you are guaranteed the latests nokia phone a 40gb ipod mp3 player or a 500 prize txt word collect to no 83355 tc llc ny usa 150p mt msgrcvd18
So u wan 2 come for our dinner tonight a not?,0,none,english,uci,so u wan 2 come for our dinner tonight a not
"You know, wot people wear. T shirts, jumpers, hat, belt, is all we know. We r at Cribbs",0,none,english,uci,you know wot people wear t shirts jumpers hat belt is all we know we r at cribbs
Shopping lor. Them raining mah hard 2 leave orchard.,0,none,english,uci,shopping lor them raining mah hard 2 leave orchard
Please CALL 08712402578 immediately as there is an urgent message waiting for you,1,general_spam,english,uci,please call immediately as there is an urgent message waiting for you
What time you coming down later? ,0,none,english,uci,what time you coming down later
Quite ok but a bit ex... U better go eat smth now else i'll feel guilty...,0,none,english,uci,quite ok but a bit ex u better go eat smth now else i ll feel guilty
Most of the tiime when i don't let you hug me it's so i don't break into tears.,0,none,english,uci,most of the tiime when i don t let you hug me it s so i don t break into tears
Mm not entirely sure i understood that text but hey. Ho. Which weekend?,0,none,english,uci,mm not entirely sure i understood that text but hey ho which weekend
Whens your radio show?,0,none,english,uci,whens your radio show
Cyber Crime Department se bol raha hoon. Aapke documents ka misuse karke financial fraud kiya gaya hai.,1,police_digital_arrest,hinglish,indian,cyber crime department se bol raha hoon aapke documents ka misuse karke financial fraud kiya gaya hai
Ya had just now.onion roast.,0,none,english,uci,ya had just now onion roast
I was up all night too worrying about this appt. It's a shame we missed a girls night out with quizzes popcorn and you doing my hair.,0,none,english,uci,i was up all night too worrying about this appt it s a shame we missed a girls night out with quizzes popcorn and you doing my hair
LOOK AT THE FUCKIN TIME. WHAT THE FUCK YOU THINK IS UP,0,none,english,uci,look at the fuckin time what the fuck you think is up
Wat time r ü going to xin's hostel?,0,none,english,uci,wat time r going to xin s hostel
"When you just put in the + sign, choose my number and the pin will show. Right?",0,none,english,uci,when you just put in the sign choose my number and the pin will show right
Oh k. . I will come tomorrow,0,none,english,uci,oh k i will come tomorrow
If you still havent collected the dough pls let me know so i can go to the place i sent it to get the control number,0,none,english,uci,if you still havent collected the dough pls let me know so i can go to the place i sent it to get the control number
"Chinatown got porridge, claypot rice, yam cake, fishhead beehoon... Either we eat cheap den go cafe n tok or go nydc or somethin...",0,none,english,uci,chinatown got porridge claypot rice yam cake fishhead beehoon either we eat cheap den go cafe n tok or go nydc or somethin
"Jay told me already, will do",0,none,english,uci,jay told me already will do
Moji just informed me that you saved our lives. Thanks.,0,none,english,uci,moji just informed me that you saved our lives thanks
Mm umma ask vava also to come tell him can play later together,0,none,english,uci,mm umma ask vava also to come tell him can play later together
"Gal n boy walking in d park. gal-can i hold ur hand? boy-y? do u think i would run away? gal-no, jst wana c how it feels walking in heaven with an prince..GN:-)",0,none,english,uci,gal n boy walking in d park gal can i hold ur hand boy y do u think i would run away gal no jst wana c how it feels walking in heaven with an prince gn
Aap sun rahe hain na? Aapka number telecom fraud case mein identify hua hai.,1,police_digital_arrest,hinglish,indian,aap sun rahe hain na aapka number telecom fraud case mein identify hua hai
You also didnt get na hi hi hi hi hi,0,none,english,uci,you also didnt get na hi hi hi hi hi
U coming back 4 dinner rite? Dad ask me so i re confirm wif u...,0,none,english,uci,u coming back 4 dinner rite dad ask me so i re confirm wif u
How come i din c ü... Yup i cut my hair...,0,none,english,uci,how come i din c yup i cut my hair
No current and food here. I am alone also,0,none,english,uci,no current and food here i am alone also
"Hi, the SEXYCHAT girls are waiting for you to text them. Text now for a great night chatting. send STOP to stop this service",1,general_spam,english,uci,hi the sexychat girls are waiting for you to text them text now for a great night chatting send stop to stop this service
Have you started in skye,0,none,english,uci,have you started in skye
"I guess that's why you re worried. You must know that there's a way the body repairs itself. And i'm quite sure you shouldn't worry. We'll take it slow. First the tests, they will guide when your ovulation is then just relax. Nothing you've said is a reason to worry but i.ll keep on followin you up.",0,none,english,uci,i guess that s why you re worried you must know that there s a way the body repairs itself and i m quite sure you shouldn t worry we ll take it slow first the tests they will guide when your ovulation is then just relax nothing you ve said is a reason to worry but i ll keep on followin you up
"Also north carolina and texas atm, you would just go to the gre site and pay for the test results to be sent.",0,none,english,uci,also north carolina and texas atm you would just go to the gre site and pay for the test results to be sent
Do u ever get a song stuck in your head for no reason and it won't go away til u listen to it like 5 times?,0,none,english,uci,do u ever get a song stuck in your head for no reason and it won t go away til u listen to it like 5 times
Special Investigation Team se bol raha hoon. Cyber investigation team ko aapke number se suspicious activity mili hai.,1,police_digital_arrest,hinglish,indian,special investigation team se bol raha hoon cyber investigation team ko aapke number se suspicious activity mili hai
That one week leave i put know that time. Why.,0,none,english,uci,that one week leave i put know that time why
We tried to contact you re your reply to our offer of a Video Phone 750 anytime any network mins Half Price Line Rental Camcorder Reply or call 08000930705,1,general_spam,english,uci,we tried to contact you re your reply to our offer of a video phone 750 anytime any network mins half price line rental camcorder reply or call
say thanks2. ,0,none,english,uci,say thanks2
They did't play one day last year know even though they have very good team.. Like india.,0,none,english,uci,they did t play one day last year know even though they have very good team like india
Hi its in durban are you still on this number,0,none,english,uci,hi its in durban are you still on this number
I am literally in bed and have been up for like  &lt;#&gt;  hours,0,none,english,uci,i am literally in bed and have been up for like hours
Dhyan se suniye Aapke naam par money laundering case register hua hai.,1,police_digital_arrest,hinglish,indian,dhyan se suniye aapke naam par money laundering case register hua hai
on hen night. Going with a swing,0,none,english,uci,on hen night going with a swing
Also maaaan are you missing out,0,none,english,uci,also maaaan are you missing out
alright. Thanks for the advice. Enjoy your night out. I'ma try to get some sleep...,0,none,english,uci,alright thanks for the advice enjoy your night out i ma try to get some sleep
Nobody can decide where to eat and dad wants Chinese,0,none,english,uci,nobody can decide where to eat and dad wants chinese
We r outside already.,0,none,english,uci,we r outside already
Yes. that will be fine. Love you. Be safe.,0,none,english,uci,yes that will be fine love you be safe
Why you keeping me away like this,0,none,english,uci,why you keeping me away like this
"Pete,is this your phone still? Its Jenny from college and Leanne.what are you up to now?:)",0,none,english,uci,pete is this your phone still its jenny from college and leanne what are you up to now
Call 09095350301 and send our girls into erotic ecstacy. Just 60p/min. To stop texts call 08712460324 (nat rate),1,general_spam,english,uci,call and send our girls into erotic ecstacy just 60p min to stop texts call nat rate
"Ji namaskar Amazon se bol raha hoon. Aapka parcel hold hai, clearance charge ₹499 dena hoga.",1,lottery,hinglish,indian,ji namaskar amazon se bol raha hoon aapka parcel hold hai clearance charge 499 dena hoga
I'm good. Have you registered to vote?,0,none,english,uci,i m good have you registered to vote
East coast,0,none,english,uci,east coast
Ok... Thanx... Gd nite 2 ü too...,0,none,english,uci,ok thanx gd nite 2 too
"Law enforcement se bol raha hoon. Aapke father ko accident ho gaya hai. Turant 50,000 bhej dijiye hospital ke liye.",1,bank_kyc,hinglish,indian,law enforcement se bol raha hoon aapke father ko accident ho gaya hai turant 50 000 bhej dijiye hospital ke liye
Me fine..absolutly fine,0,none,english,uci,me fine absolutly fine
R u still working now?,0,none,english,uci,r u still working now
Its too late:)but its k.wish you the same.,0,none,english,uci,its too late but its k wish you the same
"URGENT! Your mobile number *************** WON a £2000 Bonus Caller prize on 10/06/03! This is the 2nd attempt to reach you! Call 09066368753 ASAP! Box 97N7QP, 150ppm",1,general_spam,english,uci,urgent your mobile number won a 2000 bonus caller prize on 10 06 03 this is the 2nd attempt to reach you call asap box 97n7qp 150ppm
I am in tirupur.  call you da.,0,none,english,uci,i am in tirupur call you da
K still are you loving me.,0,none,english,uci,k still are you loving me
Aap sun rahe hain na? Aapke naam par registered SIM ka misuse report hua hai.,1,police_digital_arrest,hinglish,indian,aap sun rahe hain na aapke naam par registered sim ka misuse report hua hai
Crime Branch se bol raha hoon. Aapka Aadhaar deactivate hone wala hai. Turant update kijiye.,1,lottery,hinglish,indian,crime branch se bol raha hoon aapka aadhaar deactivate hone wala hai turant update kijiye
ACP Sharma bol raha hoon. National Cyber Cell se bol raha hoon. Verification ke liye cooperate kijiye.,1,police_digital_arrest,hinglish,indian,acp sharma bol raha hoon national cyber cell se bol raha hoon verification ke liye cooperate kijiye
U in town alone?,0,none,english,uci,u in town alone
CBI se bol raha hoon. Aapke naam par registered SIM ka misuse report hua hai.,1,police_digital_arrest,hinglish,indian,cbi se bol raha hoon aapke naam par registered sim ka misuse report hua hai
"Inspector Rajesh Kumar bol raha hoon. Aapke father ko accident ho gaya hai. Turant 50,000 bhej dijiye hospital ke liye.",1,amazon,hinglish,indian,inspector rajesh kumar bol raha hoon aapke father ko accident ho gaya hai turant 50 000 bhej dijiye hospital ke liye
Who were those people ? Were you in a tour ? I thought you were doing that sofa thing you sent me ? Your curious sugar,0,none,english,uci,who were those people were you in a tour i thought you were doing that sofa thing you sent me your curious sugar
"Great. I'm in church now, will holla when i get out",0,none,english,uci,great i m in church now will holla when i get out
Hey i will be late ah... Meet you at 945+,0,none,english,uci,hey i will be late ah meet you at 945
"wow. You're right! I didn't mean to do that. I guess once i gave up on boston men and changed my search location to nyc, something changed. Cuz on my signin page it still says boston.",0,none,english,uci,wow you re right i didn t mean to do that i guess once i gave up on boston men and changed my search location to nyc something changed cuz on my signin page it still says boston
I'm leaving my house now...,0,none,english,uci,i m leaving my house now
My exam is for february 4. Wish you a great day.,0,none,english,uci,my exam is for february 4 wish you a great day
Win a £1000 cash prize or a prize worth £5000,1,general_spam,english,uci,win a 1000 cash prize or a prize worth 5000
"Ugh y can't u just apologize, admit u were wrong and ask me to take u back?",0,none,english,uci,ugh y can t u just apologize admit u were wrong and ask me to take u back
"Well the general price is  &lt;#&gt; /oz, let me know if/when/how much you want",0,none,english,uci,well the general price is oz let me know if when how much you want
No need to ke qi... Ü too bored izzit y suddenly thk of this...,0,none,english,uci,no need to ke qi too bored izzit y suddenly thk of this
Cyber Crime Department se bol raha hoon. Aapka Aadhaar deactivate hone wala hai. Turant update kijiye.,1,relative,hinglish,indian,cyber crime department se bol raha hoon aapka aadhaar deactivate hone wala hai turant update kijiye
National Cyber Cell se bol raha hoon. Police verification complete karna zaroori hai.,1,police_digital_arrest,hinglish,indian,national cyber cell se bol raha hoon police verification complete karna zaroori hai
Thats cool. i liked your photos. You are very sexy!,0,none,english,uci,thats cool i liked your photos you are very sexy
No:-)i got rumour that you going to buy apartment in chennai:-),0,none,english,uci,no i got rumour that you going to buy apartment in chennai
I'm at work. Please call,0,none,english,uci,i m at work please call
Ur balance is now £500. Ur next question is: Who sang 'Uptown Girl' in the 80's ? 2 answer txt ur ANSWER to 83600. Good luck!,1,general_spam,english,uci,ur balance is now 500 ur next question is who sang uptown girl in the 80 s 2 answer txt ur answer to 83600 good luck
Try neva mate!!,0,none,english,uci,try neva mate
i cant talk to you now.i will call when i can.dont keep calling.,0,none,english,uci,i cant talk to you now i will call when i can dont keep calling
There is no sense in my foot and penis.,0,none,english,uci,there is no sense in my foot and penis
Yes princess! I want to catch you with my big strong hands...,0,none,english,uci,yes princess i want to catch you with my big strong hands
You still at grand prix?,0,none,english,uci,you still at grand prix
Jamster! To get your free wallpaper text HEART to 88888 now! T&C apply. 16 only. Need Help? Call 08701213186.,1,general_spam,english,uci,jamster to get your free wallpaper text heart to 88888 now t c apply 16 only need help call
See you there! ,0,none,english,uci,see you there
Oh... Okie lor...We go on sat... ,0,none,english,uci,oh okie lor we go on sat
Ok... Then r we meeting later?,0,none,english,uci,ok then r we meeting later
Law enforcement se bol raha hoon. Aapke Aadhaar card ka istemal karke fake SIM issue ki gayi hai.,1,police_digital_arrest,hinglish,indian,law enforcement se bol raha hoon aapke aadhaar card ka istemal karke fake sim issue ki gayi hai
Hello sir Aapke documents ka misuse karke financial fraud kiya gaya hai.,1,police_digital_arrest,hinglish,indian,hello sir aapke documents ka misuse karke financial fraud kiya gaya hai
"ACP Sharma bol raha hoon. Amazon se bol raha hoon. Aapka parcel hold hai, clearance charge ₹499 dena hoga.",1,lottery,hinglish,indian,acp sharma bol raha hoon amazon se bol raha hoon aapka parcel hold hai clearance charge 499 dena hoga
Yes there were many sweets,0,none,english,uci,yes there were many sweets
You should know now. So how's anthony. Are you bringing money. I've school fees to pay and rent and stuff like that. Thats why i need your help. A friend in need....|,0,none,english,uci,you should know now so how s anthony are you bringing money i ve school fees to pay and rent and stuff like that thats why i need your help a friend in need
I borrow ur bag ok.,0,none,english,uci,i borrow ur bag ok
"Hello sir Amazon se bol raha hoon. Aapka parcel hold hai, clearance charge ₹499 dena hoga.",1,bank_kyc,hinglish,indian,hello sir amazon se bol raha hoon aapka parcel hold hai clearance charge 499 dena hoga
"Yes, my reg is  Ciao!",0,none,english,uci,yes my reg is ciao
R U &SAM P IN EACHOTHER. IF WE MEET WE CAN GO 2 MY HOUSE,0,none,english,uci,r u sam p in eachother if we meet we can go 2 my house
"I noe la... U wana pei bf oso rite... K lor, other days den...",0,none,english,uci,i noe la u wana pei bf oso rite k lor other days den
"Just looked it up and addie goes back Monday, sucks to be her",0,none,english,uci,just looked it up and addie goes back monday sucks to be her
Babe ? I lost you ... :-(,0,none,english,uci,babe i lost you
Its not the same here. Still looking for a job. How much do Ta's earn there.,0,none,english,uci,its not the same here still looking for a job how much do ta s earn there
I'm gonna say no. Sorry. I would but as normal am starting to panic about time. Sorry again! Are you seeing on Tuesday?,0,none,english,uci,i m gonna say no sorry i would but as normal am starting to panic about time sorry again are you seeing on tuesday
Where did u go? My phone is gonna die you have to stay in here,0,none,english,uci,where did u go my phone is gonna die you have to stay in here
"FR'NDSHIP is like a needle of a clock. Though V r in d same clock, V r nt able 2 met. Evn if V meet,itz only 4few seconds. Bt V alwys stay conected. Gud 9t;-)",0,none,english,uci,fr ndship is like a needle of a clock though v r in d same clock v r nt able 2 met evn if v meet itz only 4few seconds bt v alwys stay conected gud 9t
In e msg jus now. U said thanks for gift.,0,none,english,uci,in e msg jus now u said thanks for gift
Morning only i can ok.,0,none,english,uci,morning only i can ok
You have 1 new message. Please call 08715205273,1,general_spam,english,uci,you have 1 new message please call
Is avatar supposed to have subtoitles,0,none,english,uci,is avatar supposed to have subtoitles
CBI se bol raha hoon. Aapka KYC pending hai. Account 2 ghante mein block ho jayega. OTP share kijiye.,1,bank_kyc,hinglish,indian,cbi se bol raha hoon aapka kyc pending hai account 2 ghante mein block ho jayega otp share kijiye
I might go 2 sch. Yar at e salon now v boring.,0,none,english,uci,i might go 2 sch yar at e salon now v boring
So when do you wanna gym harri,0,none,english,uci,so when do you wanna gym harri
Sir ek minute suniye Crime Branch se bol raha hoon. Aapke account se suspicious transactions hui hain.,1,police_digital_arrest,hinglish,indian,sir ek minute suniye crime branch se bol raha hoon aapke account se suspicious transactions hui hain
Have your lunch and come quickly and open the door:),0,none,english,uci,have your lunch and come quickly and open the door
"Sir ek minute suniye Amazon se bol raha hoon. Aapka parcel hold hai, clearance charge ₹499 dena hoga.",1,amazon,hinglish,indian,sir ek minute suniye amazon se bol raha hoon aapka parcel hold hai clearance charge 499 dena hoga
When did i use soc... I use it only at home... Ü dunno how 2 type it in word ar...,0,none,english,uci,when did i use soc i use it only at home dunno how 2 type it in word ar
Bloomberg -Message center +447797706009 Why wait? Apply for your future http://careers. bloomberg.com,1,general_spam,english,uci,bloomberg message center why wait apply for your future bloomberg com
Hi this is yijue... It's regarding the 3230 textbook it's intro to algorithms second edition... I'm selling it for $50...,0,none,english,uci,hi this is yijue it s regarding the 3230 textbook it s intro to algorithms second edition i m selling it for 50
"Hi babe its Chloe, how r u? I was smashed on saturday night, it was great! How was your weekend? U been missing me? SP visionsms.com Text stop to stop 150p/text",1,general_spam,english,uci,hi babe its chloe how r u i was smashed on saturday night it was great how was your weekend u been missing me sp visionsms com text stop to stop 150p text
K. I will sent it again,0,none,english,uci,k i will sent it again
Delhi Police se bol raha hoon. Aapke naam par registered account illegal activities mein use hua hai.,1,police_digital_arrest,hinglish,indian,delhi police se bol raha hoon aapke naam par registered account illegal activities mein use hua hai
"Haha get used to driving to usf man, I know a lot of stoners",0,none,english,uci,haha get used to driving to usf man i know a lot of stoners
Eh u remember how 2 spell his name... Yes i did. He v naughty make until i v wet.,0,none,english,uci,eh u remember how 2 spell his name yes i did he v naughty make until i v wet
"Yo carlos, a few friends are already asking me about you, you working at all this weekend?",0,none,english,uci,yo carlos a few friends are already asking me about you you working at all this weekend
But i'm really really broke oh. No amount is too small even  &lt;#&gt; ,0,none,english,uci,but i m really really broke oh no amount is too small even
U R THE MOST BEAUTIFUL GIRL IVE EVER SEEN. U R MY BABY COME AND C ME IN THE COMMON ROOM,0,none,english,uci,u r the most beautiful girl ive ever seen u r my baby come and c me in the common room
Not directly behind... Abt 4 rows behind ü...,0,none,english,uci,not directly behind abt 4 rows behind
You got job in wipro:)you will get every thing in life in 2 or 3 years.,0,none,english,uci,you got job in wipro you will get every thing in life in 2 or 3 years
PRIVATE! Your 2003 Account Statement for shows 800 un-redeemed S.I.M. points. Call 08718738001 Identifier Code: 49557 Expires 26/11/04,1,general_spam,english,uci,private your 2003 account statement for shows 800 un redeemed s i m points call identifier code 49557 expires 26 11 04
Lmao!nice 1,0,none,english,uci,lmao nice 1
Congratulations ur awarded 500 of CD vouchers or 125gift guaranteed & Free entry 2 100 wkly draw txt MUSIC to 87066,1,general_spam,english,uci,congratulations ur awarded 500 of cd vouchers or 125gift guaranteed free entry 2 100 wkly draw txt music to 87066
"Customer service announcement. We recently tried to make a delivery to you but were unable to do so, please call 07099833605 to re-schedule. Ref:9280114",1,general_spam,english,uci,customer service announcement we recently tried to make a delivery to you but were unable to do so please call to re schedule ref
Lol alright i was thinkin that too haha,0,none,english,uci,lol alright i was thinkin that too haha
Burger King - Wanna play footy at a top stadium? Get 2 Burger King before 1st Sept and go Large or Super with Coca-Cola and walk out a winner,1,general_spam,english,uci,burger king wanna play footy at a top stadium get 2 burger king before 1st sept and go large or super with coca cola and walk out a winner
Are you still playing with gautham?,0,none,english,uci,are you still playing with gautham
Wat's da model num of ur phone?,0,none,english,uci,wat s da model num of ur phone
"Nothing really, just making sure everybody's up to speed",0,none,english,uci,nothing really just making sure everybody s up to speed
Am on the uworld site. Am i buying the qbank only or am i buying it with the self assessment also?,0,none,english,uci,am on the uworld site am i buying the qbank only or am i buying it with the self assessment also
Someonone you know is trying to contact you via our dating service! To find out who it could be call from your mobile or landline 09064015307 BOX334SK38ch ,1,general_spam,english,uci,someonone you know is trying to contact you via our dating service to find out who it could be call from your mobile or landline box334sk38ch
Ji namaskar Aapke WhatsApp se ladies ko asleel messages bheje ja rahe hain. Aapko suspect maana ja raha hai.,1,police_blackmail,hinglish,indian,ji namaskar aapke whatsapp se ladies ko asleel messages bheje ja rahe hain aapko suspect maana ja raha hai
"I promise to take good care of you, princess. I have to run now. Please send pics when you get a chance. Ttyl!",0,none,english,uci,i promise to take good care of you princess i have to run now please send pics when you get a chance ttyl
"1) Go to write msg 2) Put on Dictionary mode 3)Cover the screen with hand, 4)Press  &lt;#&gt; . 5)Gently remove Ur hand.. Its interesting..:)",0,none,english,uci,1 go to write msg 2 put on dictionary mode 3 cover the screen with hand 4 press 5 gently remove ur hand its interesting
Dhyan se suniye Congratulations! Aapne ₹40 lakh ka lottery jeeta hai. Processing fee dena hoga.,1,bank_kyc,hinglish,indian,dhyan se suniye congratulations aapne 40 lakh ka lottery jeeta hai processing fee dena hoga
About  &lt;#&gt; bucks. The banks fees are fixed. Better to call the bank and find out.,0,none,english,uci,about bucks the banks fees are fixed better to call the bank and find out
"TheMob> Check out our newest selection of content, Games, Tones, Gossip, babes and sport, Keep your mobile fit and funky text WAP to 82468",1,general_spam,english,uci,themob check out our newest selection of content games tones gossip babes and sport keep your mobile fit and funky text wap to 82468
Sorry completely forgot * will pop em round this week if your still here?,0,none,english,uci,sorry completely forgot will pop em round this week if your still here
Lmao ok I wont be needing u to do my hair anymore.,0,none,english,uci,lmao ok i wont be needing u to do my hair anymore
"I didnt get ur full msg..sometext is missing, send it again",0,none,english,uci,i didnt get ur full msg sometext is missing send it again
"Living is very simple.. Loving is also simple.. Laughing is too simple.. Winning is tooo simple.. But, Being 'SIMPLE' is very difficult...;-) :-)",0,none,english,uci,living is very simple loving is also simple laughing is too simple winning is tooo simple but being simple is very difficult
Fuck cedar key and fuck her (come over anyway tho),0,none,english,uci,fuck cedar key and fuck her come over anyway tho
Life spend with someone for a lifetime may be meaningless but a few moments spent with someone who really love you means more than life itself..,0,none,english,uci,life spend with someone for a lifetime may be meaningless but a few moments spent with someone who really love you means more than life itself
"Hello. Sort of out in town already. That . So dont rush home, I am eating nachos. Will let you know eta.",0,none,english,uci,hello sort of out in town already that so dont rush home i am eating nachos will let you know eta
"Awesome, that gonna be soon or later tonight?",0,none,english,uci,awesome that gonna be soon or later tonight
Customer Loyalty Offer:The NEW Nokia6650 Mobile from ONLY £10 at TXTAUCTION! Txt word: START to No: 81151 & get yours Now! 4T&Ctxt TC 150p/MTmsg,1,general_spam,english,uci,customer loyalty offer the new nokia6650 mobile from only 10 at txtauction txt word start to no 81151 get yours now 4t ctxt tc 150p mtmsg
Special Investigation Team se bol raha hoon. Cyber Crime Department se bol raha hoon. Aapke number se objectionable content circulate hua hai.,1,police_digital_arrest,hinglish,indian,special investigation team se bol raha hoon cyber crime department se bol raha hoon aapke number se objectionable content circulate hua hai
Law enforcement se bol raha hoon. Aapka mobile number cyber fraud investigation mein aaya hai.,1,police_digital_arrest,hinglish,indian,law enforcement se bol raha hoon aapka mobile number cyber fraud investigation mein aaya hai
Doesn't g have class early tomorrow and thus shouldn't be trying to smoke at  &lt;#&gt;,0,none,english,uci,doesn t g have class early tomorrow and thus shouldn t be trying to smoke at
"Aight, see you in a bit",0,none,english,uci,aight see you in a bit
ACP Sharma bol raha hoon. Ek gang aapke number ka misuse karke gande videos bana raha hai. Turant verify karna hoga.,1,police_blackmail,hinglish,indian,acp sharma bol raha hoon ek gang aapke number ka misuse karke gande videos bana raha hai turant verify karna hoga
Cyber Crime Department se bol raha hoon. Cyber investigation team ko aapke number se suspicious activity mili hai.,1,police_digital_arrest,hinglish,indian,cyber crime department se bol raha hoon cyber investigation team ko aapke number se suspicious activity mili hai
Package all your programs well,0,none,english,uci,package all your programs well
Wat happened to the cruise thing,0,none,english,uci,wat happened to the cruise thing
URGENT This is our 2nd attempt to contact U. Your £900 prize from YESTERDAY is still awaiting collection. To claim CALL NOW 09061702893. ACL03530150PM,1,general_spam,english,uci,urgent this is our 2nd attempt to contact u your 900 prize from yesterday is still awaiting collection to claim call now acl03530150pm
Please give it 2  or i will pick it up on Tuesday evening about 8 if that is ok.,0,none,english,uci,please give it 2 or i will pick it up on tuesday evening about 8 if that is ok
No objection. My bf not coming.,0,none,english,uci,no objection my bf not coming
India have to take lead:),0,none,english,uci,india have to take lead
We have pizza if u want,0,none,english,uci,we have pizza if u want
Ok. C u then.,0,none,english,uci,ok c u then
Yunny... I'm goin to be late,0,none,english,uci,yunny i m goin to be late
HELLO PEACH! MY CAKE TASTS LUSH!,0,none,english,uci,hello peach my cake tasts lush
When did you get to the library,0,none,english,uci,when did you get to the library
Aap sun rahe hain na? Congratulations! Aapne ₹40 lakh ka lottery jeeta hai. Processing fee dena hoga.,1,amazon,hinglish,indian,aap sun rahe hain na congratulations aapne 40 lakh ka lottery jeeta hai processing fee dena hoga
Huh i cant thk of more oredi how many pages do we have?,0,none,english,uci,huh i cant thk of more oredi how many pages do we have
HMM yeah if your not too grooved out! And im looking forward to my pound special :),0,none,english,uci,hmm yeah if your not too grooved out and im looking forward to my pound special
How to Make a girl Happy? It's not at all difficult to make girls happy. U only need to be... 1. A friend 2. Companion 3. Lover 4. Chef . . .  &lt;#&gt; . Good listener  &lt;#&gt; . Organizer  &lt;#&gt; . Good boyfriend  &lt;#&gt; . Very clean  &lt;#&gt; . Sympathetic  &lt;#&gt; . Athletic  &lt;#&gt; . Warm . . .  &lt;#&gt; . Courageous  &lt;#&gt; . Determined  &lt;#&gt; . True  &lt;#&gt; . Dependable  &lt;#&gt; . Intelligent . . .  &lt;#&gt; . Psychologist  &lt;#&gt; . Pest exterminator  &lt;#&gt; . Psychiatrist  &lt;#&gt; . Healer . .  &lt;#&gt; . Stylist  &lt;#&gt; . Driver . . Aaniye pudunga venaam..,0,none,english,uci,how to make a girl happy it s not at all difficult to make girls happy u only need to be 1 a friend 2 companion 3 lover 4 chef good listener organizer good boyfriend very clean sympathetic athletic warm courageous determined true dependable intelligent psychologist pest exterminator psychiatrist healer stylist driver aaniye pudunga venaam
Ugh hopefully the asus ppl dont randomly do a reformat.,0,none,english,uci,ugh hopefully the asus ppl dont randomly do a reformat
Shall i send that exe to your mail id.,0,none,english,uci,shall i send that exe to your mail id
Text BANNEDUK to 89555 to see! cost 150p textoperator g696ga 18+ XXX,1,general_spam,english,uci,text banneduk to 89555 to see cost 150p textoperator g696ga 18 xxx
New TEXTBUDDY Chat 2 horny guys in ur area 4 just 25p Free 2 receive Search postcode or at gaytextbuddy.com. TXT ONE name to 89693. 08715500022 rpl Stop 2 cnl,1,general_spam,english,uci,new textbuddy chat 2 horny guys in ur area 4 just 25p free 2 receive search postcode or at gaytextbuddy com txt one name to 89693 rpl stop 2 cnl
Dorothy@kiefer.com (Bank of Granite issues Strong-Buy) EXPLOSIVE PICK FOR OUR MEMBERS *****UP OVER 300% *********** Nasdaq Symbol CDGT That is a $5.00 per..,1,general_spam,english,uci,bank of granite issues strong buy explosive pick for our members up over 300 nasdaq symbol cdgt that is a 5 00 per
Wat r u doing?,0,none,english,uci,wat r u doing
Crime Branch se bol raha hoon. Police verification complete karna zaroori hai.,1,police_digital_arrest,hinglish,indian,crime branch se bol raha hoon police verification complete karna zaroori hai
If we win its really no 1 side for long time.,0,none,english,uci,if we win its really no 1 side for long time
HI DARLIN HOW WAS WORK DID U GET INTO TROUBLE? IJUST TALKED TO YOUR MUM ALL MORNING! I HAD A REALLY GOOD TIME LAST NIGHT IM GOIN OUT SOON BUT CALL ME IF U CAN,0,none,english,uci,hi darlin how was work did u get into trouble ijust talked to your mum all morning i had a really good time last night im goin out soon but call me if u can
Promotion Number: 8714714 - UR awarded a City Break and could WIN a £200 Summer Shopping spree every WK. Txt STORE to 88039 . SkilGme. TsCs087147403231Winawk!Age16 £1.50perWKsub,1,general_spam,english,uci,promotion number ur awarded a city break and could win a 200 summer shopping spree every wk txt store to 88039 skilgme tscs087147403231winawk age16 1 50perwksub
"all the lastest from Stereophonics, Marley, Dizzee Racal, Libertines and The Strokes! Win Nookii games with Flirt!! Click TheMob WAP Bookmark or text WAP to 82468",1,general_spam,english,uci,all the lastest from stereophonics marley dizzee racal libertines and the strokes win nookii games with flirt click themob wap bookmark or text wap to 82468
"Hm good morning, headache anyone? :-)",0,none,english,uci,hm good morning headache anyone
"Ah, well that confuses things, doesnt it? I thought was friends with now. Maybe i did the wrong thing but i already sort of invited -tho he may not come cos of money.",0,none,english,uci,ah well that confuses things doesnt it i thought was friends with now maybe i did the wrong thing but i already sort of invited tho he may not come cos of money
Ok... But bag again..,0,none,english,uci,ok but bag again
"Cyber Crime Department se bol raha hoon. Aapke father ko accident ho gaya hai. Turant 50,000 bhej dijiye hospital ke liye.",1,aadhaar,hinglish,indian,cyber crime department se bol raha hoon aapke father ko accident ho gaya hai turant 50 000 bhej dijiye hospital ke liye
Why are u up so early?,0,none,english,uci,why are u up so early
Police headquarters se bol raha hoon. Aapka number telecom fraud case mein identify hua hai.,1,police_digital_arrest,hinglish,indian,police headquarters se bol raha hoon aapka number telecom fraud case mein identify hua hai
"Got fujitsu, ibm, hp, toshiba... Got a lot of model how to say...",0,none,english,uci,got fujitsu ibm hp toshiba got a lot of model how to say
Can ü call me at 10:10 to make sure dat i've woken up...,0,none,english,uci,can call me at 10 10 to make sure dat i ve woken up
Lol I know! Hey someone did a great inpersonation of flea on the forums. I love it!,0,none,english,uci,lol i know hey someone did a great inpersonation of flea on the forums i love it
K..i deleted my contact that why?,0,none,english,uci,k i deleted my contact that why
How are you with moneY...as in to you...money aint a thing....how are you sha!,0,none,english,uci,how are you with money as in to you money aint a thing how are you sha
Ok.ok ok..then..whats ur todays plan,0,none,english,uci,ok ok ok then whats ur todays plan
"She was supposed to be but couldn't make it, she's still in town though",0,none,english,uci,she was supposed to be but couldn t make it she s still in town though
"Congrats 2 mobile 3G Videophones R yours. call 09063458130 now! videochat wid ur mates, play java games, Dload polypH music, noline rentl. bx420. ip4. 5we. 150p",1,general_spam,english,uci,congrats 2 mobile 3g videophones r yours call now videochat wid ur mates play java games dload polyph music noline rentl bx420 ip4 5we 150p
Well there's still a bit left if you guys want to tonight,0,none,english,uci,well there s still a bit left if you guys want to tonight
Ok lor. I'm in town now lei.,0,none,english,uci,ok lor i m in town now lei
"Yep, at derek's house now, see you Sunday &lt;3",0,none,english,uci,yep at derek s house now see you sunday 3
"Aap sun rahe hain na? Bhai aaj shaam ko milte hain, coffee pe baat karte hain.",0,none,hinglish,indian,aap sun rahe hain na bhai aaj shaam ko milte hain coffee pe baat karte hain
I though we shd go out n have some fun so bar in town or something – sound ok?,0,none,english,uci,i though we shd go out n have some fun so bar in town or something sound ok
"I am real, baby! I want to bring out your inner tigress...",0,none,english,uci,i am real baby i want to bring out your inner tigress
Babe !!!! I LOVE YOU !!!! *covers your face in kisses*,0,none,english,uci,babe i love you covers your face in kisses
"He is impossible to argue with and he always treats me like his sub, like he never released me ... Which he did and I will remind him of that if necessary",0,none,english,uci,he is impossible to argue with and he always treats me like his sub like he never released me which he did and i will remind him of that if necessary
Yupz... I've oredi booked slots 4 my weekends liao... ,0,none,english,uci,yupz i ve oredi booked slots 4 my weekends liao
I'm going for bath will msg you next  &lt;#&gt;  min..,0,none,english,uci,i m going for bath will msg you next min
Haha... dont be angry with yourself... Take it as a practice for the real thing. =) ,0,none,english,uci,haha dont be angry with yourself take it as a practice for the real thing
I'm on the bus. Love you,0,none,english,uci,i m on the bus love you
Anything lar...,0,none,english,uci,anything lar
"Hello ma'am Aapke father ko accident ho gaya hai. Turant 50,000 bhej dijiye hospital ke liye.",1,lottery,hinglish,indian,hello ma am aapke father ko accident ho gaya hai turant 50 000 bhej dijiye hospital ke liye
"Haha awesome, I've been to 4u a couple times. Who all's coming?",0,none,english,uci,haha awesome i ve been to 4u a couple times who all s coming
I've reached sch already...,0,none,english,uci,i ve reached sch already
I pocked you up there before,0,none,english,uci,i pocked you up there before
Cyber Crime Department se bol raha hoon. Aapka Aadhaar deactivate hone wala hai. Turant update kijiye.,1,lottery,hinglish,indian,cyber crime department se bol raha hoon aapka aadhaar deactivate hone wala hai turant update kijiye
"Crime Branch se bol raha hoon. Amazon se bol raha hoon. Aapka parcel hold hai, clearance charge ₹499 dena hoga.",1,amazon,hinglish,indian,crime branch se bol raha hoon amazon se bol raha hoon aapka parcel hold hai clearance charge 499 dena hoga
Special Investigation Team se bol raha hoon. Aapka bank account investigation ke dauran freeze kiya ja sakta hai.,1,police_digital_arrest,hinglish,indian,special investigation team se bol raha hoon aapka bank account investigation ke dauran freeze kiya ja sakta hai
If I was I wasn't paying attention,0,none,english,uci,if i was i wasn t paying attention
Block Breaker now comes in deluxe format with new features and great graphics from T-Mobile. Buy for just £5 by replying GET BBDELUXE and take the challenge,1,general_spam,english,uci,block breaker now comes in deluxe format with new features and great graphics from t mobile buy for just 5 by replying get bbdeluxe and take the challenge
"Hello sir Amazon se bol raha hoon. Aapka parcel hold hai, clearance charge ₹499 dena hoga.",1,amazon,hinglish,indian,hello sir amazon se bol raha hoon aapka parcel hold hai clearance charge 499 dena hoga
Aiyo please ü got time meh.,0,none,english,uci,aiyo please got time meh
"Hello ma'am Aapke father ko accident ho gaya hai. Turant 50,000 bhej dijiye hospital ke liye.",1,bank_kyc,hinglish,indian,hello ma am aapke father ko accident ho gaya hai turant 50 000 bhej dijiye hospital ke liye
"Thank you so much. When we skyped wit kz and sura, we didnt get the pleasure of your company. Hope you are good. We've given you ultimatum oh! We are countin down to aburo. Enjoy! This is the message i sent days ago",0,none,english,uci,thank you so much when we skyped wit kz and sura we didnt get the pleasure of your company hope you are good we ve given you ultimatum oh we are countin down to aburo enjoy this is the message i sent days ago
I have no idea where you are,0,none,english,uci,i have no idea where you are
"Ok that would b lovely, if u r sure. Think about wot u want to do, drinkin, dancin, eatin, cinema, in, out, about... Up to u! Wot about ? ",0,none,english,uci,ok that would b lovely if u r sure think about wot u want to do drinkin dancin eatin cinema in out about up to u wot about
I sent lanre fakeye's Eckankar details to the mail box,0,none,english,uci,i sent lanre fakeye s eckankar details to the mail box
Remember to ask alex about his pizza,0,none,english,uci,remember to ask alex about his pizza
URGENT This is our 2nd attempt to contact U. Your £900 prize from YESTERDAY is still awaiting collection. To claim CALL NOW 09061702893,1,general_spam,english,uci,urgent this is our 2nd attempt to contact u your 900 prize from yesterday is still awaiting collection to claim call now
"Sorry my roommates took forever, it ok if I come by now?",0,none,english,uci,sorry my roommates took forever it ok if i come by now
"SMS. ac Blind Date 4U!: Rodds1 is 21/m from Aberdeen, United Kingdom. Check Him out http://img. sms. ac/W/icmb3cktz8r7!-4 no Blind Dates send HIDE",1,general_spam,english,uci,sms ac blind date 4u rodds1 is 21 m from aberdeen united kingdom check him out sms ac w icmb3cktz8r7 4 no blind dates send hide
"Dont worry, 1 day very big lambu ji vl come..til then enjoy batchlor party:-)",0,none,english,uci,dont worry 1 day very big lambu ji vl come til then enjoy batchlor party
"Urgh, coach hot, smells of chip fat! Thanks again, especially for the duvet (not a predictive text word).",0,none,english,uci,urgh coach hot smells of chip fat thanks again especially for the duvet not a predictive text word
It didnt work again oh. Ok goodnight then. I.ll fix and have it ready by the time you wake up. You are very dearly missed have a good night sleep.,0,none,english,uci,it didnt work again oh ok goodnight then i ll fix and have it ready by the time you wake up you are very dearly missed have a good night sleep
You call times job today ok umma and ask them to speed up,0,none,english,uci,you call times job today ok umma and ask them to speed up
dating:i have had two of these. Only started after i sent a text to talk sport radio last week. Any connection do you think or coincidence?,1,general_spam,english,uci,dating i have had two of these only started after i sent a text to talk sport radio last week any connection do you think or coincidence
"Yeah there's quite a bit left, I'll swing by tomorrow when I get up",0,none,english,uci,yeah there s quite a bit left i ll swing by tomorrow when i get up
"Hi elaine, is today's meeting confirmed?",0,none,english,uci,hi elaine is today s meeting confirmed
what is your account number?,0,none,english,uci,what is your account number
CBI se bol raha hoon. Aapke khilaaf legal action initiate kiya gaya hai.,1,police_digital_arrest,hinglish,indian,cbi se bol raha hoon aapke khilaaf legal action initiate kiya gaya hai
at bruce b downs &amp; fletcher now,0,none,english,uci,at bruce b downs fletcher now
Every day i use to sleep after  &lt;#&gt;  so only.,0,none,english,uci,every day i use to sleep after so only
"Sure, if I get an acknowledgement from you that it's astoundingly tactless and generally faggy to demand a blood oath fo",0,none,english,uci,sure if i get an acknowledgement from you that it s astoundingly tactless and generally faggy to demand a blood oath fo
National Cyber Cell se bol raha hoon. Aapke naam par registered account illegal activities mein use hua hai.,1,police_digital_arrest,hinglish,indian,national cyber cell se bol raha hoon aapke naam par registered account illegal activities mein use hua hai
"U need my presnts always bcz U cant mis love. ""jeevithathile irulinae neekunna prakasamanu sneham"" prakasam ennal prabha 'That mns prabha is'LOVE' Got it. Dont mis me....",0,none,english,uci,u need my presnts always bcz u cant mis love jeevithathile irulinae neekunna prakasamanu sneham prakasam ennal prabha that mns prabha is love got it dont mis me
"sorry, no, have got few things to do. may be in pub later.",0,none,english,uci,sorry no have got few things to do may be in pub later
Aap sun rahe hain na? Ek gang aapke number ka misuse karke gande videos bana raha hai. Turant verify karna hoga.,1,police_blackmail,hinglish,indian,aap sun rahe hain na ek gang aapke number ka misuse karke gande videos bana raha hai turant verify karna hoga
"Madam,regret disturbance.might receive a reference check from DLF Premarica.kindly be informed.Rgds,Rakhesh,Kerala.",0,none,english,uci,madam regret disturbance might receive a reference check from dlf premarica kindly be informed rgds rakhesh kerala
Umma. Did she say anything,0,none,english,uci,umma did she say anything
"I prefer my free days... Tues, wed, fri oso can... Ü ask those workin lor...",0,none,english,uci,i prefer my free days tues wed fri oso can ask those workin lor
Well i know Z will take care of me. So no worries.,0,none,english,uci,well i know z will take care of me so no worries
"Oh, then your phone phoned me but it disconnected",0,none,english,uci,oh then your phone phoned me but it disconnected
happened here while you were adventuring,0,none,english,uci,happened here while you were adventuring
I didnt get anything da,0,none,english,uci,i didnt get anything da
"A gram usually runs like  &lt;#&gt; , a half eighth is smarter though and gets you almost a whole second gram for  &lt;#&gt;",0,none,english,uci,a gram usually runs like a half eighth is smarter though and gets you almost a whole second gram for
That's the way you should stay oh.,0,none,english,uci,that s the way you should stay oh
"Open rebtel with firefox. When it loads just put plus sign in the user name place, and it will show you two numbers. The lower number is my number. Once you pick that number the pin will display okay!",0,none,english,uci,open rebtel with firefox when it loads just put plus sign in the user name place and it will show you two numbers the lower number is my number once you pick that number the pin will display okay
Hello ma'am Cyber investigation team ko aapke number se suspicious activity mili hai.,1,police_digital_arrest,hinglish,indian,hello ma am cyber investigation team ko aapke number se suspicious activity mili hai
Ok... Help me ask if she's working tmr a not?,0,none,english,uci,ok help me ask if she s working tmr a not
Lol now I'm after that hot air balloon!,0,none,english,uci,lol now i m after that hot air balloon
Nationwide auto centre (or something like that) on Newport road. I liked them there,0,none,english,uci,nationwide auto centre or something like that on newport road i liked them there
Buy one egg for me da..please:),0,none,english,uci,buy one egg for me da please
"And that's fine, I got enough bud to last most of the night at least",0,none,english,uci,and that s fine i got enough bud to last most of the night at least
NO GIFTS!! You trying to get me to throw myself off a cliff or something?,0,none,english,uci,no gifts you trying to get me to throw myself off a cliff or something
....photoshop makes my computer shut down.,0,none,english,uci,photoshop makes my computer shut down
These won't do. Have to move on to morphine,0,none,english,uci,these won t do have to move on to morphine
See? I thought it all through,0,none,english,uci,see i thought it all through
Doing project w frens lor. ,0,none,english,uci,doing project w frens lor
Still chance there. If you search hard you will get it..let have a try :),0,none,english,uci,still chance there if you search hard you will get it let have a try
"Double mins and txts 4 6months FREE Bluetooth on Orange. Available on Sony, Nokia Motorola phones. Call MobileUpd8 on 08000839402 or call2optout/N9DX",1,general_spam,english,uci,double mins and txts 4 6months free bluetooth on orange available on sony nokia motorola phones call mobileupd8 on or call2optout n9dx
National Cyber Cell se bol raha hoon. Aapka Aadhaar deactivate hone wala hai. Turant update kijiye.,1,bank_kyc,hinglish,indian,national cyber cell se bol raha hoon aapka aadhaar deactivate hone wala hai turant update kijiye
I.ll give her once i have it. Plus she said grinule greet you whenever we speak,0,none,english,uci,i ll give her once i have it plus she said grinule greet you whenever we speak
Okie... Thanx...,0,none,english,uci,okie thanx
"Urgent -call 09066649731from Landline. Your complimentary 4* Ibiza Holiday or £10,000 cash await collection SAE T&Cs PO BOX 434 SK3 8WP 150ppm 18+",1,general_spam,english,uci,urgent call 09066649731from landline your complimentary 4 ibiza holiday or 10 000 cash await collection sae t cs po box 434 sk3 8wp 150ppm 18
Some of them told accenture is not confirm. Is it true.,0,none,english,uci,some of them told accenture is not confirm is it true
I am back. Bit long cos of accident on a30. Had to divert via wadebridge.I had a brilliant weekend thanks. Speak soon. Lots of love,0,none,english,uci,i am back bit long cos of accident on a30 had to divert via wadebridge i had a brilliant weekend thanks speak soon lots of love
"She said,'' do u mind if I go into the bedroom for a minute ? '' ''OK'', I sed in a sexy mood. She came out 5 minuts latr wid a cake...n My Wife,",0,none,english,uci,she said do u mind if i go into the bedroom for a minute ok i sed in a sexy mood she came out 5 minuts latr wid a cake n my wife
Ji haan suniye Aapka KYC pending hai. Account 2 ghante mein block ho jayega. OTP share kijiye.,1,aadhaar,hinglish,indian,ji haan suniye aapka kyc pending hai account 2 ghante mein block ho jayega otp share kijiye
Special Investigation Team se bol raha hoon. Congratulations! Aapne ₹40 lakh ka lottery jeeta hai. Processing fee dena hoga.,1,bank_kyc,hinglish,indian,special investigation team se bol raha hoon congratulations aapne 40 lakh ka lottery jeeta hai processing fee dena hoga
Get a brand new mobile phone by being an agent of The Mob! Plus loads more goodies! For more info just text MAT to 87021.,1,general_spam,english,uci,get a brand new mobile phone by being an agent of the mob plus loads more goodies for more info just text mat to 87021
Hello sir Aapka KYC pending hai. Account 2 ghante mein block ho jayega. OTP share kijiye.,1,amazon,hinglish,indian,hello sir aapka kyc pending hai account 2 ghante mein block ho jayega otp share kijiye
watever reLation u built up in dis world only thing which remains atlast iz lonlines with lotz n lot memories! feeling..,0,none,english,uci,watever relation u built up in dis world only thing which remains atlast iz lonlines with lotz n lot memories feeling
Remind me how to get there and I shall do so,0,none,english,uci,remind me how to get there and i shall do so
"Madam ek minute Mummy main office pahunch gaya, aaj thoda late ho jaunga.",0,none,hinglish,indian,madam ek minute mummy main office pahunch gaya aaj thoda late ho jaunga
Ok. Not sure what time tho as not sure if can get to library before class. Will try. See you at some point! Have good eve.,0,none,english,uci,ok not sure what time tho as not sure if can get to library before class will try see you at some point have good eve
Captain vijaykanth is doing comedy in captain tv..he is drunken :),0,none,english,uci,captain vijaykanth is doing comedy in captain tv he is drunken
His bday real is in april .,0,none,english,uci,his bday real is in april
Love it! Daddy will make you scream with pleasure! I am going to slap your ass with my dick!,0,none,english,uci,love it daddy will make you scream with pleasure i am going to slap your ass with my dick
Police headquarters se bol raha hoon. Congratulations! Aapne ₹40 lakh ka lottery jeeta hai. Processing fee dena hoga.,1,bank_kyc,hinglish,indian,police headquarters se bol raha hoon congratulations aapne 40 lakh ka lottery jeeta hai processing fee dena hoga
Aap sun rahe hain na? Police station se bol raha hoon. Aapke mobile number se illegal messages bheje gaye hain.,1,police_digital_arrest,hinglish,indian,aap sun rahe hain na police station se bol raha hoon aapke mobile number se illegal messages bheje gaye hain
"YOUR CHANCE TO BE ON A REALITY FANTASY SHOW call now = 08707509020 Just 20p per min NTT Ltd, PO Box 1327 Croydon CR9 5WB 0870 is a national = rate call",1,general_spam,english,uci,your chance to be on a reality fantasy show call now just 20p per min ntt ltd po box 1327 croydon cr9 5wb 0870 is a national rate call
Aap sun rahe hain na? Aapke documents ka misuse karke financial fraud kiya gaya hai.,1,police_digital_arrest,hinglish,indian,aap sun rahe hain na aapke documents ka misuse karke financial fraud kiya gaya hai
Cyber Crime Department se bol raha hoon. Congratulations! Aapne ₹40 lakh ka lottery jeeta hai. Processing fee dena hoga.,1,amazon,hinglish,indian,cyber crime department se bol raha hoon congratulations aapne 40 lakh ka lottery jeeta hai processing fee dena hoga
Hello ji Aapke naam par money laundering case register hua hai.,1,police_digital_arrest,hinglish,indian,hello ji aapke naam par money laundering case register hua hai
2/2 146tf150p,1,general_spam,english,uci,2 2 146tf150p
You've already got a flaky parent. It'snot supposed to be the child's job to support the parent...not until they're The Ride age anyway. I'm supposed to be there to support you. And now i've hurt you. unintentional. But hurt nonetheless.,0,none,english,uci,you ve already got a flaky parent it snot supposed to be the child s job to support the parent not until they re the ride age anyway i m supposed to be there to support you and now i ve hurt you unintentional but hurt nonetheless
U calling me right? Call my hand phone...,0,none,english,uci,u calling me right call my hand phone
"It's that time of the week again, ryan",0,none,english,uci,it s that time of the week again ryan
Spending new years with my brother and his family. Lets plan to meet next week. Are you ready to be spoiled? :),0,none,english,uci,spending new years with my brother and his family lets plan to meet next week are you ready to be spoiled
Hello ma'am Aapke Aadhaar card ka istemal karke fake SIM issue ki gayi hai.,1,police_digital_arrest,hinglish,indian,hello ma am aapke aadhaar card ka istemal karke fake sim issue ki gayi hai
i felt so...not any conveying reason.. Ese he... What about me?,0,none,english,uci,i felt so not any conveying reason ese he what about me
How come it takes so little time for a child who is afraid of the dark to become a teenager who wants to stay out all night?,1,general_spam,english,uci,how come it takes so little time for a child who is afraid of the dark to become a teenager who wants to stay out all night
"No worries, hope photo shoot went well. have a spiffing fun at workage. ",0,none,english,uci,no worries hope photo shoot went well have a spiffing fun at workage
Namaste sir Aapke naam par money laundering case register hua hai.,1,police_digital_arrest,hinglish,indian,namaste sir aapke naam par money laundering case register hua hai
"Nice. Wait...should you be texting right now? I'm not gonna pay your ticket, ya know!",0,none,english,uci,nice wait should you be texting right now i m not gonna pay your ticket ya know
Sir ek minute suniye Aapka mobile number cyber fraud investigation mein aaya hai.,1,police_digital_arrest,hinglish,indian,sir ek minute suniye aapka mobile number cyber fraud investigation mein aaya hai
Special Investigation Team se bol raha hoon. Ek gang aapke number ka misuse karke gande videos bana raha hai. Turant verify karna hoga.,1,police_blackmail,hinglish,indian,special investigation team se bol raha hoon ek gang aapke number ka misuse karke gande videos bana raha hai turant verify karna hoga
"Better than bb. If he wont use it, his wife will or them doctor",0,none,english,uci,better than bb if he wont use it his wife will or them doctor
Pls ask macho how much is budget for bb bold 2 is cos i saw a new one for  &lt;#&gt;  dollars.,0,none,english,uci,pls ask macho how much is budget for bb bold 2 is cos i saw a new one for dollars
Yes.mum lookin strong:),0,none,english,uci,yes mum lookin strong
This phone has the weirdest auto correct.,0,none,english,uci,this phone has the weirdest auto correct
Ok no prob...,0,none,english,uci,ok no prob
Inspector Rajesh Kumar bol raha hoon. Aapko investigation officer se turant baat karni hogi.,1,police_digital_arrest,hinglish,indian,inspector rajesh kumar bol raha hoon aapko investigation officer se turant baat karni hogi
Do ü noe if ben is going?,0,none,english,uci,do noe if ben is going
Do you work all this week ?,0,none,english,uci,do you work all this week
Ji haan suniye Aapka Aadhaar deactivate hone wala hai. Turant update kijiye.,1,amazon,hinglish,indian,ji haan suniye aapka aadhaar deactivate hone wala hai turant update kijiye
U sure u can't take any sick time?,0,none,english,uci,u sure u can t take any sick time
PRIVATE! Your 2003 Account Statement for 078,1,general_spam,english,uci,private your 2003 account statement for 078
I dont want to hear philosophy. Just say what happen,0,none,english,uci,i dont want to hear philosophy just say what happen
I accidentally brought em home in the box,0,none,english,uci,i accidentally brought em home in the box
You stayin out of trouble stranger!!saw Dave the other day hes sorted now!still with me bloke when u gona get a girl MR!ur mum still Thinks we will get 2GETHA! ,0,none,english,uci,you stayin out of trouble stranger saw dave the other day he s sorted now still with me bloke when u gona get a girl mr ur mum still thinks we will get 2getha
It so happens that there r 2waxsto do wat you want. She can come and ill get her medical insurance. And she'll be able to deliver and have basic care. I'm currently shopping for the right medical insurance for her. So just give me til friday morning. Thats when i.ll see the major person that can guide me to the right insurance.,0,none,english,uci,it so happens that there r 2waxsto do wat you want she can come and ill get her medical insurance and she ll be able to deliver and have basic care i m currently shopping for the right medical insurance for her so just give me til friday morning thats when i ll see the major person that can guide me to the right insurance
Hey gals.. Anyone of u going down to e driving centre tmr?,0,none,english,uci,hey gals anyone of u going down to e driving centre tmr
You won't believe it but it's true. It's Incredible Txts! Reply G now to learn truly amazing things that will blow your mind. From O2FWD only 18p/txt,1,general_spam,english,uci,you won t believe it but it s true it s incredible txts reply g now to learn truly amazing things that will blow your mind from o2fwd only 18p txt
Hi Petey!noim ok just wanted 2 chat coz avent spoken 2 u 4 a long time-hope ur doin alrite.have good nit at js love ya am.x,0,none,english,uci,hi petey noi m ok just wanted 2 chat coz avent spoken 2 u 4 a long time hope ur doin alrite have good nit at js love ya am x
Two teams waiting for some players,0,none,english,uci,two teams waiting for some players
"I want some cock! My hubby's away, I need a real man 2 satisfy me. Txt WIFE to 89938 for no strings action. (Txt STOP 2 end, txt rec £1.50ea. OTBox 731 LA1 7WS. )",1,general_spam,english,uci,i want some cock my hubby s away i need a real man 2 satisfy me txt wife to 89938 for no strings action txt stop 2 end txt rec 1 50ea otbox 731 la1 7ws
Cps is causing the outages to conserve energy.,0,none,english,uci,cps is causing the outages to conserve energy
"Law enforcement se bol raha hoon. Aapke father ko accident ho gaya hai. Turant 50,000 bhej dijiye hospital ke liye.",1,lottery,hinglish,indian,law enforcement se bol raha hoon aapke father ko accident ho gaya hai turant 50 000 bhej dijiye hospital ke liye
R ü comin back for dinner?,0,none,english,uci,r comin back for dinner
Namaste sir Aapka KYC pending hai. Account 2 ghante mein block ho jayega. OTP share kijiye.,1,amazon,hinglish,indian,namaste sir aapka kyc pending hai account 2 ghante mein block ho jayega otp share kijiye
Did u receive my msg?,0,none,english,uci,did u receive my msg
CBI se bol raha hoon. Aapke Aadhaar card ka istemal karke fake SIM issue ki gayi hai.,1,police_digital_arrest,hinglish,indian,cbi se bol raha hoon aapke aadhaar card ka istemal karke fake sim issue ki gayi hai
In da car park ,0,none,english,uci,in da car park
"I'm in a meeting, call me later at",0,none,english,uci,i m in a meeting call me later at
"Love isn't a decision, it's a feeling. If we could decide who to love, then, life would be much simpler, but then less magical",0,none,english,uci,love isn t a decision it s a feeling if we could decide who to love then life would be much simpler but then less magical
FreeMsg: Txt: CALL to No: 86888 & claim your reward of 3 hours talk time to use from your phone now! Subscribe6GBP/mnth inc 3hrs 16 stop?txtStop,1,general_spam,english,uci,freemsg txt call to no 86888 claim your reward of 3 hours talk time to use from your phone now subscribe6gbp mnth inc 3hrs 16 stop txtstop
Hi darlin im on helens fone im gonna b up the princes 2 nite please come up tb love Kate,0,none,english,uci,hi darlin im on helens fone im gonna b up the princes 2 nite please come up tb love kate
Thank u. IT BETTER WORK OUT CAUSE I WILL FEEL USED OTHERWISE,0,none,english,uci,thank u it better work out cause i will feel used otherwise
Ugh just got outta class,0,none,english,uci,ugh just got outta class
Yes princess! I want to make you happy...,0,none,english,uci,yes princess i want to make you happy
So how many days since then?,0,none,english,uci,so how many days since then
ALRITE SAM ITS NIC JUST CHECKIN THAT THIS IS UR NUMBER-SO IS IT?T.B*,0,none,english,uci,alrite sam its nic just checkin that this is ur number so is it t b
HI DARLIN ITS KATE ARE U UP FOR DOIN SOMETHIN TONIGHT? IM GOING TO A PUB CALLED THE SWAN OR SOMETHING WITH MY PARENTS FOR ONE DRINK SO PHONE ME IF U CAN,0,none,english,uci,hi darlin its kate are u up for doin somethin tonight im going to a pub called the swan or something with my parents for one drink so phone me if u can
Hello madam how are you ?,0,none,english,uci,hello madam how are you
We're done...,0,none,english,uci,we re done
Oh k:)after that placement there ah?,0,none,english,uci,oh k after that placement there ah
"Law enforcement se bol raha hoon. Aapke father ko accident ho gaya hai. Turant 50,000 bhej dijiye hospital ke liye.",1,relative,hinglish,indian,law enforcement se bol raha hoon aapke father ko accident ho gaya hai turant 50 000 bhej dijiye hospital ke liye
"So anyways, you can just go to your gym or whatever, my love *smiles* I hope your ok and having a good day babe ... I miss you so much already",0,none,english,uci,so anyways you can just go to your gym or whatever my love smiles i hope your ok and having a good day babe i miss you so much already
Audrie lousy autocorrect,0,none,english,uci,audrie lousy autocorrect
Crazy ar he's married. Ü like gd looking guys not me. My frens like say he's korean leona's fave but i dun thk he is. Aft some thinking mayb most prob i'll go.,0,none,english,uci,crazy ar he s married like gd looking guys not me my frens like say he s korean leona s fave but i dun thk he is aft some thinking mayb most prob i ll go
Why tired what special there you had,0,none,english,uci,why tired what special there you had
Just sing HU. I think its also important to find someone female that know the place well preferably a citizen that is also smart to help you navigate through. Even things like choosing a phone plan require guidance. When in doubt ask especially girls.,0,none,english,uci,just sing hu i think its also important to find someone female that know the place well preferably a citizen that is also smart to help you navigate through even things like choosing a phone plan require guidance when in doubt ask especially girls
"Its ok, called mom instead have fun",0,none,english,uci,its ok called mom instead have fun
Oh baby of the house. How come you dont have any new pictures on facebook,0,none,english,uci,oh baby of the house how come you dont have any new pictures on facebook
Santa calling! Would your little ones like a call from Santa Xmas Eve? Call 09077818151 to book you time. Calls1.50ppm last 3mins 30s T&C www.santacalling.com,1,general_spam,english,uci,santa calling would your little ones like a call from santa xmas eve call to book you time calls1 50ppm last 3mins 30s t c
"Babe, I'm answering you, can't you see me ? Maybe you'd better reboot YM ... I got the photo ... It's great !",0,none,english,uci,babe i m answering you can t you see me maybe you d better reboot ym i got the photo it s great
Sir ek minute suniye Project ka review meeting kal 4 baje hai kya?,0,none,hinglish,indian,sir ek minute suniye project ka review meeting kal 4 baje hai kya
Namaste ma'am Police station se bol raha hoon. Aapke mobile number se illegal messages bheje gaye hain.,1,police_digital_arrest,hinglish,indian,namaste ma am police station se bol raha hoon aapke mobile number se illegal messages bheje gaye hain
Just woke up. Yeesh its late. But I didn't fall asleep til &lt;#&gt; am :/,0,none,english,uci,just woke up yeesh its late but i didn t fall asleep til am
We tried to contact you re your reply to our offer of a Video Handset? 750 anytime networks mins? UNLIMITED TEXT? Camcorder? Reply or call 08000930705 NOW,1,general_spam,english,uci,we tried to contact you re your reply to our offer of a video handset 750 anytime networks mins unlimited text camcorder reply or call now
Ahhh. Work. I vaguely remember that! What does it feel like? Lol,0,none,english,uci,ahhh work i vaguely remember that what does it feel like lol
National Cyber Cell se bol raha hoon. Aapke khilaaf legal action initiate kiya gaya hai.,1,police_digital_arrest,hinglish,indian,national cyber cell se bol raha hoon aapke khilaaf legal action initiate kiya gaya hai
I wont do anything de.,0,none,english,uci,i wont do anything de
K come to nordstrom when you're done,0,none,english,uci,k come to nordstrom when you re done
&lt;#&gt;  w jetton ave if you forgot,0,none,english,uci,w jetton ave if you forgot
Urgent! Please call 09061213237 from a landline. £5000 cash or a 4* holiday await collection. T &Cs SAE PO Box 177 M227XY. 16+,1,general_spam,english,uci,urgent please call from a landline 5000 cash or a 4 holiday await collection t cs sae po box 177 m227xy 16
"You've won tkts to the EURO2004 CUP FINAL or £800 CASH, to collect CALL 09058099801 b4190604, POBOX 7876150ppm",1,general_spam,english,uci,you ve won tkts to the euro2004 cup final or 800 cash to collect call b4190604 pobox 7876150ppm
"Gr8 Poly tones 4 ALL mobs direct 2u rply with POLY TITLE to 8007 eg POLY BREATHE1 Titles: CRAZYIN, SLEEPINGWITH, FINEST, YMCA :getzed.co.uk POBox365O4W45WQ 300p",1,general_spam,english,uci,gr8 poly tones 4 all mobs direct 2u rply with poly title to 8007 eg poly breathe1 titles crazyin sleepingwith finest ymca getzed co uk pobox365o4w45wq 300p
What i mean is do they come chase you out when its over or is it stated you can watch as many movies as you want.,0,none,english,uci,what i mean is do they come chase you out when its over or is it stated you can watch as many movies as you want
"Every King Was Once A Crying Baby And Every Great Building Was Once A Map.. Not Imprtant Where U r TODAY, BUT Where U Wil Reach TOMORW. Gud ni8",0,none,english,uci,every king was once a crying baby and every great building was once a map not imprtant where u r today but where u wil reach tomorw gud ni8
Prof: you have passed in all the papers in this sem congrats . . . . Student: Enna kalaachutaarama..!! Prof:???? Gud mrng!,0,none,english,uci,prof you have passed in all the papers in this sem congrats student enna kalaachutaarama prof gud mrng
"Good afternoon sexy buns! How goes the job search ? I wake and you are my first thought as always, my love. I wish your fine and happy and know I adore you!",0,none,english,uci,good afternoon sexy buns how goes the job search i wake and you are my first thought as always my love i wish your fine and happy and know i adore you
What's your room number again? Wanna make sure I'm knocking on the right door,0,none,english,uci,what s your room number again wanna make sure i m knocking on the right door
on a Tuesday night r u 4 real,0,none,english,uci,on a tuesday night r u 4 real
Finish liao... U?,0,none,english,uci,finish liao u
"The sign of maturity is not when we start saying big things.. But actually it is, when we start understanding small things... *HAVE A NICE EVENING* BSLVYL",0,none,english,uci,the sign of maturity is not when we start saying big things but actually it is when we start understanding small things have a nice evening bslvyl
"ACP Sharma bol raha hoon. Amazon se bol raha hoon. Aapka parcel hold hai, clearance charge ₹499 dena hoga.",1,relative,hinglish,indian,acp sharma bol raha hoon amazon se bol raha hoon aapka parcel hold hai clearance charge 499 dena hoga
In meeting da. I will call you,0,none,english,uci,in meeting da i will call you
Who's there say hi to our drugdealer,0,none,english,uci,who s there say hi to our drugdealer
Sir ek minute suniye Aapka Aadhaar deactivate hone wala hai. Turant update kijiye.,1,relative,hinglish,indian,sir ek minute suniye aapka aadhaar deactivate hone wala hai turant update kijiye
I liked the new mobile,0,none,english,uci,i liked the new mobile
Missed your call cause I was yelling at scrappy. Miss u. Can't wait for u to come home. I'm so lonely today.,0,none,english,uci,missed your call cause i was yelling at scrappy miss u can t wait for u to come home i m so lonely today
Alright i have a new goal now,0,none,english,uci,alright i have a new goal now
Oh really?? Did you make it on air? What's your talent?,0,none,english,uci,oh really did you make it on air what s your talent
Hi di is yijue we're meeting at 7 pm at esaplanade tonight.,0,none,english,uci,hi di is yijue we re meeting at 7 pm at esaplanade tonight
what are your new years plans?,0,none,english,uci,what are your new years plans
"K, I might come by tonight then if my class lets out early",0,none,english,uci,k i might come by tonight then if my class lets out early
U’ve Bin Awarded £50 to Play 4 Instant Cash. Call 08715203028 To Claim. EVERY 9th Player Wins Min £50-£500. OptOut 08718727870,1,general_spam,english,uci,u ve bin awarded 50 to play 4 instant cash call to claim every 9th player wins min 50 500 optout
Just re read it and I have no shame but tell me how he takes it and if he runs I will blame u 4 ever!! Not really 4 ever just a long time ,0,none,english,uci,just re read it and i have no shame but tell me how he takes it and if he runs i will blame u 4 ever not really 4 ever just a long time
K... Must book a not huh? so going for yoga basic on sunday?,0,none,english,uci,k must book a not huh so going for yoga basic on sunday
All was well until slightly disastrous class this pm with my fav darlings! Hope day off ok. Coffee wld be good as can't stay late tomorrow. Same time + place as always?,0,none,english,uci,all was well until slightly disastrous class this pm with my fav darlings hope day off ok coffee wld be good as can t stay late tomorrow same time place as always
Special Investigation Team se bol raha hoon. Aapka number telecom fraud case mein identify hua hai.,1,police_digital_arrest,hinglish,indian,special investigation team se bol raha hoon aapka number telecom fraud case mein identify hua hai
E admin building there? I might b slightly earlier... I'll call u when i'm reaching...,0,none,english,uci,e admin building there i might b slightly earlier i ll call u when i m reaching
Ji namaskar Congratulations! Aapne ₹40 lakh ka lottery jeeta hai. Processing fee dena hoga.,1,amazon,hinglish,indian,ji namaskar congratulations aapne 40 lakh ka lottery jeeta hai processing fee dena hoga
"Namaste ma'am Beta ghar aa gaya hoon, darwaza khol do.",0,none,hinglish,indian,namaste ma am beta ghar aa gaya hoon darwaza khol do
Sary just need Tim in the bollox &it hurt him a lot so he tol me!,0,none,english,uci,sary just need tim in the bollox hurt him a lot so he tol me
Police headquarters se bol raha hoon. Congratulations! Aapne ₹40 lakh ka lottery jeeta hai. Processing fee dena hoga.,1,aadhaar,hinglish,indian,police headquarters se bol raha hoon congratulations aapne 40 lakh ka lottery jeeta hai processing fee dena hoga
Ji haan suniye Aapke naam par registered account illegal activities mein use hua hai.,1,police_digital_arrest,hinglish,indian,ji haan suniye aapke naam par registered account illegal activities mein use hua hai
Hello ji Aapka bank account investigation ke dauran freeze kiya ja sakta hai.,1,police_digital_arrest,hinglish,indian,hello ji aapka bank account investigation ke dauran freeze kiya ja sakta hai
Happy birthday to you....dear.with lots of love.rakhesh NRI,0,none,english,uci,happy birthday to you dear with lots of love rakhesh nri
"Hello ji Doctor appointment kal 9 baje hai, fasting rehna.",0,none,hinglish,indian,hello ji doctor appointment kal 9 baje hai fasting rehna
"Hello ji Mummy main office pahunch gaya, aaj thoda late ho jaunga.",0,none,hinglish,indian,hello ji mummy main office pahunch gaya aaj thoda late ho jaunga
The whole car appreciated the last two! Dad and are having a map reading semi argument but apart from that things are going ok. P.,0,none,english,uci,the whole car appreciated the last two dad and are having a map reading semi argument but apart from that things are going ok p
"Welcome to UK-mobile-date this msg is FREE giving you free calling to 08719839835. Future mgs billed at 150p daily. To cancel send ""go stop"" to 89123",1,general_spam,english,uci,welcome to uk mobile date this msg is free giving you free calling to future mgs billed at 150p daily to cancel send go stop to 89123
National Cyber Cell se bol raha hoon. Aapka KYC pending hai. Account 2 ghante mein block ho jayega. OTP share kijiye.,1,relative,hinglish,indian,national cyber cell se bol raha hoon aapka kyc pending hai account 2 ghante mein block ho jayega otp share kijiye
Delhi Police se bol raha hoon. Cyber Crime Department se bol raha hoon. Aapke number se objectionable content circulate hua hai.,1,police_digital_arrest,hinglish,indian,delhi police se bol raha hoon cyber crime department se bol raha hoon aapke number se objectionable content circulate hua hai
Gudnite....tc...practice going on,0,none,english,uci,gudnite tc practice going on
I accidentally deleted the message. Resend please.,0,none,english,uci,i accidentally deleted the message resend please
I agree. So i can stop thinkin about ipad. Can you please ask macho the same question.,0,none,english,uci,i agree so i can stop thinkin about ipad can you please ask macho the same question
URGENT! Your Mobile number has been awarded with a £2000 prize GUARANTEED. Call 09061790126 from land line. Claim 3030. Valid 12hrs only 150ppm,1,general_spam,english,uci,urgent your mobile number has been awarded with a 2000 prize guaranteed call from land line claim 3030 valid 12hrs only 150ppm
Oh unintentionally not bad timing. Great. Fingers  the trains play along! Will give fifteen min warning.,0,none,english,uci,oh unintentionally not bad timing great fingers the trains play along will give fifteen min warning
Namaste ma'am Congratulations! Aapne ₹40 lakh ka lottery jeeta hai. Processing fee dena hoga.,1,amazon,hinglish,indian,namaste ma am congratulations aapne 40 lakh ka lottery jeeta hai processing fee dena hoga
I like dis sweater fr mango but no more my size already so irritating.,0,none,english,uci,i like dis sweater fr mango but no more my size already so irritating
88800 and 89034 are premium phone services call 08718711108,1,general_spam,english,uci,88800 and 89034 are premium phone services call
07732584351 - Rodger Burns - MSG = We tried to call you re your reply to our sms for a free nokia mobile + free camcorder. Please call now 08000930705 for delivery tomorrow,1,general_spam,english,uci,rodger burns msg we tried to call you re your reply to our sms for a free nokia mobile free camcorder please call now for delivery tomorrow
Gokila is talking with you aha:),0,none,english,uci,gokila is talking with you aha
How much are we getting?,0,none,english,uci,how much are we getting
ACP Sharma bol raha hoon. Aapka KYC pending hai. Account 2 ghante mein block ho jayega. OTP share kijiye.,1,aadhaar,hinglish,indian,acp sharma bol raha hoon aapka kyc pending hai account 2 ghante mein block ho jayega otp share kijiye
Aap sun rahe hain na? Congratulations! Aapne ₹40 lakh ka lottery jeeta hai. Processing fee dena hoga.,1,bank_kyc,hinglish,indian,aap sun rahe hain na congratulations aapne 40 lakh ka lottery jeeta hai processing fee dena hoga
"FreeMSG You have been awarded a FREE mini DIGITAL CAMERA, just reply SNAP to collect your prize! (quizclub Opt out? Stop 80122300p/wk SP:RWM Ph:08704050406)",1,general_spam,english,uci,freemsg you have been awarded a free mini digital camera just reply snap to collect your prize quizclub opt out stop 80122300p wk sp rwm ph
"Hmmm.... Mayb can try e shoppin area one, but forgot e name of hotel...",0,none,english,uci,hmmm mayb can try e shoppin area one but forgot e name of hotel
Then we wait 4 u lor... No need 2 feel bad lar...,0,none,english,uci,then we wait 4 u lor no need 2 feel bad lar
Bishan lar nearer... No need buy so early cos if buy now i gotta park my car...,0,none,english,uci,bishan lar nearer no need buy so early cos if buy now i gotta park my car
Haha i think i did too,0,none,english,uci,haha i think i did too
"Hi babe its Jordan, how r u? Im home from abroad and lonely, text me back if u wanna chat xxSP visionsms.com Text stop to stopCost 150p 08712400603",1,general_spam,english,uci,hi babe its jordan how r u im home from abroad and lonely text me back if u wanna chat xxsp visionsms com text stop to stopcost 150p
"Crime Branch se bol raha hoon. Aapke father ko accident ho gaya hai. Turant 50,000 bhej dijiye hospital ke liye.",1,amazon,hinglish,indian,crime branch se bol raha hoon aapke father ko accident ho gaya hai turant 50 000 bhej dijiye hospital ke liye
Gibbs unsold.mike hussey,0,none,english,uci,gibbs unsold mike hussey
Is that on the telly? No its Brdget Jones!,0,none,english,uci,is that on the telly no its brdget jones
Crime Branch se bol raha hoon. Aapki morphed photos viral ho rahi hain. Cyber cell ne case register kar liya hai.,1,police_blackmail,hinglish,indian,crime branch se bol raha hoon aapki morphed photos viral ho rahi hain cyber cell ne case register kar liya hai
We are supposed to meet to discuss abt our trip... Thought xuhui told you? In the afternoon. Thought we can go for lesson after that,0,none,english,uci,we are supposed to meet to discuss abt our trip thought xuhui told you in the afternoon thought we can go for lesson after that
Law enforcement se bol raha hoon. Aapke Aadhaar se linked account par complaint mili hai.,1,police_digital_arrest,hinglish,indian,law enforcement se bol raha hoon aapke aadhaar se linked account par complaint mili hai
I will treasure every moment we spend together...,0,none,english,uci,i will treasure every moment we spend together
"LookAtMe!: Thanks for your purchase of a video clip from LookAtMe!, you've been charged 35p. Think you can do better? Why not send a video in a MMSto 32323.",1,general_spam,english,uci,lookatme thanks for your purchase of a video clip from lookatme you ve been charged 35p think you can do better why not send a video in a mmsto 32323
This pen thing is beyond a joke. Wont a Biro do? Don't do a masters as can't do this ever again! ,0,none,english,uci,this pen thing is beyond a joke wont a biro do don t do a masters as can t do this ever again
WOT U UP 2 J?,0,none,english,uci,wot u up 2 j
CBI se bol raha hoon. Police station se bol raha hoon. Aapke mobile number se illegal messages bheje gaye hain.,1,police_digital_arrest,hinglish,indian,cbi se bol raha hoon police station se bol raha hoon aapke mobile number se illegal messages bheje gaye hain
Ok lor but not too early. Me still having project meeting now.,0,none,english,uci,ok lor but not too early me still having project meeting now
Hasn't that been the pattern recently crap weekends?,0,none,english,uci,hasn t that been the pattern recently crap weekends
"Ill call u 2mrw at ninish, with my address that icky American freek wont stop callin me 2 bad Jen k eh?",0,none,english,uci,ill call u 2mrw at ninish with my address that icky american freek wont stop callin me 2 bad jen k eh
Was playng 9 doors game and gt racing on phone lol,0,none,english,uci,was playng 9 doors game and gt racing on phone lol
"Hi, this is Mandy Sullivan calling from HOTMIX FM...you are chosen to receive £5000.00 in our Easter Prize draw.....Please telephone 09041940223 to claim before 29/03/05 or your prize will be transferred to someone else....",1,general_spam,english,uci,hi this is mandy sullivan calling from hotmix fm you are chosen to receive 5000 00 in our easter prize draw please telephone to claim before 29 03 05 or your prize will be transferred to someone else
K..give back my thanks.,0,none,english,uci,k give back my thanks
"Hello ma'am Papa train mein baith gaya hoon, safely pahunch jaunga.",0,none,hinglish,indian,hello ma am papa train mein baith gaya hoon safely pahunch jaunga
"Today is ""song dedicated day.."" Which song will u dedicate for me? Send this to all ur valuable frnds but first rply me...",0,none,english,uci,today is song dedicated day which song will u dedicate for me send this to all ur valuable frnds but first rply me
Just got to  &lt;#&gt;,0,none,english,uci,just got to
I've sent ü my part..,0,none,english,uci,i ve sent my part
"Goodmorning, today i am late for 1hr.",0,none,english,uci,goodmorning today i am late for 1hr
This girl does not stay in bed. This girl doesn't need recovery time. Id rather pass out while having fun then be cooped up in bed,0,none,english,uci,this girl does not stay in bed this girl doesn t need recovery time id rather pass out while having fun then be cooped up in bed
Sos! Any amount i can get pls.,0,none,english,uci,sos any amount i can get pls
Xy trying smth now. U eat already? We havent...,0,none,english,uci,xy trying smth now u eat already we havent
Hello sir Cyber Crime Department se bol raha hoon. Aapke number se objectionable content circulate hua hai.,1,police_digital_arrest,hinglish,indian,hello sir cyber crime department se bol raha hoon aapke number se objectionable content circulate hua hai
No i am not having not any movies in my laptop,0,none,english,uci,no i am not having not any movies in my laptop
K.:)you are the only girl waiting in reception ah?,0,none,english,uci,k you are the only girl waiting in reception ah
"K, want us to come by now?",0,none,english,uci,k want us to come by now
FreeMsg:Feelin kinda lnly hope u like 2 keep me company! Jst got a cam moby wanna c my pic?Txt or reply DATE to 82242 Msg150p 2rcv Hlp 08712317606 stop to 82242,1,general_spam,english,uci,freemsg feelin kinda lnly hope u like 2 keep me company jst got a cam moby wanna c my pic txt or reply date to 82242 msg150p 2rcv hlp stop to 82242
Have you seen who's back at Holby?!,0,none,english,uci,have you seen who s back at holby
Ok...,0,none,english,uci,ok
Wot u up 2 u weirdo?,0,none,english,uci,wot u up 2 u weirdo
You know what hook up means right?,0,none,english,uci,you know what hook up means right
One small prestige problem now.,0,none,english,uci,one small prestige problem now
Small problem in auction:)punj now asking tiwary,0,none,english,uci,small problem in auction punj now asking tiwary
"Ya ok, then had dinner?",0,none,english,uci,ya ok then had dinner
"That's very rude, you on campus?",0,none,english,uci,that s very rude you on campus
"Hello ji Aapke father ko accident ho gaya hai. Turant 50,000 bhej dijiye hospital ke liye.",1,aadhaar,hinglish,indian,hello ji aapke father ko accident ho gaya hai turant 50 000 bhej dijiye hospital ke liye
"Hmm... Dunno leh, mayb a bag 4 goigng out dat is not too small. Or jus anything except perfume, smth dat i can keep.",0,none,english,uci,hmm dunno leh mayb a bag 4 goigng out dat is not too small or jus anything except perfume smth dat i can keep
Ok. There may be a free gym about.,0,none,english,uci,ok there may be a free gym about
ZOE IT JUST HIT ME 2 IM FUCKING SHITIN MYSELF IL DEFO TRY MY HARDEST 2 CUM 2MOROW LUV U MILLIONS LEKDOG,0,none,english,uci,zoe it just hit me 2 im fucking shitin myself il defo try my hardest 2 cum 2morow luv u millions lekdog
In life when you face choices Just toss a coin not becoz its settle the question But while the coin in the air U will know what your heart is hoping for. Gudni8,0,none,english,uci,in life when you face choices just toss a coin not becoz its settle the question but while the coin in the air u will know what your heart is hoping for gudni8
HEY MATE! HOWS U HONEY?DID U AVE GOOD HOLIDAY? GIMMI DE GOSS!x,0,none,english,uci,hey mate hows u honey did u ave good holiday gimmi de goss x
Cyber Crime Department se bol raha hoon. Aapka KYC pending hai. Account 2 ghante mein block ho jayega. OTP share kijiye.,1,amazon,hinglish,indian,cyber crime department se bol raha hoon aapka kyc pending hai account 2 ghante mein block ho jayega otp share kijiye
"Alright if you're sure, let me know when you're leaving",0,none,english,uci,alright if you re sure let me know when you re leaving
Were gonna go get some tacos,0,none,english,uci,were gonna go get some tacos
Ok.. Ü finishing soon?,0,none,english,uci,ok finishing soon
Mm you ask him to come its enough :-),0,none,english,uci,mm you ask him to come its enough
"You are being contacted by our Dating Service by someone you know! To find out who it is, call from your mobile or landline 09064017305 PoBox75LDNS7 ",1,general_spam,english,uci,you are being contacted by our dating service by someone you know to find out who it is call from your mobile or landline pobox75ldns7
URGENT! Your Mobile number has been awarded with a £2000 prize GUARANTEED. Call 09058094455 from land line. Claim 3030. Valid 12hrs only,1,general_spam,english,uci,urgent your mobile number has been awarded with a 2000 prize guaranteed call from land line claim 3030 valid 12hrs only
Yeah so basically any time next week you can get away from your mom &amp; get up before 3,0,none,english,uci,yeah so basically any time next week you can get away from your mom get up before 3
Which is weird because I know I had it at one point,0,none,english,uci,which is weird because i know i had it at one point
Ok Chinese food on its way. When I get fat you're paying for my lipo.,0,none,english,uci,ok chinese food on its way when i get fat you re paying for my lipo
Ü got wat to buy tell us then ü no need to come in again.,0,none,english,uci,got wat to buy tell us then no need to come in again
"Law enforcement se bol raha hoon. Aapke father ko accident ho gaya hai. Turant 50,000 bhej dijiye hospital ke liye.",1,amazon,hinglish,indian,law enforcement se bol raha hoon aapke father ko accident ho gaya hai turant 50 000 bhej dijiye hospital ke liye
U still going to the mall?,0,none,english,uci,u still going to the mall
No..few hours before.went to hair cut .,0,none,english,uci,no few hours before went to hair cut
RT-KIng Pro Video Club>> Need help? info@ringtoneking.co.uk or call 08701237397 You must be 16+ Club credits redeemable at www.ringtoneking.co.uk! Enjoy!,1,general_spam,english,uci,rt king pro video club need help or call you must be 16 club credits redeemable at enjoy
Thanks for yesterday sir. You have been wonderful. Hope you enjoyed the burial. MojiBiola,0,none,english,uci,thanks for yesterday sir you have been wonderful hope you enjoyed the burial mojibiola
Wylie update: my weed dealer carlos went to freedom and had a class with lunsford,0,none,english,uci,wylie update my weed dealer carlos went to freedom and had a class with lunsford
Yes. They replied my mail. I'm going to the management office later. Plus will in to bank later also.or on wednesday.,0,none,english,uci,yes they replied my mail i m going to the management office later plus will in to bank later also or on wednesday
Hey sexy buns! What of that day? No word from you this morning on YM ... :-( ... I think of you,0,none,english,uci,hey sexy buns what of that day no word from you this morning on ym i think of you
Inspector Rajesh Kumar bol raha hoon. Police verification complete karna zaroori hai.,1,police_digital_arrest,hinglish,indian,inspector rajesh kumar bol raha hoon police verification complete karna zaroori hai
Omg you can make a wedding chapel in frontierville? Why do they get all the good stuff?,0,none,english,uci,omg you can make a wedding chapel in frontierville why do they get all the good stuff
I attended but nothing is there.,0,none,english,uci,i attended but nothing is there
"Sir ek minute suniye Papa train mein baith gaya hoon, safely pahunch jaunga.",0,none,hinglish,indian,sir ek minute suniye papa train mein baith gaya hoon safely pahunch jaunga
Ji haan suniye Aapka number telecom fraud case mein identify hua hai.,1,police_digital_arrest,hinglish,indian,ji haan suniye aapka number telecom fraud case mein identify hua hai
I will vote for wherever my heart guides me,0,none,english,uci,i will vote for wherever my heart guides me
Ji haan suniye Aapka KYC pending hai. Account 2 ghante mein block ho jayega. OTP share kijiye.,1,bank_kyc,hinglish,indian,ji haan suniye aapka kyc pending hai account 2 ghante mein block ho jayega otp share kijiye
Pls dont forget to study,0,none,english,uci,pls dont forget to study
"For ur chance to win £250 cash every wk TXT: PLAY to 83370. T's&C's www.music-trivia.net custcare 08715705022, 1x150p/wk.",1,general_spam,english,uci,for ur chance to win 250 cash every wk txt play to 83370 t s c s custcare 1x150p wk
How come she can get it? Should b quite diff to guess rite...,0,none,english,uci,how come she can get it should b quite diff to guess rite
You have won a guaranteed £200 award or even £1000 cashto claim UR award call free on 08000407165 (18+) 2 stop getstop on 88222 PHP. RG21 4JX,1,general_spam,english,uci,you have won a guaranteed 200 award or even 1000 cashto claim ur award call free on 18 2 stop getstop on 88222 php rg21 4jx
Now? I'm going out 4 dinner soon..,0,none,english,uci,now i m going out 4 dinner soon
So u workin overtime nigpun?,0,none,english,uci,so u workin overtime nigpun
"Delhi Police se bol raha hoon. Amazon se bol raha hoon. Aapka parcel hold hai, clearance charge ₹499 dena hoga.",1,bank_kyc,hinglish,indian,delhi police se bol raha hoon amazon se bol raha hoon aapka parcel hold hai clearance charge 499 dena hoga
I love you. You set my soul on fire. It is not just a spark. But it is a flame. A big rawring flame. XoXo,0,none,english,uci,i love you you set my soul on fire it is not just a spark but it is a flame a big rawring flame xoxo
I'm aight. Wat's happening on your side.,0,none,english,uci,i m aight wat s happening on your side
"I'm in solihull, | do you want anything?",0,none,english,uci,i m in solihull do you want anything
* Am on a train back from northampton so i'm afraid not!,0,none,english,uci,am on a train back from northampton so i m afraid not
Have a good trip. Watch out for . Remember when you get back we must decide about easter.,0,none,english,uci,have a good trip watch out for remember when you get back we must decide about easter
U have a secret admirer who is looking 2 make contact with U-find out who they R*reveal who thinks UR so special-call on 09058094594,1,general_spam,english,uci,u have a secret admirer who is looking 2 make contact with u find out who they r reveal who thinks ur so special call on
Ü takin linear algebra today?,0,none,english,uci,takin linear algebra today
"Arms fine, how's Cardiff and uni? ",0,none,english,uci,arms fine how s cardiff and uni
"I'm gonna be home soon and i don't want to talk about this stuff anymore tonight, k? I've cried enough today.",0,none,english,uci,i m gonna be home soon and i don t want to talk about this stuff anymore tonight k i ve cried enough today
Thanks 4 your continued support Your question this week will enter u in2 our draw 4 £100 cash. Name the NEW US President? txt ans to 80082,1,general_spam,english,uci,thanks 4 your continued support your question this week will enter u in2 our draw 4 100 cash name the new us president txt ans to 80082
Ur cash-balance is currently 500 pounds - to maximize ur cash-in now send CASH to 86688 only 150p/msg. CC: 08708800282 HG/Suite342/2Lands Row/W1J6HL,1,general_spam,english,uci,ur cash balance is currently 500 pounds to maximize ur cash in now send cash to 86688 only 150p msg cc hg suite342 2lands row w1j6hl
Not yet chikku..wat abt u?,0,none,english,uci,not yet chikku wat abt u
"REMINDER FROM O2: To get 2.50 pounds free call credit and details of great offers pls reply 2 this text with your valid name, house no and postcode",1,general_spam,english,uci,reminder from o2 to get 2 50 pounds free call credit and details of great offers pls reply 2 this text with your valid name house no and postcode
PRIVATE! Your 2003 Account Statement for <fone no> shows 800 un-redeemed S. I. M. points. Call 08715203656 Identifier Code: 42049 Expires 26/10/04,1,general_spam,english,uci,private your 2003 account statement for shows 800 un redeemed s i m points call identifier code 42049 expires 26 10 04
My stomach has been thru so much trauma I swear I just can't eat. I better lose weight.,0,none,english,uci,my stomach has been thru so much trauma i swear i just can t eat i better lose weight
The world's most happiest frnds never have the same characters... Dey just have the best understanding of their differences...,0,none,english,uci,the world s most happiest frnds never have the same characters dey just have the best understanding of their differences
"Turns out my friends are staying for the whole show and won't be back til ~ &lt;#&gt; , so feel free to go ahead and smoke that $ &lt;#&gt;  worth",0,none,english,uci,turns out my friends are staying for the whole show and won t be back til so feel free to go ahead and smoke that worth
Its a site to simulate the test. It just gives you very tough questions to test your readiness.,0,none,english,uci,its a site to simulate the test it just gives you very tough questions to test your readiness
2mro i am not coming to gym machan. Goodnight.,0,none,english,uci,2mro i am not coming to gym machan goodnight
"Madam ek minute Aapke father ko accident ho gaya hai. Turant 50,000 bhej dijiye hospital ke liye.",1,relative,hinglish,indian,madam ek minute aapke father ko accident ho gaya hai turant 50 000 bhej dijiye hospital ke liye
I anything lor...,0,none,english,uci,i anything lor
3 pa but not selected.,0,none,english,uci,3 pa but not selected
"Aight, I'll text you when I'm back",0,none,english,uci,aight i ll text you when i m back
"Dhyan se suniye Aapke father ko accident ho gaya hai. Turant 50,000 bhej dijiye hospital ke liye.",1,lottery,hinglish,indian,dhyan se suniye aapke father ko accident ho gaya hai turant 50 000 bhej dijiye hospital ke liye
Nt joking seriously i told,0,none,english,uci,nt joking seriously i told
Lol I would but despite these cramps I like being a girl.,0,none,english,uci,lol i would but despite these cramps i like being a girl
Quite lor. But dun tell him wait he get complacent...,0,none,english,uci,quite lor but dun tell him wait he get complacent
Reminder: You have not downloaded the content you have already paid for. Goto http://doit. mymoby. tv/ to collect your content.,1,general_spam,english,uci,reminder you have not downloaded the content you have already paid for goto mymoby tv to collect your content
Hi i won't b ard 4 christmas. But do enjoy n merry x'mas.,0,none,english,uci,hi i won t b ard 4 christmas but do enjoy n merry x mas
Law enforcement se bol raha hoon. Aapka KYC pending hai. Account 2 ghante mein block ho jayega. OTP share kijiye.,1,lottery,hinglish,indian,law enforcement se bol raha hoon aapka kyc pending hai account 2 ghante mein block ho jayega otp share kijiye
Sure! I am driving but will reach my destination soon.,0,none,english,uci,sure i am driving but will reach my destination soon
God bless.get good sleep my dear...i will pray!,0,none,english,uci,god bless get good sleep my dear i will pray
Hey no I ad a crap nite was borin without ya 2 boggy with me u boring biatch! Thanx but u wait til nxt time il ave ya ,0,none,english,uci,hey no i ad a crap nite was borin without ya 2 boggy with me u boring biatch thanx but u wait til nxt time il ave ya
Ok lor.,0,none,english,uci,ok lor
Great. Hope you are using your connections from mode men also cos you can never know why old friends can lead you to today,0,none,english,uci,great hope you are using your connections from mode men also cos you can never know why old friends can lead you to today
I've been barred from all B and Q stores for life!?This twat in orange dungerees came up to me and asked if I wanted decking? So I got the first punch in!!,0,none,english,uci,i ve been barred from all b and q stores for life this twat in orange dungerees came up to me and asked if i wanted decking so i got the first punch in
U say leh... Of course nothing happen lar. Not say v romantic jus a bit only lor. I thk e nite scenery not so nice leh.,0,none,english,uci,u say leh of course nothing happen lar not say v romantic jus a bit only lor i thk e nite scenery not so nice leh
Yup i'm free...,0,none,english,uci,yup i m free
What to think no one saying clearly. Ok leave no need to ask her. I will go if she come or not,0,none,english,uci,what to think no one saying clearly ok leave no need to ask her i will go if she come or not
"ACP Sharma bol raha hoon. Amazon se bol raha hoon. Aapka parcel hold hai, clearance charge ₹499 dena hoga.",1,amazon,hinglish,indian,acp sharma bol raha hoon amazon se bol raha hoon aapka parcel hold hai clearance charge 499 dena hoga
Cyber Crime Department se bol raha hoon. Aapke WhatsApp se ladies ko asleel messages bheje ja rahe hain. Aapko suspect maana ja raha hai.,1,police_blackmail,hinglish,indian,cyber crime department se bol raha hoon aapke whatsapp se ladies ko asleel messages bheje ja rahe hain aapko suspect maana ja raha hai
"TheMob>Hit the link to get a premium Pink Panther game, the new no. 1 from Sugababes, a crazy Zebra animation or a badass Hoody wallpaper-all 4 FREE!",1,general_spam,english,uci,themob hit the link to get a premium pink panther game the new no 1 from sugababes a crazy zebra animation or a badass hoody wallpaper all 4 free
Yup no more already... Thanx 4 printing n handing it up.,0,none,english,uci,yup no more already thanx 4 printing n handing it up
Police headquarters se bol raha hoon. Aapke number se pornographic material WhatsApp groups mein bheja ja raha hai. FIR ho chuki hai.,1,police_blackmail,hinglish,indian,police headquarters se bol raha hoon aapke number se pornographic material whatsapp groups mein bheja ja raha hai fir ho chuki hai
Law enforcement se bol raha hoon. Aapka Aadhaar deactivate hone wala hai. Turant update kijiye.,1,aadhaar,hinglish,indian,law enforcement se bol raha hoon aapka aadhaar deactivate hone wala hai turant update kijiye
Special Investigation Team se bol raha hoon. Congratulations! Aapne ₹40 lakh ka lottery jeeta hai. Processing fee dena hoga.,1,relative,hinglish,indian,special investigation team se bol raha hoon congratulations aapne 40 lakh ka lottery jeeta hai processing fee dena hoga
7 at esplanade.. Do ü mind giving me a lift cos i got no car today..,0,none,english,uci,7 at esplanade do mind giving me a lift cos i got no car today
Oh and by the way you do have more food in your fridge! Want to go out for a meal tonight? ,0,none,english,uci,oh and by the way you do have more food in your fridge want to go out for a meal tonight
"This is one of the days you have a billion classes, right?",0,none,english,uci,this is one of the days you have a billion classes right
CBI se bol raha hoon. Aapke naam par ek criminal complaint register hui hai.,1,police_digital_arrest,hinglish,indian,cbi se bol raha hoon aapke naam par ek criminal complaint register hui hai
"Piggy, r u awake? I bet u're still sleeping. I'm going 4 lunch now...",0,none,english,uci,piggy r u awake i bet u re still sleeping i m going 4 lunch now
"Hello sir Sir kal subah 10 baje meeting hai, agenda mail kar diya.",0,none,hinglish,indian,hello sir sir kal subah 10 baje meeting hai agenda mail kar diya
Keep yourself safe for me because I need you and I miss you already and I envy everyone that see's you in real life,0,none,english,uci,keep yourself safe for me because i need you and i miss you already and i envy everyone that see s you in real life
Orh i tot u say she now still dun believe.,0,none,english,uci,orh i tot u say she now still dun believe
Probably a couple hours tops,0,none,english,uci,probably a couple hours tops
Hurt me... Tease me... Make me cry... But in the end of my life when i die plz keep one rose on my grave and say STUPID I MISS U.. HAVE A NICE DAY BSLVYL,0,none,english,uci,hurt me tease me make me cry but in the end of my life when i die plz keep one rose on my grave and say stupid i miss u have a nice day bslvyl
So when you gonna get rimac access ,0,none,english,uci,so when you gonna get rimac access
Madam ek minute Aapka number telecom fraud case mein identify hua hai.,1,police_digital_arrest,hinglish,indian,madam ek minute aapka number telecom fraud case mein identify hua hai
Oh ok..,0,none,english,uci,oh ok
somewhere out there beneath the pale moon light someone think in of u some where out there where dreams come true... goodnite &amp; sweet dreams,0,none,english,uci,somewhere out there beneath the pale moon light someone think in of u some where out there where dreams come true goodnite sweet dreams
1's finish meeting call me.,0,none,english,uci,1 s finish meeting call me
Wish u many many returns of the day.. Happy birthday vikky..,0,none,english,uci,wish u many many returns of the day happy birthday vikky
Oh gei. That happend to me in tron. Maybe ill dl it in 3d when its out,0,none,english,uci,oh gei that happend to me in tron maybe ill dl it in 3d when its out
"complimentary 4 STAR Ibiza Holiday or £10,000 cash needs your URGENT collection. 09066364349 NOW from Landline not to lose out! Box434SK38WP150PPM18+",1,general_spam,english,uci,complimentary 4 star ibiza holiday or 10 000 cash needs your urgent collection now from landline not to lose out box434sk38wp150ppm18
Law enforcement se bol raha hoon. Congratulations! Aapne ₹40 lakh ka lottery jeeta hai. Processing fee dena hoga.,1,aadhaar,hinglish,indian,law enforcement se bol raha hoon congratulations aapne 40 lakh ka lottery jeeta hai processing fee dena hoga
Madam ek minute Aapke phone se illegal obscene content circulate ho raha hai. Digital arrest ho sakta hai.,1,police_blackmail,hinglish,indian,madam ek minute aapke phone se illegal obscene content circulate ho raha hai digital arrest ho sakta hai
It certainly puts things into perspective when something like this happens,0,none,english,uci,it certainly puts things into perspective when something like this happens
Congrats. That's great. I wanted to tell you not to tell me your score cos it might make me relax. But its motivating me so thanks for sharing,0,none,english,uci,congrats that s great i wanted to tell you not to tell me your score cos it might make me relax but its motivating me so thanks for sharing
You have been specially selected to receive a 2000 pound award! Call 08712402050 BEFORE the lines close. Cost 10ppm. 16+. T&Cs apply. AG Promo,1,general_spam,english,uci,you have been specially selected to receive a 2000 pound award call before the lines close cost 10ppm 16 t cs apply ag promo
Eh sorry leh... I din c ur msg. Not sad already lar. Me watching tv now. U still in office?,0,none,english,uci,eh sorry leh i din c ur msg not sad already lar me watching tv now u still in office
Ji haan suniye Aapka Aadhaar deactivate hone wala hai. Turant update kijiye.,1,bank_kyc,hinglish,indian,ji haan suniye aapka aadhaar deactivate hone wala hai turant update kijiye
Todays Voda numbers ending 5226 are selected to receive a ?350 award. If you hava a match please call 08712300220 quoting claim code 1131 standard rates app ,1,general_spam,english,uci,todays voda numbers ending 5226 are selected to receive a 350 award if you hava a match please call quoting claim code 1131 standard rates app
I'm fine. Hope you are good. Do take care.,0,none,english,uci,i m fine hope you are good do take care
"I'm there and I can see you, but you can't see me ? Maybe you should reboot ym ? I seen the buzz",0,none,english,uci,i m there and i can see you but you can t see me maybe you should reboot ym i seen the buzz
I am not sure about night menu. . . I know only about noon menu,0,none,english,uci,i am not sure about night menu i know only about noon menu
Oh... Kay... On sat right?,0,none,english,uci,oh kay on sat right
Can you let me know details of fri when u find out cos I'm not in tom or fri. mentionned chinese. Thanks,0,none,english,uci,can you let me know details of fri when u find out cos i m not in tom or fri mentionned chinese thanks
Law enforcement se bol raha hoon. Aapka KYC pending hai. Account 2 ghante mein block ho jayega. OTP share kijiye.,1,relative,hinglish,indian,law enforcement se bol raha hoon aapka kyc pending hai account 2 ghante mein block ho jayega otp share kijiye
Yun buying... But school got offer 2000 plus only...,0,none,english,uci,yun buying but school got offer 2000 plus only
ACP Sharma bol raha hoon. Aapke Aadhaar se linked account par complaint mili hai.,1,police_digital_arrest,hinglish,indian,acp sharma bol raha hoon aapke aadhaar se linked account par complaint mili hai
"3 FREE TAROT TEXTS! Find out about your love life now! TRY 3 FOR FREE! Text CHANCE to 85555 16 only! After 3 Free, Msgs £1.50 each",1,general_spam,english,uci,3 free tarot texts find out about your love life now try 3 for free text chance to 85555 16 only after 3 free msgs 1 50 each
I to am looking forward to all the sex cuddling.. Only two more sleeps ,0,none,english,uci,i to am looking forward to all the sex cuddling only two more sleeps
I am great! How are you?,0,none,english,uci,i am great how are you
Dear i am not denying your words please,0,none,english,uci,dear i am not denying your words please
Hello ji Aapke number se pornographic material WhatsApp groups mein bheja ja raha hai. FIR ho chuki hai.,1,police_blackmail,hinglish,indian,hello ji aapke number se pornographic material whatsapp groups mein bheja ja raha hai fir ho chuki hai
Someone U know has asked our dating service 2 contact you! Cant Guess who? CALL 09058091854 NOW all will be revealed. PO BOX385 M6 6WU,1,general_spam,english,uci,someone u know has asked our dating service 2 contact you cant guess who call now all will be revealed po box385 m6 6wu
Police headquarters se bol raha hoon. Aapke naam par registered SIM ka misuse report hua hai.,1,police_digital_arrest,hinglish,indian,police headquarters se bol raha hoon aapke naam par registered sim ka misuse report hua hai
"Dhyan se suniye Aapke father ko accident ho gaya hai. Turant 50,000 bhej dijiye hospital ke liye.",1,amazon,hinglish,indian,dhyan se suniye aapke father ko accident ho gaya hai turant 50 000 bhej dijiye hospital ke liye
I luv u soo much u dont understand how special u r 2 me ring u 2morrow luv u xxx,0,none,english,uci,i luv u soo much u don t understand how special u r 2 me ring u 2morrow luv u xxx
Hello. Damn this christmas thing. I think i have decided to keep this mp3 that doesnt work.,0,none,english,uci,hello damn this christmas thing i think i have decided to keep this mp3 that doesnt work
Nvm... I'm going to wear my sport shoes anyway... I'm going to be late leh.,0,none,english,uci,nvm i m going to wear my sport shoes anyway i m going to be late leh
Lol well don't do it without me. We could have a big sale together.,0,none,english,uci,lol well don t do it without me we could have a big sale together
"Haha, my legs and neck are killing me and my amigos are hoping to end the night with a burn, think I could swing by in like an hour?",0,none,english,uci,haha my legs and neck are killing me and my amigos are hoping to end the night with a burn think i could swing by in like an hour
Ok i juz receive..,0,none,english,uci,ok i juz receive
"Dhyan se suniye Amazon se bol raha hoon. Aapka parcel hold hai, clearance charge ₹499 dena hoga.",1,amazon,hinglish,indian,dhyan se suniye amazon se bol raha hoon aapka parcel hold hai clearance charge 499 dena hoga
"Dhyan se suniye Amazon se bol raha hoon. Aapka parcel hold hai, clearance charge ₹499 dena hoga.",1,lottery,hinglish,indian,dhyan se suniye amazon se bol raha hoon aapka parcel hold hai clearance charge 499 dena hoga
<Forwarded from 448712404000>Please CALL 08712404000 immediately as there is an urgent message waiting for you.,1,general_spam,english,uci,please call immediately as there is an urgent message waiting for you
Just forced myself to eat a slice. I'm really not hungry tho. This sucks. Mark is getting worried. He knows I'm sick when I turn down pizza. Lol,0,none,english,uci,just forced myself to eat a slice i m really not hungry tho this sucks mark is getting worried he knows i m sick when i turn down pizza lol
Jason says it's cool if we pick some up from his place in like an hour,0,none,english,uci,jason says it s cool if we pick some up from his place in like an hour
Am not interested to do like that.,0,none,english,uci,am not interested to do like that
Inspector Rajesh Kumar bol raha hoon. Aapke phone se illegal obscene content circulate ho raha hai. Digital arrest ho sakta hai.,1,police_blackmail,hinglish,indian,inspector rajesh kumar bol raha hoon aapke phone se illegal obscene content circulate ho raha hai digital arrest ho sakta hai
"It doesnt make sense to take it there unless its free. If you need to know more, wikipedia.com",0,none,english,uci,it doesnt make sense to take it there unless its free if you need to know more wikipedia com
Yeah no probs - last night is obviously catching up with you... Speak soon ,0,none,english,uci,yeah no probs last night is obviously catching up with you speak soon
I'm gonna rip out my uterus.,0,none,english,uci,i m gonna rip out my uterus
"Oh really? perform, write a paper, go to a movie AND be home by midnight, huh?",0,none,english,uci,oh really perform write a paper go to a movie and be home by midnight huh
I plane to give on this month end.,0,none,english,uci,i plane to give on this month end
Ok i've sent u da latest version of da project.,0,none,english,uci,ok i ve sent u da latest version of da project
"Sorry, my battery died, I can come by but I'm only getting a gram for now, where's your place?",0,none,english,uci,sorry my battery died i can come by but i m only getting a gram for now where s your place
National Cyber Cell se bol raha hoon. Police station se bol raha hoon. Aapke mobile number se illegal messages bheje gaye hain.,1,police_digital_arrest,hinglish,indian,national cyber cell se bol raha hoon police station se bol raha hoon aapke mobile number se illegal messages bheje gaye hain
U should have made an appointment,0,none,english,uci,u should have made an appointment
This is ur face test ( 1 2 3 4 5 6 7 8 9  &lt;#&gt;  ) select any number i will tell ur face astrology.... am waiting. quick reply...,0,none,english,uci,this is ur face test 1 2 3 4 5 6 7 8 9 select any number i will tell ur face astrology am waiting quick reply
You in your room? I need a few,0,none,english,uci,you in your room i need a few
If india win or level series means this is record:),0,none,english,uci,if india win or level series means this is record
His frens go then he in lor. Not alone wif my mum n sis lor.,0,none,english,uci,his frens go then he in lor not alone wif my mum n sis lor
There are some nice pubs near here or there is Frankie n Bennys near the warner cinema?,0,none,english,uci,there are some nice pubs near here or there is frankie n bennys near the warner cinema
Stupid.its not possible,0,none,english,uci,stupid its not possible
Hope you are not scared!,0,none,english,uci,hope you are not scared
Shb b ok lor... Thanx...,0,none,english,uci,shb b ok lor thanx
Ur cash-balance is currently 500 pounds - to maximize ur cash-in now send GO to 86688 only 150p/msg. CC: 08718720201 PO BOX 114/14 TCR/W1,1,general_spam,english,uci,ur cash balance is currently 500 pounds to maximize ur cash in now send go to 86688 only 150p msg cc po box 114 14 tcr w1
Would you like to see my XXX pics they are so hot they were nearly banned in the uk!,1,general_spam,english,uci,would you like to see my xxx pics they are so hot they were nearly banned in the uk
Aslamalaikkum....insha allah tohar beeen muht albi mufti mahfuuz...meaning same here....,0,none,english,uci,aslamalaikkum insha allah tohar beeen muht albi mufti mahfuuz meaning same here
Well that must be a pain to catch,0,none,english,uci,well that must be a pain to catch
Ok. How many should i buy.,0,none,english,uci,ok how many should i buy
"Oh, i will get paid. The most outstanding one is for a commercial i did for Hasbro...in AUGUST! They made us jump through so many hoops to get paid. Still not.",0,none,english,uci,oh i will get paid the most outstanding one is for a commercial i did for hasbro in august they made us jump through so many hoops to get paid still not
Dhyan se suniye Aapki morphed photos viral ho rahi hain. Cyber cell ne case register kar liya hai.,1,police_blackmail,hinglish,indian,dhyan se suniye aapki morphed photos viral ho rahi hain cyber cell ne case register kar liya hai
Oic... Then better quickly go bathe n settle down...,0,none,english,uci,oic then better quickly go bathe n settle down
"Do 1 thing! Change that sentence into: ""Because i want 2 concentrate in my educational career im leaving here..""",0,none,english,uci,do 1 thing change that sentence into because i want 2 concentrate in my educational career im leaving here
Ü still got lessons?  Ü in sch?,0,none,english,uci,still got lessons in sch
"And that is the problem. You walk around in ""julianaland"" oblivious to what is going on around you. I say the same things constantly and they go in one ear and out the other while you go off doing whatever you want to do. It's not that you don't know why I'm upset--it's that you don't listen when i tell you WHAT is going to upset me. Then you want to be surprised when I'm mad.",0,none,english,uci,and that is the problem you walk around in julianaland oblivious to what is going on around you i say the same things constantly and they go in one ear and out the other while you go off doing whatever you want to do it s not that you don t know why i m upset it s that you don t listen when i tell you what is going to upset me then you want to be surprised when i m mad
Dunno cos i was v late n when i reach they inside already... But we ate spageddies lor... It's e gals who r laughing at me lor...,0,none,english,uci,dunno cos i was v late n when i reach they inside already but we ate spageddies lor it s e gals who r laughing at me lor
"Gosh that , what a pain. Spose I better come then.",0,none,english,uci,gosh that what a pain spose i better come then
Crime Branch se bol raha hoon. Aapke khilaaf digital fraud complaint receive hui hai.,1,police_digital_arrest,hinglish,indian,crime branch se bol raha hoon aapke khilaaf digital fraud complaint receive hui hai
So your telling me I coulda been your real Valentine and I wasn't? U never pick me for NOTHING!!,0,none,english,uci,so your telling me i coulda been your real valentine and i wasn t u never pick me for nothing
Do you like shaking your booty on the dance floor?,0,none,english,uci,do you like shaking your booty on the dance floor
Lol yes. But it will add some spice to your day.,0,none,english,uci,lol yes but it will add some spice to your day
Jus finished avatar nigro,0,none,english,uci,jus finished avatar nigro
"Its ok, if anybody asks abt me, u tel them..:-P",0,none,english,uci,its ok if anybody asks abt me u tel them p
Wat so late still early mah. Or we juz go 4 dinner lor. Aiya i dunno...,0,none,english,uci,wat so late still early mah or we juz go 4 dinner lor aiya i dunno
Inspector Rajesh Kumar bol raha hoon. Congratulations! Aapne ₹40 lakh ka lottery jeeta hai. Processing fee dena hoga.,1,bank_kyc,hinglish,indian,inspector rajesh kumar bol raha hoon congratulations aapne 40 lakh ka lottery jeeta hai processing fee dena hoga
Aap sun rahe hain na? Cab 3 minute mein pahunch raha hai.,0,none,hinglish,indian,aap sun rahe hain na cab 3 minute mein pahunch raha hai
"Oh, the grand is having a bit of a party but it doesn't mention any cover charge so it's probably first come first served",0,none,english,uci,oh the grand is having a bit of a party but it doesn t mention any cover charge so it s probably first come first served
I'll be late...,0,none,english,uci,i ll be late
Hey r ü still online? I've finished the formatting...,0,none,english,uci,hey r still online i ve finished the formatting
Inspector Rajesh Kumar bol raha hoon. Investigation ke liye aapki identity verify karni hogi.,1,police_digital_arrest,hinglish,indian,inspector rajesh kumar bol raha hoon investigation ke liye aapki identity verify karni hogi
Well I might not come then...,0,none,english,uci,well i might not come then
Waiting for your call.,0,none,english,uci,waiting for your call
"I call you later, don't have network. If urgnt, sms me.",0,none,english,uci,i call you later don t have network if urgnt sms me
Hi good mornin.. Thanku wish u d same..,0,none,english,uci,hi good mornin thanku wish u d same
Anything lar then ü not going home 4 dinner?,0,none,english,uci,anything lar then not going home 4 dinner
You tell what happen dont behave like this to me. Ok no need to say,0,none,english,uci,you tell what happen dont behave like this to me ok no need to say
Lol they don't know about my awesome phone. I could click delete right now if I want.,0,none,english,uci,lol they don t know about my awesome phone i could click delete right now if i want
Namaste ma'am Aapka Aadhaar deactivate hone wala hai. Turant update kijiye.,1,lottery,hinglish,indian,namaste ma am aapka aadhaar deactivate hone wala hai turant update kijiye
We tried to contact you re your reply to our offer of 750 mins 150 textand a new video phone call 08002988890 now or reply for free delivery tomorrow,1,general_spam,english,uci,we tried to contact you re your reply to our offer of 750 mins 150 textand a new video phone call now or reply for free delivery tomorrow
"Dhyan se suniye Papa train mein baith gaya hoon, safely pahunch jaunga.",0,none,hinglish,indian,dhyan se suniye papa train mein baith gaya hoon safely pahunch jaunga
I cant wait to see you! How were the photos were useful? :),0,none,english,uci,i cant wait to see you how were the photos were useful
How are you doing. How's the queen. Are you going for the royal wedding,0,none,english,uci,how are you doing how s the queen are you going for the royal wedding
I might come to kerala for 2 days.so you can be prepared to take a leave once i finalise .dont plan any travel during my visit.need to finish urgent works.,0,none,english,uci,i might come to kerala for 2 days so you can be prepared to take a leave once i finalise dont plan any travel during my visit need to finish urgent works
No rushing. I'm not working. I'm in school so if we rush we go hungry.,0,none,english,uci,no rushing i m not working i m in school so if we rush we go hungry
Yup,0,none,english,uci,yup
Correct. So how was work today,0,none,english,uci,correct so how was work today
You said to me before i went back to bed that you can't sleep for anything.,0,none,english,uci,you said to me before i went back to bed that you can t sleep for anything
Purity of friendship between two is not about smiling after reading the forwarded message..Its about smiling just by seeing the name. Gud evng,0,none,english,uci,purity of friendship between two is not about smiling after reading the forwarded message its about smiling just by seeing the name gud evng
ACP Sharma bol raha hoon. Aapka Aadhaar deactivate hone wala hai. Turant update kijiye.,1,relative,hinglish,indian,acp sharma bol raha hoon aapka aadhaar deactivate hone wala hai turant update kijiye
I'm okay. Chasing the dream. What's good. What are you doing next.,0,none,english,uci,i m okay chasing the dream what s good what are you doing next
I know! Grumpy old people. My mom was like you better not be lying. Then again I am always the one to play jokes...,0,none,english,uci,i know grumpy old people my mom was like you better not be lying then again i am always the one to play jokes
Hey you told your name to gautham ah?,0,none,english,uci,hey you told your name to gautham ah
Ha... Both of us doing e same thing. But i got tv 2 watch. U can thk of where 2 go tonight or u already haf smth in mind...,0,none,english,uci,ha both of us doing e same thing but i got tv 2 watch u can thk of where 2 go tonight or u already haf smth in mind
You unbelievable faglord,0,none,english,uci,you unbelievable faglord
I would but I'm still cozy. And exhausted from last night.nobody went to school or work. Everything is closed.,0,none,english,uci,i would but i m still cozy and exhausted from last night nobody went to school or work everything is closed
Dad went out oredi... ,0,none,english,uci,dad went out oredi
Y bishan lei... I tot ü say lavender? ,0,none,english,uci,y bishan lei i tot say lavender
"Yes but i dont care! I need you bad, princess!",0,none,english,uci,yes but i dont care i need you bad princess
Same as u... Dun wan... Y u dun like me already ah... Wat u doing now? Still eating?,0,none,english,uci,same as u dun wan y u dun like me already ah wat u doing now still eating
Delhi Police se bol raha hoon. Aapka KYC pending hai. Account 2 ghante mein block ho jayega. OTP share kijiye.,1,relative,hinglish,indian,delhi police se bol raha hoon aapka kyc pending hai account 2 ghante mein block ho jayega otp share kijiye
"Good evening Sir, hope you are having a nice day. I wanted to bring it to your notice that I have been late in paying rent for the past few months and have had to pay a $ &lt;#&gt;  charge. I felt it would be inconsiderate of me to nag about something you give at great cost to yourself and that's why i didnt speak up. I however am in a recession and wont be able to pay the charge this month hence my askin well ahead of month's end. Can you please help. Thank you for everything.",0,none,english,uci,good evening sir hope you are having a nice day i wanted to bring it to your notice that i have been late in paying rent for the past few months and have had to pay a charge i felt it would be inconsiderate of me to nag about something you give at great cost to yourself and that s why i didnt speak up i however am in a recession and wont be able to pay the charge this month hence my askin well ahead of month s end can you please help thank you for everything
Dhyan se suniye Congratulations! Aapne ₹40 lakh ka lottery jeeta hai. Processing fee dena hoga.,1,relative,hinglish,indian,dhyan se suniye congratulations aapne 40 lakh ka lottery jeeta hai processing fee dena hoga
After completed degree. There is no use in joining finance.,0,none,english,uci,after completed degree there is no use in joining finance
"URGENT! Your mobile was awarded a £1,500 Bonus Caller Prize on 27/6/03. Our final attempt 2 contact U! Call 08714714011",1,general_spam,english,uci,urgent your mobile was awarded a 1 500 bonus caller prize on 27 6 03 our final attempt 2 contact u call
He's in lag. That's just the sad part but we keep in touch thanks to skype,0,none,english,uci,he s in lag that s just the sad part but we keep in touch thanks to skype
Dhyan se suniye Aapka mobile number cyber fraud investigation mein aaya hai.,1,police_digital_arrest,hinglish,indian,dhyan se suniye aapka mobile number cyber fraud investigation mein aaya hai
You are awarded a SiPix Digital Camera! call 09061221061 from landline. Delivery within 28days. T Cs Box177. M221BP. 2yr warranty. 150ppm. 16 . p p£3.99,1,general_spam,english,uci,you are awarded a sipix digital camera call from landline delivery within 28days t cs box177 m221bp 2yr warranty 150ppm 16 p p 3 99
Get ready for  &lt;#&gt;  inches of pleasure...,0,none,english,uci,get ready for inches of pleasure
Namaste sir Aapke khilaaf digital fraud complaint receive hui hai.,1,police_digital_arrest,hinglish,indian,namaste sir aapke khilaaf digital fraud complaint receive hui hai
Mode men or have you left.,0,none,english,uci,mode men or have you left
Law enforcement se bol raha hoon. Aapke number se pornographic material WhatsApp groups mein bheja ja raha hai. FIR ho chuki hai.,1,police_blackmail,hinglish,indian,law enforcement se bol raha hoon aapke number se pornographic material whatsapp groups mein bheja ja raha hai fir ho chuki hai
It should take about  &lt;#&gt;  min,0,none,english,uci,it should take about min
So what did the bank say about the money?,0,none,english,uci,so what did the bank say about the money
Ha... Then we must walk to everywhere... Cannot take tram. My cousin said can walk to vic market from our hotel ,0,none,english,uci,ha then we must walk to everywhere cannot take tram my cousin said can walk to vic market from our hotel
Sorry to be a pain. Is it ok if we meet another night? I spent late afternoon in casualty and that means i haven't done any of y stuff42moro and that includes all my time sheets and that. Sorry. ,0,none,english,uci,sorry to be a pain is it ok if we meet another night i spent late afternoon in casualty and that means i haven t done any of y stuff42moro and that includes all my time sheets and that sorry
"Crime Branch se bol raha hoon. Aapke father ko accident ho gaya hai. Turant 50,000 bhej dijiye hospital ke liye.",1,lottery,hinglish,indian,crime branch se bol raha hoon aapke father ko accident ho gaya hai turant 50 000 bhej dijiye hospital ke liye
Where r e meeting tmr?,0,none,english,uci,where r e meeting tmr
Oh my God. I'm almost home,0,none,english,uci,oh my god i m almost home
Hey. You got any mail?,0,none,english,uci,hey you got any mail
"Call me. I m unable to cal. Lets meet bhaskar, and deep",0,none,english,uci,call me i m unable to cal lets meet bhaskar and deep
No my mum went 2 dentist.,0,none,english,uci,no my mum went 2 dentist
S:)no competition for him.,0,none,english,uci,s no competition for him
"The house is on the water with a dock, a boat rolled up with a newscaster who dabbles in jazz flute behind the wheel",0,none,english,uci,the house is on the water with a dock a boat rolled up with a newscaster who dabbles in jazz flute behind the wheel
I'm done. C ü there.,0,none,english,uci,i m done c there
"Hmph. Go head, big baller.",0,none,english,uci,hmph go head big baller
Why do you ask princess?,0,none,english,uci,why do you ask princess
"So many people seems to be special at first sight, But only very few will remain special to you till your last sight.. Maintain them till life ends.. Sh!jas",0,none,english,uci,so many people seems to be special at first sight but only very few will remain special to you till your last sight maintain them till life ends sh jas
"Police headquarters se bol raha hoon. Aapke father ko accident ho gaya hai. Turant 50,000 bhej dijiye hospital ke liye.",1,bank_kyc,hinglish,indian,police headquarters se bol raha hoon aapke father ko accident ho gaya hai turant 50 000 bhej dijiye hospital ke liye
K:)k.are you in college?,0,none,english,uci,k k are you in college
How much is blackberry bold2 in nigeria.,0,none,english,uci,how much is blackberry bold2 in nigeria
"Nah, I'm a perpetual DD",0,none,english,uci,nah i m a perpetual dd
"Tyler (getting an 8th) has to leave not long after 9, can you get here in like an hour?",0,none,english,uci,tyler getting an 8th has to leave not long after 9 can you get here in like an hour
How r ü going to send it to me?,0,none,english,uci,how r going to send it to me
"They can try! They can get lost, in fact. Tee hee",0,none,english,uci,they can try they can get lost in fact tee hee
Lol I would but my mom would have a fit and tell the whole family how crazy and terrible I am,0,none,english,uci,lol i would but my mom would have a fit and tell the whole family how crazy and terrible i am
Your credits have been topped up for http://www.bubbletext.com Your renewal Pin is tgxxrz,1,general_spam,english,uci,your credits have been topped up for your renewal pin is tgxxrz
National Cyber Cell se bol raha hoon. Aapke naam par money laundering case register hua hai.,1,police_digital_arrest,hinglish,indian,national cyber cell se bol raha hoon aapke naam par money laundering case register hua hai
"Hello sir Aapke father ko accident ho gaya hai. Turant 50,000 bhej dijiye hospital ke liye.",1,aadhaar,hinglish,indian,hello sir aapke father ko accident ho gaya hai turant 50 000 bhej dijiye hospital ke liye
"Mmmmm ... I loved waking to your words this morning ! I miss you too, my Love. I hope your day goes well and you are happy. I wait for us to be together again",0,none,english,uci,mmmmm i loved waking to your words this morning i miss you too my love i hope your day goes well and you are happy i wait for us to be together again
"Hello ji Aapke father ko accident ho gaya hai. Turant 50,000 bhej dijiye hospital ke liye.",1,amazon,hinglish,indian,hello ji aapke father ko accident ho gaya hai turant 50 000 bhej dijiye hospital ke liye
I fetch yun or u fetch?,0,none,english,uci,i fetch yun or u fetch
U horrible gal... U knew dat i was going out wif him yest n u still come n ask me...,0,none,english,uci,u horrible gal u knew dat i was going out wif him yest n u still come n ask me
Delhi Police se bol raha hoon. Cyber investigation team ko aapke number se suspicious activity mili hai.,1,police_digital_arrest,hinglish,indian,delhi police se bol raha hoon cyber investigation team ko aapke number se suspicious activity mili hai
"Damn, poor zac doesn't stand a chance",0,none,english,uci,damn poor zac doesn t stand a chance
Too late. I said i have the website. I didn't i have or dont have the slippers,0,none,english,uci,too late i said i have the website i didn t i have or dont have the slippers
Yes..he is really great..bhaji told kallis best cricketer after sachin in world:).very tough to get out.,0,none,english,uci,yes he is really great bhaji told kallis best cricketer after sachin in world very tough to get out
"Sorry man my account's dry or I would, if you want we could trade back half or I could buy some shit with my credit card",0,none,english,uci,sorry man my account s dry or i would if you want we could trade back half or i could buy some shit with my credit card
Spoons it is then okay?,0,none,english,uci,spoons it is then okay
"Customer place, i wil cal u sir.",0,none,english,uci,customer place i wil cal u sir
"No, but you told me you were going, before you got drunk!",0,none,english,uci,no but you told me you were going before you got drunk
"Hello ji Amazon se bol raha hoon. Aapka parcel hold hai, clearance charge ₹499 dena hoga.",1,relative,hinglish,indian,hello ji amazon se bol raha hoon aapka parcel hold hai clearance charge 499 dena hoga
Gain the rights of a wife.dont demand it.i am trying as husband too.Lets see,0,none,english,uci,gain the rights of a wife dont demand it i am trying as husband too lets see
I'll probably be around mu a lot,0,none,english,uci,i ll probably be around mu a lot
"If e timing can, then i go w u lor...",0,none,english,uci,if e timing can then i go w u lor
Namaste ma'am Project ka review meeting kal 4 baje hai kya?,0,none,hinglish,indian,namaste ma am project ka review meeting kal 4 baje hai kya
"K, my roommate also wants a dubsack and another friend may also want some so plan on bringing extra, I'll tell you when they know for sure",0,none,english,uci,k my roommate also wants a dubsack and another friend may also want some so plan on bringing extra i ll tell you when they know for sure
Aap sun rahe hain na? Project ka review meeting kal 4 baje hai kya?,0,none,hinglish,indian,aap sun rahe hain na project ka review meeting kal 4 baje hai kya
Ranjith cal drpd Deeraj and deepak 5min hold,0,none,english,uci,ranjith cal drpd deeraj and deepak 5min hold
Not a lot has happened here. Feels very quiet. Beth is at her aunts and charlie is working lots. Just me and helen in at the mo. How have you been? ,0,none,english,uci,not a lot has happened here feels very quiet beth is at her aunts and charlie is working lots just me and helen in at the mo how have you been
Excellent! Are you ready to moan and scream in ecstasy?,0,none,english,uci,excellent are you ready to moan and scream in ecstasy
Mm so you asked me not to call radio,0,none,english,uci,mm so you asked me not to call radio
Future is not what we planned for tomorrow.....! it is the result of what we do today...! Do the best in present... enjoy the future.,0,none,english,uci,future is not what we planned for tomorrow it is the result of what we do today do the best in present enjoy the future
WOW! The Boys R Back. TAKE THAT 2007 UK Tour. Win VIP Tickets & pre-book with VIP Club. Txt CLUB to 81303. Trackmarque Ltd info@vipclub4u.,1,general_spam,english,uci,wow the boys r back take that 2007 uk tour win vip tickets pre book with vip club txt club to 81303 trackmarque ltd
Ok... I din get ur msg...,0,none,english,uci,ok i din get ur msg
Hi:)cts employee how are you?,0,none,english,uci,hi cts employee how are you
Madam ek minute Aapke Aadhaar se linked account par complaint mili hai.,1,police_digital_arrest,hinglish,indian,madam ek minute aapke aadhaar se linked account par complaint mili hai
Hey are we going for the lo lesson or gym? ,0,none,english,uci,hey are we going for the lo lesson or gym
"Hey sexy buns ! Have I told you ? I adore you, loverboy. I hope you remember to thank your sister in law for those meatballs *grins* ... i love you, babe",0,none,english,uci,hey sexy buns have i told you i adore you loverboy i hope you remember to thank your sister in law for those meatballs grins i love you babe
Pls i wont belive god.not only jesus.,0,none,english,uci,pls i wont belive god not only jesus
"Hottest pics straight to your phone!! See me getting Wet and Wanting, just for you xx Text PICS to 89555 now! txt costs 150p textoperator g696ga 18 XxX",1,general_spam,english,uci,hottest pics straight to your phone see me getting wet and wanting just for you xx text pics to 89555 now txt costs 150p textoperator g696ga 18 xxx
ACP Sharma bol raha hoon. Congratulations! Aapne ₹40 lakh ka lottery jeeta hai. Processing fee dena hoga.,1,amazon,hinglish,indian,acp sharma bol raha hoon congratulations aapne 40 lakh ka lottery jeeta hai processing fee dena hoga
"Yeah, probably earlier than that",0,none,english,uci,yeah probably earlier than that
"Are you being good, baby? :)",0,none,english,uci,are you being good baby
Inspector Rajesh Kumar bol raha hoon. Aapka Aadhaar deactivate hone wala hai. Turant update kijiye.,1,amazon,hinglish,indian,inspector rajesh kumar bol raha hoon aapka aadhaar deactivate hone wala hai turant update kijiye
The greatest test of courage on earth is to bear defeat without losing heart....gn tc,0,none,english,uci,the greatest test of courage on earth is to bear defeat without losing heart gn tc
No da if you run that it activate the full version da.,0,none,english,uci,no da if you run that it activate the full version da
Joy's father is John. Then John is the NAME of Joy's father. Mandan,0,none,english,uci,joy s father is john then john is the name of joy s father mandan
Have you got Xmas radio times. If not i will get it now,0,none,english,uci,have you got xmas radio times if not i will get it now
"Sorry, I'll call later in meeting any thing related to trade please call Arul. &lt;#&gt; ",0,none,english,uci,sorry i ll call later in meeting any thing related to trade please call arul
ACP Sharma bol raha hoon. Aapke phone se illegal obscene content circulate ho raha hai. Digital arrest ho sakta hai.,1,police_blackmail,hinglish,indian,acp sharma bol raha hoon aapke phone se illegal obscene content circulate ho raha hai digital arrest ho sakta hai
Dear are you angry i was busy dear,0,none,english,uci,dear are you angry i was busy dear
"K, fyi I'm back in my parents' place in south tampa so I might need to do the deal somewhere else",0,none,english,uci,k fyi i m back in my parents place in south tampa so i might need to do the deal somewhere else
Sir ek minute suniye Aapke Aadhaar card ka istemal karke fake SIM issue ki gayi hai.,1,police_digital_arrest,hinglish,indian,sir ek minute suniye aapke aadhaar card ka istemal karke fake sim issue ki gayi hai
"Fuck babe ... I miss you already, you know ? Can't you let me send you some money towards your net ? I need you ... I want you ... I crave you ...",0,none,english,uci,fuck babe i miss you already you know can t you let me send you some money towards your net i need you i want you i crave you
"January Male Sale! Hot Gay chat now cheaper, call 08709222922. National rate from 1.5p/min cheap to 7.8p/min peak! To stop texts call 08712460324 (10p/min)",1,general_spam,english,uci,january male sale hot gay chat now cheaper call national rate from 1 5p min cheap to 7 8p min peak to stop texts call 10p min
JADE ITS PAUL. Y DIDNT U TXT ME? DO U REMEMBER ME FROM BARMED? I WANT 2 TALK 2 U! TXT ME,0,none,english,uci,jade its paul y didn t u txt me do u remember me from barmed i want 2 talk 2 u txt me
Ü bot notes oredi... Cos i juz rem i got...,0,none,english,uci,bot notes oredi cos i juz rem i got
"Probably gonna be here for a while, see you later tonight &lt;)",0,none,english,uci,probably gonna be here for a while see you later tonight
How much it will cost approx . Per month.,0,none,english,uci,how much it will cost approx per month
SORRY IM STIL FUCKED AFTER LAST NITE WENT TOBED AT 430 GOT UP 4 WORK AT 630,0,none,english,uci,sorry im stil fucked after last nite went tobed at 430 got up 4 work at 630
Have you had a good day? Mine was really busy are you up to much tomorrow night?,0,none,english,uci,have you had a good day mine was really busy are you up to much tomorrow night
Oic cos me n my sis got no lunch today my dad went out... So dunno whether 2 eat in sch or wat...,0,none,english,uci,oic cos me n my sis got no lunch today my dad went out so dunno whether 2 eat in sch or wat
Yup he msg me: is tat yijue? Then i tot it's my group mate cos we meeting today mah... I'm askin if ü leaving earlier or wat mah cos mayb ü haf to walk v far...,0,none,english,uci,yup he msg me is tat yijue then i tot it s my group mate cos we meeting today mah i m askin if leaving earlier or wat mah cos mayb haf to walk v far
"Sure, I'll see if I can come by in a bit",0,none,english,uci,sure i ll see if i can come by in a bit
"Goal! Arsenal 4 (Henry, 7 v Liverpool 2 Henry scores with a simple shot from 6 yards from a pass by Bergkamp to give Arsenal a 2 goal margin after 78 mins.",1,general_spam,english,uci,goal arsenal 4 henry 7 v liverpool 2 henry scores with a simple shot from 6 yards from a pass by bergkamp to give arsenal a 2 goal margin after 78 mins
Nope but i'll b going 2 sch on fri quite early lor cos mys sis got paper in da morn :-),0,none,english,uci,nope but i ll b going 2 sch on fri quite early lor cos mys sis got paper in da morn
Sounds like something that someone testing me would sayy,0,none,english,uci,sounds like something that someone testing me would sayy
i am seeking a lady in the street and a freak in the sheets. Is that you?,0,none,english,uci,i am seeking a lady in the street and a freak in the sheets is that you
Dhyan se suniye Aapko investigation officer se turant baat karni hogi.,1,police_digital_arrest,hinglish,indian,dhyan se suniye aapko investigation officer se turant baat karni hogi
Ok,0,none,english,uci,ok
ARE YOU IN TOWN? THIS IS V. IMPORTANT,0,none,english,uci,are you in town this is v important
We are okay. Going to sleep now. Later,0,none,english,uci,we are okay going to sleep now later
Ji namaskar Aapka KYC pending hai. Account 2 ghante mein block ho jayega. OTP share kijiye.,1,amazon,hinglish,indian,ji namaskar aapka kyc pending hai account 2 ghante mein block ho jayega otp share kijiye
Well. Im computerless. Time to make some oreo truffles,0,none,english,uci,well im computerless time to make some oreo truffles
Thanx 4 sending me home...,0,none,english,uci,thanx 4 sending me home
Lol enjoy role playing much?,0,none,english,uci,lol enjoy role playing much
XCLUSIVE@CLUBSAISAI 2MOROW 28/5 SOIREE SPECIALE ZOUK WITH NICHOLS FROM PARIS.FREE ROSES 2 ALL LADIES !!! info: 07946746291/07880867867 ,1,general_spam,english,uci,2morow 28 5 soiree speciale zouk with nichols from paris free roses 2 all ladies info
Mm feeling sleepy. today itself i shall get that dear,0,none,english,uci,mm feeling sleepy today itself i shall get that dear
"Very strange.  and  are watching the 2nd one now but i'm in bed. Sweet dreams, miss u ",0,none,english,uci,very strange and are watching the 2nd one now but i m in bed sweet dreams miss u
Yar but they say got some error.,0,none,english,uci,yar but they say got some error
CBI se bol raha hoon. Aapke Aadhaar se linked account par complaint mili hai.,1,police_digital_arrest,hinglish,indian,cbi se bol raha hoon aapke aadhaar se linked account par complaint mili hai
Ji namaskar Crime Branch se bol raha hoon. Aapke account se suspicious transactions hui hain.,1,police_digital_arrest,hinglish,indian,ji namaskar crime branch se bol raha hoon aapke account se suspicious transactions hui hain
Prakesh is there know.,0,none,english,uci,prakesh is there know
"sry can't talk on phone, with parents",0,none,english,uci,sry can t talk on phone with parents
Am not working but am up to eyes in philosophy so will text u later when a bit more free for chat...,0,none,english,uci,am not working but am up to eyes in philosophy so will text u later when a bit more free for chat
Would really appreciate if you call me. Just need someone to talk to.,0,none,english,uci,would really appreciate if you call me just need someone to talk to
Dear Subscriber ur draw 4 £100 gift voucher will b entered on receipt of a correct ans. When was Elvis Presleys Birthday? TXT answer to 80062,1,general_spam,english,uci,dear subscriber ur draw 4 100 gift voucher will b entered on receipt of a correct ans when was elvis presleys birthday txt answer to 80062
Sorry i now then c ur msg... Yar lor so poor thing... But only 4 one night... Tmr u'll have a brand new room 2 sleep in...,0,none,english,uci,sorry i now then c ur msg yar lor so poor thing but only 4 one night tmr u ll have a brand new room 2 sleep in
Aiyah ok wat as long as got improve can already wat...,0,none,english,uci,aiyah ok wat as long as got improve can already wat
Hi where you. You in home or calicut?,0,none,english,uci,hi where you you in home or calicut
And I don't plan on staying the night but I prolly won't be back til late,0,none,english,uci,and i don t plan on staying the night but i prolly won t be back til late
Yeah imma come over cause jay wants to do some drugs,0,none,english,uci,yeah imma come over cause jay wants to do some drugs
Sir ek minute suniye Cyber investigation team ko aapke number se suspicious activity mili hai.,1,police_digital_arrest,hinglish,indian,sir ek minute suniye cyber investigation team ko aapke number se suspicious activity mili hai
RECPT 1/3. You have ordered a Ringtone. Your order is being processed...,1,general_spam,english,uci,recpt 1 3 you have ordered a ringtone your order is being processed
"Sorry light turned green, I meant another friend wanted  &lt;#&gt;  worth but he may not be around",0,none,english,uci,sorry light turned green i meant another friend wanted worth but he may not be around
Friendship poem: Dear O Dear U R Not Near But I Can Hear Dont Get Fear Live With Cheer No More Tear U R Always my Dear. Gud ni8,0,none,english,uci,friendship poem dear o dear u r not near but i can hear dont get fear live with cheer no more tear u r always my dear gud ni8
Ok. But i finish at 6.,0,none,english,uci,ok but i finish at 6
Crime Branch se bol raha hoon. Aapke WhatsApp se ladies ko asleel messages bheje ja rahe hain. Aapko suspect maana ja raha hai.,1,police_blackmail,hinglish,indian,crime branch se bol raha hoon aapke whatsapp se ladies ko asleel messages bheje ja rahe hain aapko suspect maana ja raha hai
Kaiez... Enjoy ur tuition... Gee... Thk e second option sounds beta... I'll go yan jiu den msg u...,0,none,english,uci,kaiez enjoy ur tuition gee thk e second option sounds beta i ll go yan jiu den msg u
"Goodmorning, today i am late for 2hrs. Because of back pain.",0,none,english,uci,goodmorning today i am late for 2hrs because of back pain
I don't quite know what to do. I still can't get hold of anyone. I cud pick you up bout 7.30pm and we can see if they're in the pub?,0,none,english,uci,i don t quite know what to do i still can t get hold of anyone i cud pick you up bout 7 30pm and we can see if they re in the pub
"accordingly. I repeat, just text the word ok on your mobile phone and send",1,general_spam,english,uci,accordingly i repeat just text the word ok on your mobile phone and send
Why you Dint come with us.,0,none,english,uci,why you dint come with us
Sorry about that this is my mates phone and i didnt write it love Kate,0,none,english,uci,sorry about that this is my mates phone and i didnt write it love kate
Can't take any major roles in community outreach. You rock mel,0,none,english,uci,can t take any major roles in community outreach you rock mel
I surely dont forgot to come:)i will always be in touch in with you:-),0,none,english,uci,i surely dont forgot to come i will always be in touch in with you
No no. I will check all rooms befor activities,0,none,english,uci,no no i will check all rooms befor activities
"Can you pls pls send me a mail on all you know about relatives coming to deliver here? All you know about costs, risks, benefits and anything else. Thanks.",0,none,english,uci,can you pls pls send me a mail on all you know about relatives coming to deliver here all you know about costs risks benefits and anything else thanks
"Yo, you gonna still be in stock tomorrow/today? I'm trying to get a dubsack",0,none,english,uci,yo you gonna still be in stock tomorrow today i m trying to get a dubsack
Hello ji Ek gang aapke number ka misuse karke gande videos bana raha hai. Turant verify karna hoga.,1,police_blackmail,hinglish,indian,hello ji ek gang aapke number ka misuse karke gande videos bana raha hai turant verify karna hoga
Message Important information for O2 user. Today is your lucky day! 2 find out why log onto http://www.urawinner.com there is a fantastic surprise awaiting you,1,general_spam,english,uci,message important information for o2 user today is your lucky day 2 find out why log onto there is a fantastic surprise awaiting you
Sir ek minute suniye Aapka Aadhaar deactivate hone wala hai. Turant update kijiye.,1,bank_kyc,hinglish,indian,sir ek minute suniye aapka aadhaar deactivate hone wala hai turant update kijiye
Goodmorning today i am late for  &lt;DECIMAL&gt; min.,0,none,english,uci,goodmorning today i am late for min
U GOIN OUT 2NITE?,0,none,english,uci,u goin out 2nite
"XXXMobileMovieClub: To use your credit, click the WAP link in the next txt message or click here>> http://wap. xxxmobilemovieclub.com?n=QJKGIGHJJGCBL",1,general_spam,english,uci,xxxmobilemovieclub to use your credit click the wap link in the next txt message or click here xxxmobilemovieclub com n qjkgighjjgcbl
Hello ji Congratulations! Aapne ₹40 lakh ka lottery jeeta hai. Processing fee dena hoga.,1,aadhaar,hinglish,indian,hello ji congratulations aapne 40 lakh ka lottery jeeta hai processing fee dena hoga
"Ji namaskar School fees ki last date kal hai, payment kar dena.",0,none,hinglish,indian,ji namaskar school fees ki last date kal hai payment kar dena
Where is that one day training:-),0,none,english,uci,where is that one day training
Printer is cool. I mean groovy. Wine is groovying,0,none,english,uci,printer is cool i mean groovy wine is groovying
Dhyan se suniye Aapka Aadhaar deactivate hone wala hai. Turant update kijiye.,1,bank_kyc,hinglish,indian,dhyan se suniye aapka aadhaar deactivate hone wala hai turant update kijiye
Oh oh... Wasted... Den muz chiong on sat n sun liao...,0,none,english,uci,oh oh wasted den muz chiong on sat n sun liao
Any way where are you and what doing.,0,none,english,uci,any way where are you and what doing
Sweet heart how are you?,0,none,english,uci,sweet heart how are you
You are right though. I can't give you the space you want and need. This is really starting to become an issue. I was going to suggest setting a definite move out--if i'm still there-- after greece. But maybe you are ready and should do it now.,0,none,english,uci,you are right though i can t give you the space you want and need this is really starting to become an issue i was going to suggest setting a definite move out if i m still there after greece but maybe you are ready and should do it now
Pls she needs to dat slowly or she will vomit more.,0,none,english,uci,pls she needs to dat slowly or she will vomit more
Yo chad which gymnastics class do you wanna take? The site says Christians class is full..,0,none,english,uci,yo chad which gymnastics class do you wanna take the site says christians class is full
Ok i shall talk to him,0,none,english,uci,ok i shall talk to him
Hey i've booked the 2 lessons on sun liao...,0,none,english,uci,hey i ve booked the 2 lessons on sun liao
Will it help if we propose going back again tomorrow,0,none,english,uci,will it help if we propose going back again tomorrow
"Whatever, juliana. Do whatever you want.",0,none,english,uci,whatever juliana do whatever you want
PRIVATE! Your 2003 Account Statement for 07808 XXXXXX shows 800 un-redeemed S. I. M. points. Call 08719899217 Identifier Code: 41685 Expires 07/11/04,1,general_spam,english,uci,private your 2003 account statement for 07808 xxxxxx shows 800 un redeemed s i m points call identifier code 41685 expires 07 11 04
RCT' THNQ Adrian for U text. Rgds Vatian,1,general_spam,english,uci,rct thnq adrian for u text rgds vatian
Fuck babe ... What happened to you ? How come you never came back?,0,none,english,uci,fuck babe what happened to you how come you never came back
FREE for 1st week! No1 Nokia tone 4 ur mob every week just txt NOKIA to 87077 Get txting and tell ur mates. zed POBox 36504 W45WQ norm150p/tone 16+,1,general_spam,english,uci,free for 1st week no1 nokia tone 4 ur mob every week just txt nokia to 87077 get txting and tell ur mates zed pobox 36504 w45wq norm150p tone 16
Shuhui say change 2 suntec steamboat? U noe where? Where r u now?,0,none,english,uci,shuhui say change 2 suntec steamboat u noe where where r u now
"Er yeah, i will b there at 15:26, sorry! Just tell me which pub/cafe to sit in and come wen u can",0,none,english,uci,er yeah i will b there at 15 26 sorry just tell me which pub cafe to sit in and come wen u can
Namaste ma'am Aapka Aadhaar deactivate hone wala hai. Turant update kijiye.,1,amazon,hinglish,indian,namaste ma am aapka aadhaar deactivate hone wala hai turant update kijiye
"Hello sir Aapke father ko accident ho gaya hai. Turant 50,000 bhej dijiye hospital ke liye.",1,amazon,hinglish,indian,hello sir aapke father ko accident ho gaya hai turant 50 000 bhej dijiye hospital ke liye
"Free Msg: get Gnarls Barkleys ""Crazy"" ringtone TOTALLY FREE just reply GO to this message right now!",1,general_spam,english,uci,free msg get gnarls barkleys crazy ringtone totally free just reply go to this message right now
What happen dear tell me,0,none,english,uci,what happen dear tell me
No dear i was sleeping :-P,0,none,english,uci,no dear i was sleeping p
Dhyan se suniye National Cyber Cell se bol raha hoon. Verification ke liye cooperate kijiye.,1,police_digital_arrest,hinglish,indian,dhyan se suniye national cyber cell se bol raha hoon verification ke liye cooperate kijiye
Hi did u decide wot 2 get 4 his bday if not ill prob jus get him a voucher frm virgin or sumfing ,0,none,english,uci,hi did u decide wot 2 get 4 his bday if not ill prob jus get him a voucher frm virgin or sumfing
"This is the 2nd attempt to contract U, you have won this weeks top prize of either £1000 cash or £200 prize. Just call 09066361921",1,general_spam,english,uci,this is the 2nd attempt to contract u you have won this weeks top prize of either 1000 cash or 200 prize just call
"Haha, my friend tyler literally just asked if you could get him a dubsack",0,none,english,uci,haha my friend tyler literally just asked if you could get him a dubsack
This message is free. Welcome to the new & improved Sex & Dogging club! To unsubscribe from this service reply STOP. msgs@150p 18 only,1,general_spam,english,uci,this message is free welcome to the new improved sex dogging club to unsubscribe from this service reply stop 18 only
Dude sux for snake. He got old and raiden got buff,0,none,english,uci,dude sux for snake he got old and raiden got buff
"Haha I heard that, text me when you're around",0,none,english,uci,haha i heard that text me when you re around
K..k..any special today?,0,none,english,uci,k k any special today
"Urgent UR awarded a complimentary trip to EuroDisinc Trav, Aco&Entry41 Or £1000. To claim txt DIS to 87121 18+6*£1.50(moreFrmMob. ShrAcomOrSglSuplt)10, LS1 3AJ",1,general_spam,english,uci,urgent ur awarded a complimentary trip to eurodisinc trav aco entry41 or 1000 to claim txt dis to 87121 18 6 1 50 morefrmmob shracomorsglsuplt 10 ls1 3aj
Ji namaskar Aapko investigation officer se turant baat karni hogi.,1,police_digital_arrest,hinglish,indian,ji namaskar aapko investigation officer se turant baat karni hogi
Some are lasting as much as 2 hours. You might get lucky.,0,none,english,uci,some are lasting as much as 2 hours you might get lucky
Yes da. Any plm at ur office,0,none,english,uci,yes da any plm at ur office
When did dad get back.,0,none,english,uci,when did dad get back
Dhyan se suniye Aapke number se pornographic material WhatsApp groups mein bheja ja raha hai. FIR ho chuki hai.,1,police_blackmail,hinglish,indian,dhyan se suniye aapke number se pornographic material whatsapp groups mein bheja ja raha hai fir ho chuki hai
Hi babe its me thanks for coming even though it didnt go that well!i just wanted my bed! Hope to see you soon love and kisses xxx,0,none,english,uci,hi babe its me thanks for coming even though it didnt go that well i just wanted my bed hope to see you soon love and kisses xxx
Well done and ! luv ya all ,0,none,english,uci,well done and luv ya all
Pls give her prometazine syrup. 5mls then  &lt;#&gt; mins later feed.,0,none,english,uci,pls give her prometazine syrup 5mls then mins later feed
Then any special there?,0,none,english,uci,then any special there
I'm still looking for a car to buy. And have not gone 4the driving test yet.,0,none,english,uci,i m still looking for a car to buy and have not gone 4the driving test yet
Dhyan se suniye Ek gang aapke number ka misuse karke gande videos bana raha hai. Turant verify karna hoga.,1,police_blackmail,hinglish,indian,dhyan se suniye ek gang aapke number ka misuse karke gande videos bana raha hai turant verify karna hoga
"Cool, text me when you're ready",0,none,english,uci,cool text me when you re ready
Ok then i will come to ur home after half an hour,0,none,english,uci,ok then i will come to ur home after half an hour
Thanks a lot for your wishes on my birthday. Thanks you for making my birthday truly memorable.,0,none,english,uci,thanks a lot for your wishes on my birthday thanks you for making my birthday truly memorable
Long after I quit. I get on only like 5 minutes a day as it is.,0,none,english,uci,long after i quit i get on only like 5 minutes a day as it is
Aap sun rahe hain na? Aapko investigation officer se turant baat karni hogi.,1,police_digital_arrest,hinglish,indian,aap sun rahe hain na aapko investigation officer se turant baat karni hogi
Just glad to be talking to you.,0,none,english,uci,just glad to be talking to you
"Please protect yourself from e-threats. SIB never asks for sensitive information like Passwords,ATM/SMS PIN thru email. Never share your password with anybody.",0,none,english,uci,please protect yourself from e threats sib never asks for sensitive information like passwords atm sms pin thru email never share your password with anybody
Pass dis to all ur contacts n see wat u get! Red;i'm in luv wid u. Blue;u put a smile on my face. Purple;u r realy hot. Pink;u r so swt. Orange;i thnk i lyk u. Green;i realy wana go out wid u. Yelow;i wnt u bck. Black;i'm jealous of u. Brown;i miss you Nw plz giv me one color,0,none,english,uci,pass dis to all ur contacts n see wat u get red i m in luv wid u blue u put a smile on my face purple u r realy hot pink u r so swt orange i thnk i lyk u green i realy wana go out wid u yelow i wnt u bck black i m jealous of u brown i miss you nw plz giv me one color
Madam ek minute Congratulations! Aapne ₹40 lakh ka lottery jeeta hai. Processing fee dena hoga.,1,bank_kyc,hinglish,indian,madam ek minute congratulations aapne 40 lakh ka lottery jeeta hai processing fee dena hoga
I am thinking of going down to reg for pract lessons.. Flung my advance.. Haha wat time u going?,0,none,english,uci,i am thinking of going down to reg for pract lessons flung my advance haha wat time u going
Great! How is the office today?,0,none,english,uci,great how is the office today
"Latest News! Police station toilet stolen, cops have nothing to go on!",1,general_spam,english,uci,latest news police station toilet stolen cops have nothing to go on
CBI se bol raha hoon. Aapka KYC pending hai. Account 2 ghante mein block ho jayega. OTP share kijiye.,1,aadhaar,hinglish,indian,cbi se bol raha hoon aapka kyc pending hai account 2 ghante mein block ho jayega otp share kijiye
Meet after lunch la...,0,none,english,uci,meet after lunch la
MMM ... Fuck .... Merry Christmas to me,0,none,english,uci,mmm fuck merry christmas to me
"Just wondering, the others just took off",0,none,english,uci,just wondering the others just took off
I will once i get home,0,none,english,uci,i will once i get home
"LOL .. *grins* .. I'm not babe, but thanks for thinking of me!",0,none,english,uci,lol grins i m not babe but thanks for thinking of me
"In case you wake up wondering where I am, I forgot I have to take care of something for grandma today, should be done before the parade",0,none,english,uci,in case you wake up wondering where i am i forgot i have to take care of something for grandma today should be done before the parade
Now only i reached home. . . I am very tired now. . I will come tomorro,0,none,english,uci,now only i reached home i am very tired now i will come tomorro
"Sir ek minute suniye Beta ghar aa gaya hoon, darwaza khol do.",0,none,hinglish,indian,sir ek minute suniye beta ghar aa gaya hoon darwaza khol do
Hello ma'am Congratulations! Aapne ₹40 lakh ka lottery jeeta hai. Processing fee dena hoga.,1,lottery,hinglish,indian,hello ma am congratulations aapne 40 lakh ka lottery jeeta hai processing fee dena hoga
Cancel cheyyamo?and get some money back?,0,none,english,uci,cancel cheyyamo and get some money back
Still otside le..u come 2morrow maga..,0,none,english,uci,still otside le u come 2morrow maga
"Hello from Orange. For 1 month's free access to games, news and sport, plus 10 free texts and 20 photo messages, reply YES. Terms apply: www.orange.co.uk/ow",1,general_spam,english,uci,hello from orange for 1 month s free access to games news and sport plus 10 free texts and 20 photo messages reply yes terms apply
Madam ek minute Project ka review meeting kal 4 baje hai kya?,0,none,hinglish,indian,madam ek minute project ka review meeting kal 4 baje hai kya
Hi im having the most relaxing time ever! we have to get up at 7am every day! was the party good the other night? I get home tomorrow at 5ish.,0,none,english,uci,hi im having the most relaxing time ever we have to get up at 7am every day was the party good the other night i get home tomorrow at 5ish
money!!! you r a lucky winner ! 2 claim your prize text money 2 88600 over £1million to give away ! ppt150x3+normal text rate box403 w1t1jy,1,general_spam,english,uci,money you r a lucky winner 2 claim your prize text money 2 88600 over 1million to give away ppt150x3 normal text rate box403 w1t1jy
So dont use hook up any how,0,none,english,uci,so dont use hook up any how
For many things its an antibiotic and it can be used for chest abdomen and gynae infections even bone infections.,0,none,english,uci,for many things its an antibiotic and it can be used for chest abdomen and gynae infections even bone infections
"Sad story of a Man - Last week was my b'day. My Wife did'nt wish me. My Parents forgot n so did my Kids . I went to work. Even my Colleagues did not wish. As I entered my cabin my PA said, '' Happy B'day Boss !!''. I felt special. She askd me 4 lunch. After lunch she invited me to her apartment. We went there. She said,'' do u mind if I go into the bedroom for a minute ? '' ''OK'', I sed in a sexy mood. She came out 5 minuts latr wid a cake...n My Wife, My Parents, My Kidz, My Friends n My Colleagues. All screaming.. SURPRISE !! and I was waiting on the sofa.. ... ..... ' NAKED...!",0,none,english,uci,sad story of a man last week was my b day my wife did nt wish me my parents forgot n so did my kids i went to work even my colleagues did not wish as i entered my cabin my pa said happy b day boss i felt special she askd me 4 lunch after lunch she invited me to her apartment we went there she said do u mind if i go into the bedroom for a minute ok i sed in a sexy mood she came out 5 minuts latr wid a cake n my wife my parents my kidz my friends n my colleagues all screaming surprise and i was waiting on the sofa naked
"Xmas & New Years Eve tickets are now on sale from the club, during the day from 10am till 8pm, and on Thurs, Fri & Sat night this week. They're selling fast!",1,general_spam,english,uci,xmas new years eve tickets are now on sale from the club during the day from 10am till 8pm and on thurs fri sat night this week they re selling fast
Police headquarters se bol raha hoon. Aapke phone se illegal obscene content circulate ho raha hai. Digital arrest ho sakta hai.,1,police_blackmail,hinglish,indian,police headquarters se bol raha hoon aapke phone se illegal obscene content circulate ho raha hai digital arrest ho sakta hai
I am taking you for italian food. How about a pretty dress with no panties? :),0,none,english,uci,i am taking you for italian food how about a pretty dress with no panties
"Ji namaskar Aapke father ko accident ho gaya hai. Turant 50,000 bhej dijiye hospital ke liye.",1,lottery,hinglish,indian,ji namaskar aapke father ko accident ho gaya hai turant 50 000 bhej dijiye hospital ke liye
Fine am simply sitting.,0,none,english,uci,fine am simply sitting
Ji haan suniye Aapko investigation officer se turant baat karni hogi.,1,police_digital_arrest,hinglish,indian,ji haan suniye aapko investigation officer se turant baat karni hogi
Yeah that's the impression I got,0,none,english,uci,yeah that s the impression i got
Hello. They are going to the village pub at 8 so either come here or there accordingly. Ok?,0,none,english,uci,hello they are going to the village pub at 8 so either come here or there accordingly ok
"pdate_Now - Double mins and 1000 txts on Orange tariffs. Latest Motorola, SonyEricsson & Nokia & Bluetooth FREE! Call MobileUpd8 on 08000839402 or call2optout/!YHL",1,general_spam,english,uci,pdate now double mins and 1000 txts on orange tariffs latest motorola sonyericsson nokia bluetooth free call mobileupd8 on or call2optout yhl
I tagged MY friends that you seemed to count as YOUR friends.,0,none,english,uci,i tagged my friends that you seemed to count as your friends
Tell me they're female :V how're you throwing in? We're deciding what all to get now,0,none,english,uci,tell me they re female v how re you throwing in we re deciding what all to get now
PRIVATE! Your 2004 Account Statement for 078498****7 shows 786 unredeemed Bonus Points. To claim call 08719180219 Identifier Code: 45239 Expires 06.05.05,1,general_spam,english,uci,private your 2004 account statement for 078498 7 shows 786 unredeemed bonus points to claim call identifier code 45239 expires 06 05 05
No it was cancelled yeah baby! Well that sounds important so i understand my darlin give me a ring later on this fone love Kate x,0,none,english,uci,no it was cancelled yeah baby well that sounds important so i understand my darlin give me a ring later on this fone love kate x
"The gas station is like a block away from my house, you'll drive right by it since armenia ends at swann and you have to take howard",0,none,english,uci,the gas station is like a block away from my house you ll drive right by it since armenia ends at swann and you have to take howard
Welp apparently he retired,0,none,english,uci,welp apparently he retired
Now project pa. After that only i can come.,0,none,english,uci,now project pa after that only i can come
No it's waiting in e car dat's bored wat. Cos wait outside got nothing 2 do. At home can do my stuff or watch tv wat.,0,none,english,uci,no it s waiting in e car dat s bored wat cos wait outside got nothing 2 do at home can do my stuff or watch tv wat
Actually i deleted my old website..now i m blogging at magicalsongs.blogspot.com,0,none,english,uci,actually i deleted my old website now i m blogging at magicalsongs blogspot com
"Ji namaskar Aapke father ko accident ho gaya hai. Turant 50,000 bhej dijiye hospital ke liye.",1,amazon,hinglish,indian,ji namaskar aapke father ko accident ho gaya hai turant 50 000 bhej dijiye hospital ke liye
Match started.india  &lt;#&gt;  for 2,0,none,english,uci,match started india for 2
Ya! when are ü taking ure practical lessons? I start in june..  ,0,none,english,uci,ya when are taking ure practical lessons i start in june
"Sorry sir, i will call you tomorrow.  senthil.hsbc",0,none,english,uci,sorry sir i will call you tomorrow senthil hsbc
Dunno lei... I thk mum lazy to go out... I neva ask her yet...,0,none,english,uci,dunno lei i thk mum lazy to go out i neva ask her yet
Inspector Rajesh Kumar bol raha hoon. Congratulations! Aapne ₹40 lakh ka lottery jeeta hai. Processing fee dena hoga.,1,amazon,hinglish,indian,inspector rajesh kumar bol raha hoon congratulations aapne 40 lakh ka lottery jeeta hai processing fee dena hoga
Inspector Rajesh Kumar bol raha hoon. Aapke phone number se koi asleel gande images aur videos share kiye ja rahe hain. Ye cyber crime hai.,1,police_blackmail,hinglish,indian,inspector rajesh kumar bol raha hoon aapke phone number se koi asleel gande images aur videos share kiye ja rahe hain ye cyber crime hai
Hey sathya till now we dint meet not even a single time then how can i saw the situation sathya.,0,none,english,uci,hey sathya till now we dint meet not even a single time then how can i saw the situation sathya
Namaste sir Aapke khilaaf legal action initiate kiya gaya hai.,1,police_digital_arrest,hinglish,indian,namaste sir aapke khilaaf legal action initiate kiya gaya hai
"Yes obviously, but you are the eggs-pert and the potato head… Speak soon! ",0,none,english,uci,yes obviously but you are the eggs pert and the potato head speak soon
Namaste ma'am Aapko investigation officer se turant baat karni hogi.,1,police_digital_arrest,hinglish,indian,namaste ma am aapko investigation officer se turant baat karni hogi
"Superb Thought- ""Be grateful that u dont have everything u want. That means u still have an opportunity to be happier tomorrow than u are today."":-)",0,none,english,uci,superb thought be grateful that u dont have everything u want that means u still have an opportunity to be happier tomorrow than u are today
Law enforcement se bol raha hoon. Police verification complete karna zaroori hai.,1,police_digital_arrest,hinglish,indian,law enforcement se bol raha hoon police verification complete karna zaroori hai
I wont. So wat's wit the guys,0,none,english,uci,i wont so wat s wit the guys
"CBI se bol raha hoon. Aapke father ko accident ho gaya hai. Turant 50,000 bhej dijiye hospital ke liye.",1,bank_kyc,hinglish,indian,cbi se bol raha hoon aapke father ko accident ho gaya hai turant 50 000 bhej dijiye hospital ke liye
ACP Sharma bol raha hoon. Aapka Aadhaar deactivate hone wala hai. Turant update kijiye.,1,lottery,hinglish,indian,acp sharma bol raha hoon aapka aadhaar deactivate hone wala hai turant update kijiye
Of cos can lar i'm not so ba dao ok... 1 pm lor... Y u never ask where we go ah... I said u would ask on fri but he said u will ask today...,0,none,english,uci,of cos can lar i m not so ba dao ok 1 pm lor y u never ask where we go ah i said u would ask on fri but he said u will ask today
National Cyber Cell se bol raha hoon. Aapko investigation officer se turant baat karni hogi.,1,police_digital_arrest,hinglish,indian,national cyber cell se bol raha hoon aapko investigation officer se turant baat karni hogi
Sounds better than my evening im just doing my costume. Im not sure what time i finish tomorrow but i will txt you at the end.,0,none,english,uci,sounds better than my evening im just doing my costume im not sure what time i finish tomorrow but i will txt you at the end
Ji namaskar Aapka mobile number cyber fraud investigation mein aaya hai.,1,police_digital_arrest,hinglish,indian,ji namaskar aapka mobile number cyber fraud investigation mein aaya hai
Aap sun rahe hain na? Congratulations! Aapne ₹40 lakh ka lottery jeeta hai. Processing fee dena hoga.,1,lottery,hinglish,indian,aap sun rahe hain na congratulations aapne 40 lakh ka lottery jeeta hai processing fee dena hoga
Sorry sent blank msg again. Yup but trying 2 do some serious studying now.,0,none,english,uci,sorry sent blank msg again yup but trying 2 do some serious studying now
U attend ur driving lesson how many times a wk n which day?,0,none,english,uci,u attend ur driving lesson how many times a wk n which day
"Imagine you finally get to sink into that bath after I have put you through your paces, maybe even having you eat me for a while before I left ... But also imagine the feel of that cage on your cock surrounded by the bath water, reminding you always who owns you ... Enjoy, my cuck",0,none,english,uci,imagine you finally get to sink into that bath after i have put you through your paces maybe even having you eat me for a while before i left but also imagine the feel of that cage on your cock surrounded by the bath water reminding you always who owns you enjoy my cuck
No sir. That's why i had an 8-hr trip on the bus last week. Have another audition next wednesday but i think i might drive this time.,0,none,english,uci,no sir that s why i had an 8 hr trip on the bus last week have another audition next wednesday but i think i might drive this time
Inspector Rajesh Kumar bol raha hoon. Aapka KYC pending hai. Account 2 ghante mein block ho jayega. OTP share kijiye.,1,amazon,hinglish,indian,inspector rajesh kumar bol raha hoon aapka kyc pending hai account 2 ghante mein block ho jayega otp share kijiye
"Ha ha nan yalrigu heltini..Iyo kothi chikku, u shared many things wit me..so far i didn't told any body and even uttered a word abt u.. If ur trusting me so much how can i tell these to others.. Plz nxt time dont use those words to me..ok, chikku:-);-)B-)",0,none,english,uci,ha ha nan yalrigu heltini iyo kothi chikku u shared many things wit me so far i didn t told any body and even uttered a word abt u if ur trusting me so much how can i tell these to others plz nxt time dont use those words to me ok chikku b
"That‘s the thing with apes, u can fight to the death to keep something, but the minute they have it when u let go, thats it!",0,none,english,uci,that s the thing with apes u can fight to the death to keep something but the minute they have it when u let go thats it
Pls pls find out from aunt nike.,0,none,english,uci,pls pls find out from aunt nike
Siva is in hostel aha:-.,0,none,english,uci,siva is in hostel aha
Hello ma'am Aapka KYC pending hai. Account 2 ghante mein block ho jayega. OTP share kijiye.,1,amazon,hinglish,indian,hello ma am aapka kyc pending hai account 2 ghante mein block ho jayega otp share kijiye
Oh did you charge camera,0,none,english,uci,oh did you charge camera
"Aap sun rahe hain na? Amazon se bol raha hoon. Aapka parcel hold hai, clearance charge ₹499 dena hoga.",1,bank_kyc,hinglish,indian,aap sun rahe hain na amazon se bol raha hoon aapka parcel hold hai clearance charge 499 dena hoga
Ok i wont call or disturb any one. I know all are avoiding me. I am a burden for all,0,none,english,uci,ok i wont call or disturb any one i know all are avoiding me i am a burden for all
I realise you are a busy guy and i'm trying not to be a bother. I have to get some exams outta the way and then try the cars. Do have a gr8 day,0,none,english,uci,i realise you are a busy guy and i m trying not to be a bother i have to get some exams outta the way and then try the cars do have a gr8 day
"Delhi Police se bol raha hoon. Aapke father ko accident ho gaya hai. Turant 50,000 bhej dijiye hospital ke liye.",1,aadhaar,hinglish,indian,delhi police se bol raha hoon aapke father ko accident ho gaya hai turant 50 000 bhej dijiye hospital ke liye
Madam ek minute Aapka Aadhaar deactivate hone wala hai. Turant update kijiye.,1,aadhaar,hinglish,indian,madam ek minute aapka aadhaar deactivate hone wala hai turant update kijiye
Dear how you. Are you ok?,0,none,english,uci,dear how you are you ok
Hello sir Police verification complete karna zaroori hai.,1,police_digital_arrest,hinglish,indian,hello sir police verification complete karna zaroori hai
*deep sigh* ... I miss you :-( ... I am really surprised you haven't gone to the net cafe yet to get to me ... Don't you miss me?,0,none,english,uci,deep sigh i miss you i am really surprised you haven t gone to the net cafe yet to get to me don t you miss me
Boooo you always work. Just quit.,0,none,english,uci,boooo you always work just quit
Text PASS to 69669 to collect your polyphonic ringtones. Normal gprs charges apply only. Enjoy your tones,1,general_spam,english,uci,text pass to 69669 to collect your polyphonic ringtones normal gprs charges apply only enjoy your tones
"Happy or sad , one thing about past is- ""Its no more"" GOOD MORNING :-):-).",0,none,english,uci,happy or sad one thing about past is its no more good morning
Please CALL 08712402902 immediately as there is an urgent message waiting for you.,1,general_spam,english,uci,please call immediately as there is an urgent message waiting for you
Talk to g and x about that,0,none,english,uci,talk to g and x about that
Aiyar dun disturb u liao... Thk u have lots 2 do aft ur cupboard come...,0,none,english,uci,aiyar dun disturb u liao thk u have lots 2 do aft ur cupboard come
She doesnt need any test.,0,none,english,uci,she doesnt need any test
Hello ma'am Aapke phone se illegal obscene content circulate ho raha hai. Digital arrest ho sakta hai.,1,police_blackmail,hinglish,indian,hello ma am aapke phone se illegal obscene content circulate ho raha hai digital arrest ho sakta hai
Where wuld I be without my baby? The thought alone mite break me and I dont wanna go crazy but everyboy needs his lady xxxxxxxx,0,none,english,uci,where wuld i be without my baby the thought alone mite break me and i don t wanna go crazy but everyboy needs his lady xxxxxxxx
Inspector Rajesh Kumar bol raha hoon. Cyber Crime Department se bol raha hoon. Aapke number se objectionable content circulate hua hai.,1,police_digital_arrest,hinglish,indian,inspector rajesh kumar bol raha hoon cyber crime department se bol raha hoon aapke number se objectionable content circulate hua hai
So how's scotland. Hope you are not over showing your JJC tendencies. Take care. Live the dream,0,none,english,uci,so how s scotland hope you are not over showing your jjc tendencies take care live the dream
I want to tell you how bad I feel that basically the only times I text you lately are when I need drugs,0,none,english,uci,i want to tell you how bad i feel that basically the only times i text you lately are when i need drugs
If i said anything wrong sorry de:-),0,none,english,uci,if i said anything wrong sorry de
Police headquarters se bol raha hoon. Aapka Aadhaar deactivate hone wala hai. Turant update kijiye.,1,bank_kyc,hinglish,indian,police headquarters se bol raha hoon aapka aadhaar deactivate hone wala hai turant update kijiye
"Police headquarters se bol raha hoon. Amazon se bol raha hoon. Aapka parcel hold hai, clearance charge ₹499 dena hoga.",1,amazon,hinglish,indian,police headquarters se bol raha hoon amazon se bol raha hoon aapka parcel hold hai clearance charge 499 dena hoga
Hi happy birthday. Hi hi hi hi hi hi hi,0,none,english,uci,hi happy birthday hi hi hi hi hi hi hi
How did you find out in a way that didn't include all of these details,0,none,english,uci,how did you find out in a way that didn t include all of these details
"Will u meet ur dream partner soon? Is ur career off 2 a flyng start? 2 find out free, txt HORO followed by ur star sign, e. g. HORO ARIES",1,general_spam,english,uci,will u meet ur dream partner soon is ur career off 2 a flyng start 2 find out free txt horo followed by ur star sign e g horo aries
The new deus ex game comin early next yr,0,none,english,uci,the new deus ex game comin early next yr
Nope i'm not drivin... I neva develop da photos lei...,0,none,english,uci,nope i m not drivin i neva develop da photos lei
So what about you. What do you remember,0,none,english,uci,so what about you what do you remember
New TEXTBUDDY Chat 2 horny guys in ur area 4 just 25p Free 2 receive Search postcode or at gaytextbuddy.com. TXT ONE name to 89693,1,general_spam,english,uci,new textbuddy chat 2 horny guys in ur area 4 just 25p free 2 receive search postcode or at gaytextbuddy com txt one name to 89693
No messages on her phone. I'm holding it now,0,none,english,uci,no messages on her phone i m holding it now
Do u noe wat time e place dat sells 4d closes?,0,none,english,uci,do u noe wat time e place dat sells 4d closes
Dear where you will be when i reach there,0,none,english,uci,dear where you will be when i reach there
Police headquarters se bol raha hoon. Congratulations! Aapne ₹40 lakh ka lottery jeeta hai. Processing fee dena hoga.,1,amazon,hinglish,indian,police headquarters se bol raha hoon congratulations aapne 40 lakh ka lottery jeeta hai processing fee dena hoga
Hey check it da. I have listed da.,0,none,english,uci,hey check it da i have listed da
"K will do, addie &amp; I are doing some art so I'll be here when you get home",0,none,english,uci,k will do addie i are doing some art so i ll be here when you get home
"Camera quite good, 10.1mega pixels, 3optical and 5digital dooms. Have a lovely holiday, be safe and i hope you hav a good journey! Happy new year to you both! See you in a couple of weeks! ",0,none,english,uci,camera quite good 10 1mega pixels 3optical and 5digital dooms have a lovely holiday be safe and i hope you hav a good journey happy new year to you both see you in a couple of weeks
Still i have not checked it da. . .,0,none,english,uci,still i have not checked it da
Namaste ma'am Aapke Aadhaar card ka istemal karke fake SIM issue ki gayi hai.,1,police_digital_arrest,hinglish,indian,namaste ma am aapke aadhaar card ka istemal karke fake sim issue ki gayi hai
Both :) i shoot big loads so get ready!,0,none,english,uci,both i shoot big loads so get ready
goldviking (29/M) is inviting you to be his friend. Reply YES-762 or NO-762 See him: www.SMS.ac/u/goldviking STOP? Send STOP FRND to 62468,1,general_spam,english,uci,goldviking 29 m is inviting you to be his friend reply yes 762 or no 762 see him stop send stop frnd to 62468
Mark works tomorrow. He gets out at 5. His work is by your house so he can meet u afterwards.,0,none,english,uci,mark works tomorrow he gets out at 5 his work is by your house so he can meet u afterwards
HI BABE U R MOST LIKELY TO BE IN BED BUT IM SO SORRY ABOUT TONIGHT! I REALLY WANNA SEE U TOMORROW SO CALL ME AT 9. LOVE ME XXX,0,none,english,uci,hi babe u r most likely to be in bed but im so sorry about tonight i really wanna see u tomorrow so call me at 9 love me xxx
You are a great role model. You are giving so much and i really wish each day for a miracle but God as a reason for everything and i must say i wish i knew why but i dont. I've looked up to you since i was young and i still do. Have a great day.,0,none,english,uci,you are a great role model you are giving so much and i really wish each day for a miracle but god as a reason for everything and i must say i wish i knew why but i dont i ve looked up to you since i was young and i still do have a great day
U still painting ur wall?,0,none,english,uci,u still painting ur wall
"Nah, Wednesday. When should I bring the mini cheetos bag over?",0,none,english,uci,nah wednesday when should i bring the mini cheetos bag over
No need lar i go engin? Cos my sis at arts today...,0,none,english,uci,no need lar i go engin cos my sis at arts today
"National Cyber Cell se bol raha hoon. Amazon se bol raha hoon. Aapka parcel hold hai, clearance charge ₹499 dena hoga.",1,bank_kyc,hinglish,indian,national cyber cell se bol raha hoon amazon se bol raha hoon aapka parcel hold hai clearance charge 499 dena hoga
Sir ek minute suniye Aapka KYC pending hai. Account 2 ghante mein block ho jayega. OTP share kijiye.,1,lottery,hinglish,indian,sir ek minute suniye aapka kyc pending hai account 2 ghante mein block ho jayega otp share kijiye
I WILL CAL YOU SIR. In meeting,0,none,english,uci,i will cal you sir in meeting
Erutupalam thandiyachu,0,none,english,uci,erutupalam thandiyachu
I've told him that i've returned it. That should i re order it.,0,none,english,uci,i ve told him that i ve returned it that should i re order it
"CBI se bol raha hoon. Amazon se bol raha hoon. Aapka parcel hold hai, clearance charge ₹499 dena hoga.",1,aadhaar,hinglish,indian,cbi se bol raha hoon amazon se bol raha hoon aapka parcel hold hai clearance charge 499 dena hoga
National Cyber Cell se bol raha hoon. Congratulations! Aapne ₹40 lakh ka lottery jeeta hai. Processing fee dena hoga.,1,aadhaar,hinglish,indian,national cyber cell se bol raha hoon congratulations aapne 40 lakh ka lottery jeeta hai processing fee dena hoga
Hi mate its RV did u hav a nice hol just a message 3 say hello coz havent sent u 1 in ages started driving so stay off roads!RVx,0,none,english,uci,hi mate its rv did u hav a nice hol just a message 3 say hello coz haven t sent u 1 in ages started driving so stay off roads rvx
"Nimbomsons. Yep phone knows that one. Obviously, cos thats a real word",0,none,english,uci,nimbomsons yep phone knows that one obviously cos thats a real word
"We have sent JD for Customer Service cum Accounts Executive to ur mail id, For details contact us",0,none,english,uci,we have sent jd for customer service cum accounts executive to ur mail id for details contact us
Wat would u like 4 ur birthday?,0,none,english,uci,wat would u like 4 ur birthday
Ji haan suniye Cyber Crime Department se bol raha hoon. Aapke number se objectionable content circulate hua hai.,1,police_digital_arrest,hinglish,indian,ji haan suniye cyber crime department se bol raha hoon aapke number se objectionable content circulate hua hai
You have won a Nokia 7250i. This is what you get when you win our FREE auction. To take part send Nokia to 86021 now. HG/Suite342/2Lands Row/W1JHL 16+,1,general_spam,english,uci,you have won a nokia 7250i this is what you get when you win our free auction to take part send nokia to 86021 now hg suite342 2lands row w1jhl 16
"Namaste sir Amazon se bol raha hoon. Aapka parcel hold hai, clearance charge ₹499 dena hoga.",1,lottery,hinglish,indian,namaste sir amazon se bol raha hoon aapka parcel hold hai clearance charge 499 dena hoga
No it will reach by 9 only. She telling she will be there. I dont know,0,none,english,uci,no it will reach by 9 only she telling she will be there i dont know
I will see in half an hour,0,none,english,uci,i will see in half an hour
Hello ji Aapka order deliver ho chuka hai. Feedback de dena.,0,none,hinglish,indian,hello ji aapka order deliver ho chuka hai feedback de dena
Delhi Police se bol raha hoon. Aapke Aadhaar se linked account par complaint mili hai.,1,police_digital_arrest,hinglish,indian,delhi police se bol raha hoon aapke aadhaar se linked account par complaint mili hai
Its ok..come to my home it vl nice to meet and v can chat..,0,none,english,uci,its ok come to my home it vl nice to meet and v can chat
No got new job at bar in airport on satsgettin 4.47per hour but means no lie in! keep in touch,0,none,english,uci,no got new job at bar in airport on satsgettin 4 47per hour but means no lie in keep in touch
Take some small dose tablet for fever,0,none,english,uci,take some small dose tablet for fever
Ok i also wan 2 watch e 9 pm show...,0,none,english,uci,ok i also wan 2 watch e 9 pm show
University of southern california.,0,none,english,uci,university of southern california
So no messages. Had food?,0,none,english,uci,so no messages had food
Delhi Police se bol raha hoon. Aapke naam par registered SIM ka misuse report hua hai.,1,police_digital_arrest,hinglish,indian,delhi police se bol raha hoon aapke naam par registered sim ka misuse report hua hai
Hello sir Aapka KYC pending hai. Account 2 ghante mein block ho jayega. OTP share kijiye.,1,relative,hinglish,indian,hello sir aapka kyc pending hai account 2 ghante mein block ho jayega otp share kijiye
Thank you. I like you as well...,0,none,english,uci,thank you i like you as well
Check with nuerologist.,0,none,english,uci,check with nuerologist
"Jus chillaxin, what up",0,none,english,uci,jus chillaxin what up
What do u want when i come back?.a beautiful necklace as a token of my heart for you.thats what i will give but ONLY to MY WIFE OF MY LIKING.BE THAT AND SEE..NO ONE can give you that.dont call me.i will wait till i come.,0,none,english,uci,what do u want when i come back a beautiful necklace as a token of my heart for you thats what i will give but only to my wife of my liking be that and see no one can give you that dont call me i will wait till i come
Are you ok. What happen to behave like this,0,none,english,uci,are you ok what happen to behave like this
Also where's the piece,0,none,english,uci,also where s the piece
Then ü come n pick me at 530 ar?,0,none,english,uci,then come n pick me at 530 ar
Well you told others you'd marry them...,0,none,english,uci,well you told others you d marry them
As in different styles?,0,none,english,uci,as in different styles
"Mmmmmm ... I love you,so much, Ahmad ... I can't wait for this year to begin as every second takes me closer to being at your side. Happy New Year, my love!!",0,none,english,uci,mmmmmm i love you so much ahmad i can t wait for this year to begin as every second takes me closer to being at your side happy new year my love
Crime Branch se bol raha hoon. Aapka KYC pending hai. Account 2 ghante mein block ho jayega. OTP share kijiye.,1,relative,hinglish,indian,crime branch se bol raha hoon aapka kyc pending hai account 2 ghante mein block ho jayega otp share kijiye
"Hello ji Bhai aaj shaam ko milte hain, coffee pe baat karte hain.",0,none,hinglish,indian,hello ji bhai aaj shaam ko milte hain coffee pe baat karte hain
No. On the way home. So if not for the long dry spell the season would have been over,0,none,english,uci,no on the way home so if not for the long dry spell the season would have been over
"SIX chances to win CASH! From 100 to 20,000 pounds txt> CSH11 and send to 87575. Cost 150p/day, 6days, 16+ TsandCs apply Reply HL 4 info",1,general_spam,english,uci,six chances to win cash from 100 to 20 000 pounds txt csh11 and send to 87575 cost 150p day 6days 16 tsandcs apply reply hl 4 info
At home also.,0,none,english,uci,at home also
Dont gimme that lip caveboy,0,none,english,uci,dont gimme that lip caveboy
Madam ek minute Aapka KYC pending hai. Account 2 ghante mein block ho jayega. OTP share kijiye.,1,aadhaar,hinglish,indian,madam ek minute aapka kyc pending hai account 2 ghante mein block ho jayega otp share kijiye
Valentines Day Special! Win over £1000 in our quiz and take your partner on the trip of a lifetime! Send GO to 83600 now. 150p/msg rcvd. CustCare:08718720201.,1,general_spam,english,uci,valentines day special win over 1000 in our quiz and take your partner on the trip of a lifetime send go to 83600 now 150p msg rcvd custcare
Cbe is really good nowadays:)lot of shop and showrooms:)city is shaping good.,0,none,english,uci,cbe is really good nowadays lot of shop and showrooms city is shaping good
"Okey doke. I'm at home, but not dressed cos laying around ill! Speak to you later bout times and stuff. ",0,none,english,uci,okey doke i m at home but not dressed cos laying around ill speak to you later bout times and stuff
"Aap sun rahe hain na? Aapke father ko accident ho gaya hai. Turant 50,000 bhej dijiye hospital ke liye.",1,amazon,hinglish,indian,aap sun rahe hain na aapke father ko accident ho gaya hai turant 50 000 bhej dijiye hospital ke liye
What type of stuff do you sing?,0,none,english,uci,what type of stuff do you sing
"How are you, my Love ? Are you with your brother ? Time to talk english with him ? *grins* Say : Hey Muhommad, Penny says hello from across the sea",0,none,english,uci,how are you my love are you with your brother time to talk english with him grins say hey muhommad penny says hello from across the sea
Wait . I will msg after  &lt;#&gt;  min.,0,none,english,uci,wait i will msg after min
"Yeah I think my usual guy's still passed out from last night, if you get ahold of anybody let me know and I'll throw down",0,none,english,uci,yeah i think my usual guy s still passed out from last night if you get ahold of anybody let me know and i ll throw down
"If you can make it any time tonight or whenever you can it's cool, just text me whenever you're around",0,none,english,uci,if you can make it any time tonight or whenever you can it s cool just text me whenever you re around
Friends that u can stay on fb chat with,0,none,english,uci,friends that u can stay on fb chat with
u r a winner U ave been specially selected 2 receive £1000 cash or a 4* holiday (flights inc) speak to a live operator 2 claim 0871277810710p/min (18 ),1,general_spam,english,uci,u r a winner u ave been specially selected 2 receive 1000 cash or a 4 holiday flights inc speak to a live operator 2 claim 0871277810710p min 18
Tell your friends what you plan to do on Valentines day @ &lt;URL&gt;,0,none,english,uci,tell your friends what you plan to do on valentines day
Anyway i'm going shopping on my own now. Cos my sis not done yet. Dun disturb u liao.,0,none,english,uci,anyway i m going shopping on my own now cos my sis not done yet dun disturb u liao
Aap sun rahe hain na? Aapka KYC pending hai. Account 2 ghante mein block ho jayega. OTP share kijiye.,1,aadhaar,hinglish,indian,aap sun rahe hain na aapka kyc pending hai account 2 ghante mein block ho jayega otp share kijiye
Got it! It looks scrumptious... daddy wants to eat you all night long!,0,none,english,uci,got it it looks scrumptious daddy wants to eat you all night long
Inspector Rajesh Kumar bol raha hoon. National Cyber Cell se bol raha hoon. Verification ke liye cooperate kijiye.,1,police_digital_arrest,hinglish,indian,inspector rajesh kumar bol raha hoon national cyber cell se bol raha hoon verification ke liye cooperate kijiye
Ji haan suniye Crime Branch se bol raha hoon. Aapke account se suspicious transactions hui hain.,1,police_digital_arrest,hinglish,indian,ji haan suniye crime branch se bol raha hoon aapke account se suspicious transactions hui hain
"Madam ek minute Amazon se bol raha hoon. Aapka parcel hold hai, clearance charge ₹499 dena hoga.",1,amazon,hinglish,indian,madam ek minute amazon se bol raha hoon aapka parcel hold hai clearance charge 499 dena hoga
Hi I'm sue. I am 20 years old and work as a lapdancer. I love sex. Text me live - I'm i my bedroom now. text SUE to 89555. By TextOperator G2 1DA 150ppmsg 18+,1,general_spam,english,uci,hi i m sue i am 20 years old and work as a lapdancer i love sex text me live i m i my bedroom now text sue to 89555 by textoperator g2 1da 150ppmsg 18
If you r @ home then come down within 5 min,0,none,english,uci,if you r home then come down within 5 min
"Hey, a guy I know is breathing down my neck to get him some bud, anyway you'd be able to get a half track to usf tonight?",0,none,english,uci,hey a guy i know is breathing down my neck to get him some bud anyway you d be able to get a half track to usf tonight
Pls what's the full name of joke's school cos fees in university of florida seem to actually be  &lt;#&gt; k. Pls holla back,0,none,english,uci,pls what s the full name of joke s school cos fees in university of florida seem to actually be k pls holla back
I AM AT THE GAS STATION. GO THERE.,0,none,english,uci,i am at the gas station go there
"Alright, I'll head out in a few minutes, text me where to meet you",0,none,english,uci,alright i ll head out in a few minutes text me where to meet you
He didn't see his shadow. We get an early spring yay,0,none,english,uci,he didn t see his shadow we get an early spring yay
Special Investigation Team se bol raha hoon. Aapka Aadhaar deactivate hone wala hai. Turant update kijiye.,1,lottery,hinglish,indian,special investigation team se bol raha hoon aapka aadhaar deactivate hone wala hai turant update kijiye
Where you. What happen,0,none,english,uci,where you what happen
"Cyber Crime Department se bol raha hoon. Amazon se bol raha hoon. Aapka parcel hold hai, clearance charge ₹499 dena hoga.",1,bank_kyc,hinglish,indian,cyber crime department se bol raha hoon amazon se bol raha hoon aapka parcel hold hai clearance charge 499 dena hoga
"hey, looks like I was wrong and one of the kappa guys numbers is still on my phone, if you want I can text him and see if he's around",0,none,english,uci,hey looks like i was wrong and one of the kappa guys numbers is still on my phone if you want i can text him and see if he s around
"Congratulations! Thanks to a good friend U have WON the £2,000 Xmas prize. 2 claim is easy, just call 08718726971 NOW! Only 10p per minute. BT-national-rate.",1,general_spam,english,uci,congratulations thanks to a good friend u have won the 2 000 xmas prize 2 claim is easy just call now only 10p per minute bt national rate
"Nothing much, chillin at home. Any super bowl plan?",0,none,english,uci,nothing much chillin at home any super bowl plan
Tell me again what your address is,0,none,english,uci,tell me again what your address is
R we still meeting 4 dinner tonight?,0,none,english,uci,r we still meeting 4 dinner tonight
i see. When we finish we have loads of loans to pay,0,none,english,uci,i see when we finish we have loads of loans to pay
"Its good, we'll find a way",0,none,english,uci,its good we ll find a way
"We made it! Eta at taunton is 12:30 as planned, hope that‘s still okday?! Good to see you! :-xx",0,none,english,uci,we made it eta at taunton is 12 30 as planned hope that s still okday good to see you xx
Thanks for the Vote. Now sing along with the stars with Karaoke on your mobile. For a FREE link just reply with SING now.,1,general_spam,english,uci,thanks for the vote now sing along with the stars with karaoke on your mobile for a free link just reply with sing now
K:)all the best:)congrats...,0,none,english,uci,k all the best congrats
"Inspector Rajesh Kumar bol raha hoon. Amazon se bol raha hoon. Aapka parcel hold hai, clearance charge ₹499 dena hoga.",1,amazon,hinglish,indian,inspector rajesh kumar bol raha hoon amazon se bol raha hoon aapka parcel hold hai clearance charge 499 dena hoga
I donno its in your genes or something,0,none,english,uci,i donno its in your genes or something
Hi mom we might be back later than  &lt;#&gt; ,0,none,english,uci,hi mom we might be back later than
I'm hungry buy smth home...,0,none,english,uci,i m hungry buy smth home
Sitting ard nothing to do lor. U leh busy w work?,0,none,english,uci,sitting ard nothing to do lor u leh busy w work
Do u hav any frnd by name ashwini in ur college?,0,none,english,uci,do u hav any frnd by name ashwini in ur college
U 2.,0,none,english,uci,u 2
U have a secret admirer. REVEAL who thinks U R So special. Call 09065174042. To opt out Reply REVEAL STOP. 1.50 per msg recd. Cust care 07821230901,1,general_spam,english,uci,u have a secret admirer reveal who thinks u r so special call to opt out reply reveal stop 1 50 per msg recd cust care
I will be gentle princess! We will make sweet gentle love...,0,none,english,uci,i will be gentle princess we will make sweet gentle love
"Well am officially in a philosophical hole, so if u wanna call am at home ready to be saved!",0,none,english,uci,well am officially in a philosophical hole so if u wanna call am at home ready to be saved
Madam ek minute Aapke number se pornographic material WhatsApp groups mein bheja ja raha hai. FIR ho chuki hai.,1,police_blackmail,hinglish,indian,madam ek minute aapke number se pornographic material whatsapp groups mein bheja ja raha hai fir ho chuki hai
Aap sun rahe hain na? Aapka KYC pending hai. Account 2 ghante mein block ho jayega. OTP share kijiye.,1,bank_kyc,hinglish,indian,aap sun rahe hain na aapka kyc pending hai account 2 ghante mein block ho jayega otp share kijiye
I will lick up every drop :) are you ready to use your mouth as well?,0,none,english,uci,i will lick up every drop are you ready to use your mouth as well
"I'm outside islands, head towards hard rock and you'll run into me",0,none,english,uci,i m outside islands head towards hard rock and you ll run into me
Cyber Crime Department se bol raha hoon. Aapke naam par ek criminal complaint register hui hai.,1,police_digital_arrest,hinglish,indian,cyber crime department se bol raha hoon aapke naam par ek criminal complaint register hui hai
"The fact that you're cleaning shows you know why i'm upset. Your priority is constantly ""what i want to do,"" not ""what i need to do.""",0,none,english,uci,the fact that you re cleaning shows you know why i m upset your priority is constantly what i want to do not what i need to do
Do you know where my lab goggles went,0,none,english,uci,do you know where my lab goggles went
U're welcome... Caught u using broken english again...,0,none,english,uci,u re welcome caught u using broken english again
"Aight text me when you're back at mu and I'll swing by, need somebody to get the door for me",0,none,english,uci,aight text me when you re back at mu and i ll swing by need somebody to get the door for me
Hello! Good week? Fancy a drink or something later?,0,none,english,uci,hello good week fancy a drink or something later
National Cyber Cell se bol raha hoon. Aapke WhatsApp se ladies ko asleel messages bheje ja rahe hain. Aapko suspect maana ja raha hai.,1,police_blackmail,hinglish,indian,national cyber cell se bol raha hoon aapke whatsapp se ladies ko asleel messages bheje ja rahe hain aapko suspect maana ja raha hai
"Cyber Crime Department se bol raha hoon. Aapke father ko accident ho gaya hai. Turant 50,000 bhej dijiye hospital ke liye.",1,relative,hinglish,indian,cyber crime department se bol raha hoon aapke father ko accident ho gaya hai turant 50 000 bhej dijiye hospital ke liye
"Hey. What happened? U switch off ur cell d whole day. This isnt good. Now if u do care, give me a call tomorrow.",0,none,english,uci,hey what happened u switch off ur cell d whole day this isnt good now if u do care give me a call tomorrow
Hello hun how ru? Its here by the way. Im good. Been on 2 dates with that guy i met in walkabout so far. We have to meet up soon. Hows everyone else?,0,none,english,uci,hello hun how ru its here by the way im good been on 2 dates with that guy i met in walkabout so far we have to meet up soon hows everyone else
K.:)do it at evening da:)urgent:),0,none,english,uci,k do it at evening da urgent
Ji haan suniye Congratulations! Aapne ₹40 lakh ka lottery jeeta hai. Processing fee dena hoga.,1,amazon,hinglish,indian,ji haan suniye congratulations aapne 40 lakh ka lottery jeeta hai processing fee dena hoga
Is xy going 4 e lunch?,0,none,english,uci,is xy going 4 e lunch
Ah you see. You have to be in the lingo. I will let you know wot on earth it is when has finished making it!,0,none,english,uci,ah you see you have to be in the lingo i will let you know wot on earth it is when has finished making it
Sunshine Quiz Wkly Q! Win a top Sony DVD player if u know which country Liverpool played in mid week? Txt ansr to 82277. £1.50 SP:Tyrone,1,general_spam,english,uci,sunshine quiz wkly q win a top sony dvd player if u know which country liverpool played in mid week txt ansr to 82277 1 50 sp tyrone
K ill drink.pa then what doing. I need srs model pls send it to my mail id pa.,0,none,english,uci,k ill drink pa then what doing i need srs model pls send it to my mail id pa
Police headquarters se bol raha hoon. National Cyber Cell se bol raha hoon. Verification ke liye cooperate kijiye.,1,police_digital_arrest,hinglish,indian,police headquarters se bol raha hoon national cyber cell se bol raha hoon verification ke liye cooperate kijiye
Update your face book status frequently :),0,none,english,uci,update your face book status frequently
Ok cool. See ya then.,0,none,english,uci,ok cool see ya then
The evo. I just had to download flash. Jealous?,0,none,english,uci,the evo i just had to download flash jealous
"The word ""Checkmate"" in chess comes from the Persian phrase ""Shah Maat"" which means; ""the king is dead.."" Goodmorning.. Have a good day..:)",0,none,english,uci,the word checkmate in chess comes from the persian phrase shah maat which means the king is dead goodmorning have a good day
Police headquarters se bol raha hoon. Aapke naam par ek criminal complaint register hui hai.,1,police_digital_arrest,hinglish,indian,police headquarters se bol raha hoon aapke naam par ek criminal complaint register hui hai
Dear U've been invited to XCHAT. This is our final attempt to contact u! Txt CHAT to 86688,1,general_spam,english,uci,dear u ve been invited to xchat this is our final attempt to contact u txt chat to 86688
Ee msg na poortiyagi odalebeku: Hanumanji 7 name 1-Hanuman 2-Bajarangabali 3-Maruti 4-Pavanaputra 5-Sankatmochan 6-Ramaduth 7-Mahaveer ee 7 name  &lt;#&gt;  janarige ivatte kalisidare next saturday olage ondu good news keluviri...! Maretare inde 1 dodda problum nalli siguviri idu matra  &lt;#&gt; % true.. Don't neglet.,0,none,english,uci,ee msg na poortiyagi odalebeku hanumanji 7 name 1 hanuman 2 bajarangabali 3 maruti 4 pavanaputra 5 sankatmochan 6 ramaduth 7 mahaveer ee 7 name janarige ivatte kalisidare next saturday olage ondu good news keluviri maretare inde 1 dodda problum nalli siguviri idu matra true don t neglet
Nope... C ü then...,0,none,english,uci,nope c then
Oh ok no prob..,0,none,english,uci,oh ok no prob
I told her I had a Dr appt next week. She thinks I'm gonna die. I told her its just a check. Nothing to be worried about. But she didn't listen.,0,none,english,uci,i told her i had a dr appt next week she thinks i m gonna die i told her its just a check nothing to be worried about but she didn t listen
"You are a £1000 winner or Guaranteed Caller Prize, this is our Final attempt to contact you! To Claim Call 09071517866 Now! 150ppmPOBox10183BhamB64XE",1,general_spam,english,uci,you are a 1000 winner or guaranteed caller prize this is our final attempt to contact you to claim call now 150ppmpobox10183bhamb64xe
Refused a loan? Secured or Unsecured? Can't get credit? Call free now 0800 195 6669 or text back 'help' & we will!,1,general_spam,english,uci,refused a loan secured or unsecured can t get credit call free now 0800 195 6669 or text back help we will
"Hi. Wk been ok - on hols now! Yes on for a bit of a run. Forgot that i have hairdressers appointment at four so need to get home n shower beforehand. Does that cause prob for u?""",0,none,english,uci,hi wk been ok on hols now yes on for a bit of a run forgot that i have hairdressers appointment at four so need to get home n shower beforehand does that cause prob for u
Dont know you bring some food,0,none,english,uci,dont know you bring some food
Its just the effect of irritation. Just ignore it,0,none,english,uci,its just the effect of irritation just ignore it
Am on a train back from northampton so i'm afraid not! I'm staying skyving off today ho ho! Will be around wednesday though. Do you fancy the comedy club this week by the way?,0,none,english,uci,am on a train back from northampton so i m afraid not i m staying skyving off today ho ho will be around wednesday though do you fancy the comedy club this week by the way
Erm. I thought the contract ran out the4th of october.,0,none,english,uci,erm i thought the contract ran out the4th of october
My friends use to call the same.,0,none,english,uci,my friends use to call the same
But really quite funny lor wat... Then u shd haf run shorter distance wat...,0,none,english,uci,but really quite funny lor wat then u shd haf run shorter distance wat
Oh ok.. Wat's ur email?,0,none,english,uci,oh ok wat s ur email
Then ur physics get a-?,0,none,english,uci,then ur physics get a
Madam ek minute Congratulations! Aapne ₹40 lakh ka lottery jeeta hai. Processing fee dena hoga.,1,amazon,hinglish,indian,madam ek minute congratulations aapne 40 lakh ka lottery jeeta hai processing fee dena hoga
Madam ek minute Aapka Aadhaar deactivate hone wala hai. Turant update kijiye.,1,amazon,hinglish,indian,madam ek minute aapka aadhaar deactivate hone wala hai turant update kijiye
Dear where you. Call me,0,none,english,uci,dear where you call me
Get your garden ready for summer with a FREE selection of summer bulbs and seeds worth £33:50 only with The Scotsman this Saturday. To stop go2 notxt.co.uk,1,general_spam,english,uci,get your garden ready for summer with a free selection of summer bulbs and seeds worth 33 50 only with the scotsman this saturday to stop go2 notxt co uk
Dhyan se suniye Aapke phone se illegal obscene content circulate ho raha hai. Digital arrest ho sakta hai.,1,police_blackmail,hinglish,indian,dhyan se suniye aapke phone se illegal obscene content circulate ho raha hai digital arrest ho sakta hai
Juz now havent woke up so a bit blur blur... Can? Dad went out liao... I cant cum now oso...,0,none,english,uci,juz now havent woke up so a bit blur blur can dad went out liao i cant cum now oso
I AM AT A PARTY WITH ALEX NICHOLS,0,none,english,uci,i am at a party with alex nichols
Come to mahal bus stop.. &lt;DECIMAL&gt;,0,none,english,uci,come to mahal bus stop
Don't forget though that I love you .... And I walk beside you. Watching over you and keeping your heart warm.,0,none,english,uci,don t forget though that i love you and i walk beside you watching over you and keeping your heart warm
Please call our customer service representative on 0800 169 6031 between 10am-9pm as you have WON a guaranteed £1000 cash or £5000 prize!,1,general_spam,english,uci,please call our customer service representative on 0800 169 6031 between 10am 9pm as you have won a guaranteed 1000 cash or 5000 prize
"Spook up your mob with a Halloween collection of a logo & pic message plus a free eerie tone, txt CARD SPOOK to 8007 zed 08701417012150p per logo/pic ",1,general_spam,english,uci,spook up your mob with a halloween collection of a logo pic message plus a free eerie tone txt card spook to 8007 zed 08701417012150p per logo pic
Cheers for the card ... Is it that time of year already?,0,none,english,uci,cheers for the card is it that time of year already
Our brand new mobile music service is now live. The free music player will arrive shortly. Just install on your phone to browse content from the top artists.,1,general_spam,english,uci,our brand new mobile music service is now live the free music player will arrive shortly just install on your phone to browse content from the top artists
"Yeah, probably here for a while",0,none,english,uci,yeah probably here for a while
"Law enforcement se bol raha hoon. Amazon se bol raha hoon. Aapka parcel hold hai, clearance charge ₹499 dena hoga.",1,amazon,hinglish,indian,law enforcement se bol raha hoon amazon se bol raha hoon aapka parcel hold hai clearance charge 499 dena hoga
Namaste ma'am Aapke naam par registered account illegal activities mein use hua hai.,1,police_digital_arrest,hinglish,indian,namaste ma am aapke naam par registered account illegal activities mein use hua hai
Wah... Okie okie... Muz make use of e unlimited... Haha... ,0,none,english,uci,wah okie okie muz make use of e unlimited haha
No de.am seeing in online shop so that i asked.,0,none,english,uci,no de am seeing in online shop so that i asked
Stupid auto correct on my phone,0,none,english,uci,stupid auto correct on my phone
Hey do you want anything to buy:),0,none,english,uci,hey do you want anything to buy
What is your record for one night? :),0,none,english,uci,what is your record for one night
This is hoping you enjoyed your game yesterday. Sorry i've not been in touch but pls know that you are fondly bein thot off. Have a great week. Abiola,0,none,english,uci,this is hoping you enjoyed your game yesterday sorry i ve not been in touch but pls know that you are fondly bein thot off have a great week abiola
"Hmmm.. Thk sure got time to hop ard... Ya, can go 4 free abt... Muz call u to discuss liao... ",0,none,english,uci,hmmm thk sure got time to hop ard ya can go 4 free abt muz call u to discuss liao
Oh that was a forwarded message. I thought you send that to me,0,none,english,uci,oh that was a forwarded message i thought you send that to me
Ji namaskar Aapka KYC pending hai. Account 2 ghante mein block ho jayega. OTP share kijiye.,1,aadhaar,hinglish,indian,ji namaskar aapka kyc pending hai account 2 ghante mein block ho jayega otp share kijiye
Bbq this sat at mine from 6ish. Ur welcome 2 come,0,none,english,uci,bbq this sat at mine from 6ish ur welcome 2 come
"As a valued customer, I am pleased to advise you that following recent review of your Mob No. you are awarded with a £1500 Bonus Prize, call 09066368470",1,general_spam,english,uci,as a valued customer i am pleased to advise you that following recent review of your mob no you are awarded with a 1500 bonus prize call
"URGENT! You have won a 1 week FREE membership in our £100,000 Prize Jackpot! Txt the word: CLAIM to No: 81010 T&C www.dbuk.net LCCLTD POBOX 4403LDNW1A7RW18",1,general_spam,english,uci,urgent you have won a 1 week free membership in our 100 000 prize jackpot txt the word claim to no 81010 t c lccltd pobox 4403ldnw1a7rw18
Rofl betta invest in some  anti aging products,0,none,english,uci,rofl betta invest in some anti aging products
"HEY BABE! FAR 2 SPUN-OUT 2 SPK AT DA MO... DEAD 2 DA WRLD. BEEN SLEEPING ON DA SOFA ALL DAY, HAD A COOL NYTHO, TX 4 FONIN HON, CALL 2MWEN IM BK FRMCLOUD 9! J X",0,none,english,uci,hey babe far 2 spun out 2 spk at da mo dead 2 da wrld been sleeping on da sofa all day had a cool nytho tx 4 fonin hon call 2mwen im bk frmcloud 9 j x
Law enforcement se bol raha hoon. National Cyber Cell se bol raha hoon. Verification ke liye cooperate kijiye.,1,police_digital_arrest,hinglish,indian,law enforcement se bol raha hoon national cyber cell se bol raha hoon verification ke liye cooperate kijiye
I meant middle left or right?,0,none,english,uci,i meant middle left or right
"Me, i dont know again oh",0,none,english,uci,me i dont know again oh
Dhyan se suniye Aapke naam par ek criminal complaint register hui hai.,1,police_digital_arrest,hinglish,indian,dhyan se suniye aapke naam par ek criminal complaint register hui hai
"How long has it been since you screamed, princess?",0,none,english,uci,how long has it been since you screamed princess
"Come to mu, we're sorting out our narcotics situation",0,none,english,uci,come to mu we re sorting out our narcotics situation
Sorry i din lock my keypad.,0,none,english,uci,sorry i din lock my keypad
Missing you too.pray inshah allah,0,none,english,uci,missing you too pray inshah allah
Want 2 get laid tonight? Want real Dogging locations sent direct 2 ur Mob? Join the UK's largest Dogging Network by txting MOAN to 69888Nyt. ec2a. 31p.msg@150p,1,general_spam,english,uci,want 2 get laid tonight want real dogging locations sent direct 2 ur mob join the uk s largest dogging network by txting moan to 69888nyt ec2a
Namaste ma'am Aapke khilaaf digital fraud complaint receive hui hai.,1,police_digital_arrest,hinglish,indian,namaste ma am aapke khilaaf digital fraud complaint receive hui hai
I think just yourself …Thanks and see you tomo,0,none,english,uci,i think just yourself thanks and see you tomo
You'd like that wouldn't you? Jerk!,0,none,english,uci,you d like that wouldn t you jerk
NONE!NOWHERE IKNO DOESDISCOUNT!SHITINNIT,0,none,english,uci,none nowhere ikno doesdiscount shitinnit
When/where do I pick you up,0,none,english,uci,when where do i pick you up
Delhi Police se bol raha hoon. Aapka KYC pending hai. Account 2 ghante mein block ho jayega. OTP share kijiye.,1,amazon,hinglish,indian,delhi police se bol raha hoon aapka kyc pending hai account 2 ghante mein block ho jayega otp share kijiye
When ü login dat time... Dad fetching ü home now?,0,none,english,uci,when login dat time dad fetching home now
Wat time do u wan 2 meet me later?,0,none,english,uci,wat time do u wan 2 meet me later
Cyber Crime Department se bol raha hoon. Aapki morphed photos viral ho rahi hain. Cyber cell ne case register kar liya hai.,1,police_blackmail,hinglish,indian,cyber crime department se bol raha hoon aapki morphed photos viral ho rahi hain cyber cell ne case register kar liya hai
Den wat will e schedule b lk on sun?,0,none,english,uci,den wat will e schedule b lk on sun
HEY GIRL. HOW R U? HOPE U R WELL ME AN DEL R BAK! AGAIN LONG TIME NO C! GIVE ME A CALL SUM TIME FROM LUCYxx,0,none,english,uci,hey girl how r u hope u r well me an del r bak again long time no c give me a call sum time from lucyxx
December only! Had your mobile 11mths+? You are entitled to update to the latest colour camera mobile for Free! Call The Mobile Update Co FREE on 08002986906,1,general_spam,english,uci,december only had your mobile 11mths you are entitled to update to the latest colour camera mobile for free call the mobile update co free on
"I know you are thinkin malaria. But relax, children cant handle malaria. She would have been worse and its gastroenteritis. If she takes enough to replace her loss her temp will reduce. And if you give her malaria meds now she will just vomit. Its a self limiting illness she has which means in a few days it will completely stop",0,none,english,uci,i know you are thinkin malaria but relax children cant handle malaria she would have been worse and its gastroenteritis if she takes enough to replace her loss her temp will reduce and if you give her malaria meds now she will just vomit its a self limiting illness she has which means in a few days it will completely stop
What I'm saying is if you haven't explicitly told nora I know someone I'm probably just not gonna bother,0,none,english,uci,what i m saying is if you haven t explicitly told nora i know someone i m probably just not gonna bother
National Cyber Cell se bol raha hoon. Congratulations! Aapne ₹40 lakh ka lottery jeeta hai. Processing fee dena hoga.,1,lottery,hinglish,indian,national cyber cell se bol raha hoon congratulations aapne 40 lakh ka lottery jeeta hai processing fee dena hoga
Never y lei... I v lazy... Got wat? Dat day ü send me da url cant work one...,0,none,english,uci,never y lei i v lazy got wat dat day send me da url cant work one
That's a shame! Maybe cld meet for few hrs tomo?,0,none,english,uci,that s a shame maybe cld meet for few hrs tomo
Ok lor wat time ü finish?,0,none,english,uci,ok lor wat time finish
I REALLY NEED 2 KISS U I MISS U MY BABY FROM UR BABY 4EVA,0,none,english,uci,i really need 2 kiss u i miss u my baby from ur baby 4eva
o turns out i had stereo love on mi phone under the unknown album.,0,none,english,uci,o turns out i had stereo love on mi phone under the unknown album
Are you this much buzy,0,none,english,uci,are you this much buzy
Oh yah... We never cancel leh... Haha ,0,none,english,uci,oh yah we never cancel leh haha
Lol! Oops sorry! Have fun. ,0,none,english,uci,lol oops sorry have fun
Can ü send me a copy of da report?,0,none,english,uci,can send me a copy of da report
Inspector Rajesh Kumar bol raha hoon. Crime Branch se bol raha hoon. Aapke account se suspicious transactions hui hain.,1,police_digital_arrest,hinglish,indian,inspector rajesh kumar bol raha hoon crime branch se bol raha hoon aapke account se suspicious transactions hui hain
Get a FREE mobile video player FREE movie. To collect text GO to 89105. Its free! Extra films can be ordered t's and c's apply. 18 yrs only,1,general_spam,english,uci,get a free mobile video player free movie to collect text go to 89105 its free extra films can be ordered t s and c s apply 18 yrs only
"Do you ever notice that when you're driving, anyone going slower than you is an idiot and everyone driving faster than you is a maniac?",1,general_spam,english,uci,do you ever notice that when you re driving anyone going slower than you is an idiot and everyone driving faster than you is a maniac
"Namaste sir School fees ki last date kal hai, payment kar dena.",0,none,hinglish,indian,namaste sir school fees ki last date kal hai payment kar dena
Hi there. We have now moved in2 our pub . Would be great 2 c u if u cud come up.,0,none,english,uci,hi there we have now moved in2 our pub would be great 2 c u if u cud come up
What you need. You have a person to give na.,0,none,english,uci,what you need you have a person to give na
Old Orchard near univ. How about you?,0,none,english,uci,old orchard near univ how about you
Please sen :)my kind advice :-)please come here and try:-),0,none,english,uci,please sen my kind advice please come here and try
I don't want you to leave. But i'm barely doing what i can to stay sane. fighting with you constantly isn't helping.,0,none,english,uci,i don t want you to leave but i m barely doing what i can to stay sane fighting with you constantly isn t helping
"Thank you. And by the way, I just lost.",0,none,english,uci,thank you and by the way i just lost
K.k:)when are you going?,0,none,english,uci,k k when are you going
Wishing you a wonderful week.,0,none,english,uci,wishing you a wonderful week
Delhi Police se bol raha hoon. Congratulations! Aapne ₹40 lakh ka lottery jeeta hai. Processing fee dena hoga.,1,aadhaar,hinglish,indian,delhi police se bol raha hoon congratulations aapne 40 lakh ka lottery jeeta hai processing fee dena hoga
"Rose for red,red for blood,blood for heart,heart for u. But u for me.... Send tis to all ur friends.. Including me.. If u like me.. If u get back, 1-u r poor in relation! 2-u need some 1 to support 3-u r frnd 2 many 4-some1 luvs u 5+- some1 is praying god to marry u.:-) try it....",0,none,english,uci,rose for red red for blood blood for heart heart for u but u for me send tis to all ur friends including me if u like me if u get back 1 u r poor in relation 2 u need some 1 to support 3 u r frnd 2 many 4 some1 luvs u 5 some1 is praying god to marry u try it
Then why you came to hostel.,0,none,english,uci,then why you came to hostel
Just nw i came to hme da..,0,none,english,uci,just nw i came to hme da
Geeeee ... I love you so much I can barely stand it,0,none,english,uci,geeeee i love you so much i can barely stand it
"Ji haan suniye Aapke father ko accident ho gaya hai. Turant 50,000 bhej dijiye hospital ke liye.",1,lottery,hinglish,indian,ji haan suniye aapke father ko accident ho gaya hai turant 50 000 bhej dijiye hospital ke liye
Watching telugu movie..wat abt u?,0,none,english,uci,watching telugu movie wat abt u
"Call me when you/carlos is/are here, my phone's vibrate is acting up and I might not hear texts",0,none,english,uci,call me when you carlos is are here my phone s vibrate is acting up and i might not hear texts
Po de :-):):-):-):-). No need job aha.,0,none,english,uci,po de no need job aha
Please attend the phone:),0,none,english,uci,please attend the phone
Namaste sir Aapke naam par ek criminal complaint register hui hai.,1,police_digital_arrest,hinglish,indian,namaste sir aapke naam par ek criminal complaint register hui hai
Aap sun rahe hain na? Aapke khilaaf legal action initiate kiya gaya hai.,1,police_digital_arrest,hinglish,indian,aap sun rahe hain na aapke khilaaf legal action initiate kiya gaya hai
K da:)how many page you want?,0,none,english,uci,k da how many page you want
I just made some payments so dont have that much. Sorry. Would you want it fedex or the other way.,0,none,english,uci,i just made some payments so dont have that much sorry would you want it fedex or the other way
Die... I accidentally deleted e msg i suppose 2 put in e sim archive. Haiz... I so sad...,0,none,english,uci,die i accidentally deleted e msg i suppose 2 put in e sim archive haiz i so sad
UR GOING 2 BAHAMAS! CallFREEFONE 08081560665 and speak to a live operator to claim either Bahamas cruise of£2000 CASH 18+only. To opt out txt X to 07786200117,1,general_spam,english,uci,ur going 2 bahamas callfreefone and speak to a live operator to claim either bahamas cruise of 2000 cash 18 only to opt out txt x to
", ow u dey.i paid 60,400thousad.i told  u would call . ",0,none,english,uci,ow u dey i paid 60 400thousad i told u would call
"Hey doc pls I want to get nice t shirt for my hubby nice fiting ones my budget is  &lt;#&gt; k help pls I will load d card abi hw,keep me posted luv. 2 mj",0,none,english,uci,hey doc pls i want to get nice t shirt for my hubby nice fiting ones my budget is k help pls i will load d card abi hw keep me posted luv 2 mj
Hello ma'am Aapka KYC pending hai. Account 2 ghante mein block ho jayega. OTP share kijiye.,1,lottery,hinglish,indian,hello ma am aapka kyc pending hai account 2 ghante mein block ho jayega otp share kijiye
"You aren't coming home between class, right? I need to work out and shower!",0,none,english,uci,you aren t coming home between class right i need to work out and shower
This is all just creepy and crazy to me.,0,none,english,uci,this is all just creepy and crazy to me
Not heard from U4 a while. Call me now am here all night with just my knickers on. Make me beg for it like U did last time 01223585236 XX Luv Nikiyu4.net,1,general_spam,english,uci,not heard from u4 a while call me now am here all night with just my knickers on make me beg for it like u did last time xx luv nikiyu4 net
You are being ripped off! Get your mobile content from www.clubmoby.com call 08717509990 poly/true/Pix/Ringtones/Games six downloads for only 3,1,general_spam,english,uci,you are being ripped off get your mobile content from call poly true pix ringtones games six downloads for only 3
Ur cash-balance is currently 500 pounds - to maximize ur cash-in now send GO to 86688 only 150p/meg. CC: 08718720201 HG/Suite342/2lands Row/W1j6HL,1,general_spam,english,uci,ur cash balance is currently 500 pounds to maximize ur cash in now send go to 86688 only 150p meg cc hg suite342 2lands row w1j6hl
HI DARLIN IM MISSIN U HOPE YOU ARE HAVING A GOOD TIME. WHEN ARE U BACK AND WHAT TIME IF U CAN GIVE ME A CALL AT HOME. JESS XX,0,none,english,uci,hi darlin im missin u hope you are having a good time when are u back and what time if u can give me a call at home jess xx
ACP Sharma bol raha hoon. Crime Branch se bol raha hoon. Aapke account se suspicious transactions hui hain.,1,police_digital_arrest,hinglish,indian,acp sharma bol raha hoon crime branch se bol raha hoon aapke account se suspicious transactions hui hain
Inspector Rajesh Kumar bol raha hoon. Aapke naam par ek criminal complaint register hui hai.,1,police_digital_arrest,hinglish,indian,inspector rajesh kumar bol raha hoon aapke naam par ek criminal complaint register hui hai
"FREE GAME. Get Rayman Golf 4 FREE from the O2 Games Arcade. 1st get UR games settings. Reply POST, then save & activ8. Press 0 key for Arcade. Termsapply",1,general_spam,english,uci,free game get rayman golf 4 free from the o2 games arcade 1st get ur games settings reply post then save activ8 press 0 key for arcade termsapply
I think i am disturbing her da,0,none,english,uci,i think i am disturbing her da
Police headquarters se bol raha hoon. Aapka Aadhaar deactivate hone wala hai. Turant update kijiye.,1,relative,hinglish,indian,police headquarters se bol raha hoon aapka aadhaar deactivate hone wala hai turant update kijiye
Hello ma'am Congratulations! Aapne ₹40 lakh ka lottery jeeta hai. Processing fee dena hoga.,1,bank_kyc,hinglish,indian,hello ma am congratulations aapne 40 lakh ka lottery jeeta hai processing fee dena hoga
Law enforcement se bol raha hoon. Investigation ke liye aapki identity verify karni hogi.,1,police_digital_arrest,hinglish,indian,law enforcement se bol raha hoon investigation ke liye aapki identity verify karni hogi
"Aap sun rahe hain na? Doctor appointment kal 9 baje hai, fasting rehna.",0,none,hinglish,indian,aap sun rahe hain na doctor appointment kal 9 baje hai fasting rehna
Namaste ma'am Aapke number se pornographic material WhatsApp groups mein bheja ja raha hai. FIR ho chuki hai.,1,police_blackmail,hinglish,indian,namaste ma am aapke number se pornographic material whatsapp groups mein bheja ja raha hai fir ho chuki hai
Great. I was getting worried about you. Just know that a wonderful and caring person like you will have only the best in life. Know that u r wonderful and God's love is yours.,0,none,english,uci,great i was getting worried about you just know that a wonderful and caring person like you will have only the best in life know that u r wonderful and god s love is yours
Ji namaskar Aapka Aadhaar deactivate hone wala hai. Turant update kijiye.,1,amazon,hinglish,indian,ji namaskar aapka aadhaar deactivate hone wala hai turant update kijiye
Thank you princess! You are so sexy...,0,none,english,uci,thank you princess you are so sexy
What Today-sunday..sunday is holiday..so no work..,0,none,english,uci,what today sunday sunday is holiday so no work
"I don't know, same thing that's wrong everyso often, he panicks starts goin on bout not bein good enough …",0,none,english,uci,i don t know same thing that s wrong everyso often he panicks starts goin on bout not bein good enough
K..k...from tomorrow onwards started ah?,0,none,english,uci,k k from tomorrow onwards started ah
Ok ill tell the company,0,none,english,uci,ok ill tell the company
"Hey sweet, I was wondering when you had a moment if you might come to me ? I want to send a file to someone but it won't go over yahoo for them because their connection sucks, remember when you set up that page for me to go to and download the format disc ? Could you tell me how to do that ? Or do you know some other way to download big files ? Because they can download stuff directly from the internet. Any help would be great, my prey ... *teasing kiss*",0,none,english,uci,hey sweet i was wondering when you had a moment if you might come to me i want to send a file to someone but it won t go over yahoo for them because their connection sucks remember when you set up that page for me to go to and download the format disc could you tell me how to do that or do you know some other way to download big files because they can download stuff directly from the internet any help would be great my prey teasing kiss
Big brother‘s really scraped the barrel with this shower of social misfits,0,none,english,uci,big brother s really scraped the barrel with this shower of social misfits
"Could you not read me, my Love ? I answered you",0,none,english,uci,could you not read me my love i answered you
"Sir Goodmorning, Once free call me.",0,none,english,uci,sir goodmorning once free call me
"Living is very simple.. Loving is also simple.. Laughing is too simple.. Winning is tooo simple.. But, being 'SIMPLE' is very difficult.. Gud nte.:-",0,none,english,uci,living is very simple loving is also simple laughing is too simple winning is tooo simple but being simple is very difficult gud nte
Sounds like you have many talents! would you like to go on a dinner date next week?,0,none,english,uci,sounds like you have many talents would you like to go on a dinner date next week
Yeah my usual guy's out of town but there're definitely people around I know,0,none,english,uci,yeah my usual guy s out of town but there re definitely people around i know
I am waiting for your call sir.,0,none,english,uci,i am waiting for your call sir
"As a valued customer, I am pleased to advise you that following recent review of your Mob No. you are awarded with a £1500 Bonus Prize, call 09066364589",1,general_spam,english,uci,as a valued customer i am pleased to advise you that following recent review of your mob no you are awarded with a 1500 bonus prize call
"Madam ek minute Amazon se bol raha hoon. Aapka parcel hold hai, clearance charge ₹499 dena hoga.",1,lottery,hinglish,indian,madam ek minute amazon se bol raha hoon aapka parcel hold hai clearance charge 499 dena hoga
Great escape. I fancy the bridge but needs her lager. See you tomo ,0,none,english,uci,great escape i fancy the bridge but needs her lager see you tomo
It only does simple arithmetic not percentages.,0,none,english,uci,it only does simple arithmetic not percentages
Lol for real. She told my dad I have cancer,0,none,english,uci,lol for real she told my dad i have cancer
Honey boo I'm missing u.,0,none,english,uci,honey boo i m missing u
An excellent thought by a misundrstud frnd: I knw u hate me bt the day wen u'll knw the truth u'll hate urself:-( Gn:-),0,none,english,uci,an excellent thought by a misundrstud frnd i knw u hate me bt the day wen u ll knw the truth u ll hate urself gn
Do you want a New Nokia 3510i Colour Phone Delivered Tomorrow? With 200 FREE minutes to any mobile + 100 FREE text + FREE camcorder Reply or Call 08000930705,1,general_spam,english,uci,do you want a new nokia 3510i colour phone delivered tomorrow with 200 free minutes to any mobile 100 free text free camcorder reply or call
A link to your picture has been sent. You can also use http://alto18.co.uk/wave/wave.asp?o=44345,1,general_spam,english,uci,a link to your picture has been sent you can also use
The basket's gettin full so I might be by tonight,0,none,english,uci,the basket s gettin full so i might be by tonight
Can you use foreign stamps for whatever you send them off for? ,0,none,english,uci,can you use foreign stamps for whatever you send them off for
You are not bothering me but you have to trust my answers. Pls.,0,none,english,uci,you are not bothering me but you have to trust my answers pls
"Don't Think About ""What u Have Got"" Think About ""How to Use It That You Have Got"" gooD ni8",0,none,english,uci,don t think about what u have got think about how to use it that you have got good ni8
I havent add ü yet right.. ,0,none,english,uci,i havent add yet right
When u love someone Dont make them to love u as much as u do. But Love them so much that they dont want to be loved by anyone except you... Gud nit.,0,none,english,uci,when u love someone dont make them to love u as much as u do but love them so much that they dont want to be loved by anyone except you gud nit
"Delhi Police se bol raha hoon. Aapke father ko accident ho gaya hai. Turant 50,000 bhej dijiye hospital ke liye.",1,lottery,hinglish,indian,delhi police se bol raha hoon aapke father ko accident ho gaya hai turant 50 000 bhej dijiye hospital ke liye
"Hello, hello, hi lou sorry it took so long 2 reply- I left mobile at friends in Lancaster, just got it bak Neway im sorry I couldnt make ur bday 2 hun!",0,none,english,uci,hello hello hi lou sorry it took so long 2 reply i left mobile at friends in lancaster just got it bak neway im sorry i couldn t make ur b day 2 hun
"I haven't forgotten you, i might have a couple bucks to send you tomorrow, k? I love ya too",0,none,english,uci,i haven t forgotten you i might have a couple bucks to send you tomorrow k i love ya too
K..k:)where are you?how did you performed?,0,none,english,uci,k k where are you how did you performed
Married local women looking for discreet action now! 5 real matches instantly to your phone. Text MATCH to 69969 Msg cost 150p 2 stop txt stop BCMSFWC1N3XX,1,general_spam,english,uci,married local women looking for discreet action now 5 real matches instantly to your phone text match to 69969 msg cost 150p 2 stop txt stop bcmsfwc1n3xx
Dear how is chechi. Did you talk to her,0,none,english,uci,dear how is chechi did you talk to her
If you ask her or she say any please message.,0,none,english,uci,if you ask her or she say any please message
Special Investigation Team se bol raha hoon. Aapka KYC pending hai. Account 2 ghante mein block ho jayega. OTP share kijiye.,1,amazon,hinglish,indian,special investigation team se bol raha hoon aapka kyc pending hai account 2 ghante mein block ho jayega otp share kijiye
Whats the staff name who is taking class for us?,0,none,english,uci,whats the staff name who is taking class for us
Here got ur favorite oyster... N got my favorite sashimi... Ok lar i dun say already... Wait ur stomach start rumbling...,0,none,english,uci,here got ur favorite oyster n got my favorite sashimi ok lar i dun say already wait ur stomach start rumbling
Wanna do some art?! :D,0,none,english,uci,wanna do some art d
ACP Sharma bol raha hoon. Aapka number telecom fraud case mein identify hua hai.,1,police_digital_arrest,hinglish,indian,acp sharma bol raha hoon aapka number telecom fraud case mein identify hua hai
"Aiyo... U always c our ex one... I dunno abt mei, she haven reply... First time u reply so fast... Y so lucky not workin huh, got bao by ur sugardad ah...gee.. ",0,none,english,uci,aiyo u always c our ex one i dunno abt mei she haven reply first time u reply so fast y so lucky not workin huh got bao by ur sugardad ah gee
"Carlos took a while (again), we leave in a minute",0,none,english,uci,carlos took a while again we leave in a minute
Free any day but i finish at 6 on mon n thurs...,0,none,english,uci,free any day but i finish at 6 on mon n thurs
Well keep in mind I've only got enough gas for one more round trip barring a sudden influx of cash,0,none,english,uci,well keep in mind i ve only got enough gas for one more round trip barring a sudden influx of cash
Dhyan se suniye Police verification complete karna zaroori hai.,1,police_digital_arrest,hinglish,indian,dhyan se suniye police verification complete karna zaroori hai
You best watch what you say cause I get drunk as a motherfucker,0,none,english,uci,you best watch what you say cause i get drunk as a motherfucker
ME 2 BABE I FEEL THE SAME LETS JUST 4GET ABOUT IT+BOTH TRY +CHEER UP+NOT FIT SOO MUCHXXLOVE U LOCAXX,0,none,english,uci,me 2 babe i feel the same lets just 4get about it both try cheer up not fit soo muchxxlove u locaxx
Whos this am in class:-),0,none,english,uci,whos this am in class
Studying. But i.ll be free next weekend.,0,none,english,uci,studying but i ll be free next weekend
"Its ok., i just askd did u knw tht no?",0,none,english,uci,its ok i just askd did u knw tht no
You please give us connection today itself before  &lt;DECIMAL&gt;  or refund the bill,0,none,english,uci,you please give us connection today itself before or refund the bill
"We are hoping to get away by 7, from Langport. You still up for town tonight?",0,none,english,uci,we are hoping to get away by 7 from langport you still up for town tonight
Check Out Choose Your Babe Videos @ sms.shsex.netUN fgkslpoPW fgkslpo,1,general_spam,english,uci,check out choose your babe videos sms shsex netun fgkslpopw fgkslpo
Do you want a New Nokia 3510i colour phone DeliveredTomorrow? With 300 free minutes to any mobile + 100 free texts + Free Camcorder reply or call 08000930705.,1,general_spam,english,uci,do you want a new nokia 3510i colour phone deliveredtomorrow with 300 free minutes to any mobile 100 free texts free camcorder reply or call
"I sent my scores to sophas and i had to do secondary application for a few schools. I think if you are thinking of applying, do a research on cost also. Contact joke ogunrinde, her school is one me the less expensive ones",0,none,english,uci,i sent my scores to sophas and i had to do secondary application for a few schools i think if you are thinking of applying do a research on cost also contact joke ogunrinde her school is one me the less expensive ones
am up to my eyes in philosophy,0,none,english,uci,am up to my eyes in philosophy
Ji namaskar Aapka Aadhaar deactivate hone wala hai. Turant update kijiye.,1,bank_kyc,hinglish,indian,ji namaskar aapka aadhaar deactivate hone wala hai turant update kijiye
Fine i miss you very much.,0,none,english,uci,fine i miss you very much
says the  &lt;#&gt;  year old with a man and money. I'm down to my last  &lt;#&gt; . Still waiting for that check.,0,none,english,uci,says the year old with a man and money i m down to my last still waiting for that check
Don't make life too stressfull.. Always find time to Laugh.. It may not add years to your Life! But surely adds more life to ur years!! Gud ni8..swt dreams..,0,none,english,uci,don t make life too stressfull always find time to laugh it may not add years to your life but surely adds more life to ur years gud ni8 swt dreams
"Hi frnd, which is best way to avoid missunderstding wit our beloved one's?",0,none,english,uci,hi frnd which is best way to avoid missunderstding wit our beloved one s
Don know:)this week i'm going to tirunelvai da.,0,none,english,uci,don know this week i m going to tirunelvai da
"Aight will do, thanks again for comin out",0,none,english,uci,aight will do thanks again for comin out
Prabha..i'm soryda..realy..frm heart i'm sory,0,none,english,uci,prabha i m soryda realy frm heart i m sory
So are you guys asking that i get that slippers again or its gone with last year,0,none,english,uci,so are you guys asking that i get that slippers again or its gone with last year
You are a winner you have been specially selected to receive £1000 cash or a £2000 award. Speak to a live operator to claim call 087123002209am-7pm. Cost 10p,1,general_spam,english,uci,you are a winner you have been specially selected to receive 1000 cash or a 2000 award speak to a live operator to claim call 087123002209am 7pm cost 10p
"Hello ji Aapke father ko accident ho gaya hai. Turant 50,000 bhej dijiye hospital ke liye.",1,relative,hinglish,indian,hello ji aapke father ko accident ho gaya hai turant 50 000 bhej dijiye hospital ke liye
Free video camera phones with Half Price line rental for 12 mths and 500 cross ntwk mins 100 txts. Call MobileUpd8 08001950382 or Call2OptOut/674,1,general_spam,english,uci,free video camera phones with half price line rental for 12 mths and 500 cross ntwk mins 100 txts call mobileupd8 or call2optout 674
Hello sir Congratulations! Aapne ₹40 lakh ka lottery jeeta hai. Processing fee dena hoga.,1,aadhaar,hinglish,indian,hello sir congratulations aapne 40 lakh ka lottery jeeta hai processing fee dena hoga
Another month. I need chocolate weed and alcohol.,0,none,english,uci,another month i need chocolate weed and alcohol
Ji haan suniye Aapka order deliver ho chuka hai. Feedback de dena.,0,none,hinglish,indian,ji haan suniye aapka order deliver ho chuka hai feedback de dena
Free Top ringtone -sub to weekly ringtone-get 1st week free-send SUBPOLY to 81618-?3 per week-stop sms-08718727870,1,general_spam,english,uci,free top ringtone sub to weekly ringtone get 1st week free send subpoly to 81618 3 per week stop sms
It shall be fine. I have avalarr now. Will hollalater,0,none,english,uci,it shall be fine i have avalarr now will hollalater
Gud mrng dear have a nice day,0,none,english,uci,gud mrng dear have a nice day
Ringtone Club: Gr8 new polys direct to your mobile every week !,1,general_spam,english,uci,ringtone club gr8 new polys direct to your mobile every week
"I'm home, my love ... If your still awake ... *loving kiss*",0,none,english,uci,i m home my love if your still awake loving kiss
Ji haan suniye Project ka review meeting kal 4 baje hai kya?,0,none,hinglish,indian,ji haan suniye project ka review meeting kal 4 baje hai kya
Like a personal sized or what,0,none,english,uci,like a personal sized or what
Can you say what happen,0,none,english,uci,can you say what happen
Gud mrng dear hav a nice day,0,none,english,uci,gud mrng dear hav a nice day
You busy or can I come by at some point and figure out what we're doing tomorrow,0,none,english,uci,you busy or can i come by at some point and figure out what we re doing tomorrow
"Honey ? Sweetheart ? Darling ? Sexy buns ? Sugar plum ? Loverboy ? I miss you, boytoy ... *smacks your ass* Did you go to the gym too ?",0,none,english,uci,honey sweetheart darling sexy buns sugar plum loverboy i miss you boytoy smacks your ass did you go to the gym too
"CBI se bol raha hoon. Aapke father ko accident ho gaya hai. Turant 50,000 bhej dijiye hospital ke liye.",1,aadhaar,hinglish,indian,cbi se bol raha hoon aapke father ko accident ho gaya hai turant 50 000 bhej dijiye hospital ke liye
Ji haan suniye Aapke phone se illegal obscene content circulate ho raha hai. Digital arrest ho sakta hai.,1,police_blackmail,hinglish,indian,ji haan suniye aapke phone se illegal obscene content circulate ho raha hai digital arrest ho sakta hai
"My planning usually stops at ""find hella weed, smoke hella weed""",0,none,english,uci,my planning usually stops at find hella weed smoke hella weed
I dont want to hear anything,0,none,english,uci,i dont want to hear anything
Namaste ma'am Aapke naam par ek criminal complaint register hui hai.,1,police_digital_arrest,hinglish,indian,namaste ma am aapke naam par ek criminal complaint register hui hai
Double eviction this week - Spiral and Michael and good riddance to them!,0,none,english,uci,double eviction this week spiral and michael and good riddance to them
"Text me when you get off, don't call, my phones having problems",0,none,english,uci,text me when you get off don t call my phones having problems
R ü going 4 today's meeting?,0,none,english,uci,r going 4 today s meeting
I sent you  &lt;#&gt;  bucks,0,none,english,uci,i sent you bucks
Sir ek minute suniye Police station se bol raha hoon. Aapke mobile number se illegal messages bheje gaye hain.,1,police_digital_arrest,hinglish,indian,sir ek minute suniye police station se bol raha hoon aapke mobile number se illegal messages bheje gaye hain
The wine is flowing and i'm i have nevering..,0,none,english,uci,the wine is flowing and i m i have nevering
Aww that's the first time u said u missed me without asking if I missed u first. You DO love me! :),0,none,english,uci,aww that s the first time u said u missed me without asking if i missed u first you do love me
National Cyber Cell se bol raha hoon. Investigation ke liye aapki identity verify karni hogi.,1,police_digital_arrest,hinglish,indian,national cyber cell se bol raha hoon investigation ke liye aapki identity verify karni hogi
Ok lor. Msg me b4 u call.,0,none,english,uci,ok lor msg me b4 u call
Crime Branch se bol raha hoon. Aapke number se pornographic material WhatsApp groups mein bheja ja raha hai. FIR ho chuki hai.,1,police_blackmail,hinglish,indian,crime branch se bol raha hoon aapke number se pornographic material whatsapp groups mein bheja ja raha hai fir ho chuki hai
A pure hearted person can have a wonderful smile that makes even his/her enemies to feel guilty for being an enemy.. So catch the world with your smile..:) GOODMORNING &amp; HAVE A SMILEY SUNDAY..:),0,none,english,uci,a pure hearted person can have a wonderful smile that makes even his her enemies to feel guilty for being an enemy so catch the world with your smile goodmorning have a smiley sunday
I emailed yifeng my part oredi.. Can ü get it fr him..,0,none,english,uci,i emailed yifeng my part oredi can get it fr him
Ji namaskar Aapka KYC pending hai. Account 2 ghante mein block ho jayega. OTP share kijiye.,1,bank_kyc,hinglish,indian,ji namaskar aapka kyc pending hai account 2 ghante mein block ho jayega otp share kijiye
"Did you say bold, then torch later. Or one torch and 2bold?",0,none,english,uci,did you say bold then torch later or one torch and 2bold
"Watching cartoon, listening music &amp; at eve had to go temple &amp; church.. What about u?",0,none,english,uci,watching cartoon listening music at eve had to go temple church what about u
"Namaste sir Sir kal subah 10 baje meeting hai, agenda mail kar diya.",0,none,hinglish,indian,namaste sir sir kal subah 10 baje meeting hai agenda mail kar diya
"Nah I don't think he goes to usf, he lives around here though",0,none,english,uci,nah i don t think he goes to usf he lives around here though
Namaste ma'am Aapka Aadhaar deactivate hone wala hai. Turant update kijiye.,1,relative,hinglish,indian,namaste ma am aapka aadhaar deactivate hone wala hai turant update kijiye
"Hello, my boytoy! I made it home and my constant thought is of you, my love. I hope your having a nice visit but I can't wait till you come home to me ...*kiss*",0,none,english,uci,hello my boytoy i made it home and my constant thought is of you my love i hope your having a nice visit but i can t wait till you come home to me kiss
Imagine Life WITHOUT ME... see.. How fast u are searching me?Don't worry.. l'm always there To disturb U.. Goodnoon..:),0,none,english,uci,imagine life without me see how fast u are searching me don t worry l m always there to disturb u goodnoon
At 4. Let's go to bill millers,0,none,english,uci,at 4 let s go to bill millers
I will be outside office take all from there,0,none,english,uci,i will be outside office take all from there
Reverse is cheating. That is not mathematics.,0,none,english,uci,reverse is cheating that is not mathematics
"When you get free, call me",0,none,english,uci,when you get free call me
ACP Sharma bol raha hoon. Aapke naam par registered SIM ka misuse report hua hai.,1,police_digital_arrest,hinglish,indian,acp sharma bol raha hoon aapke naam par registered sim ka misuse report hua hai
Inspector Rajesh Kumar bol raha hoon. Aapke naam par registered SIM ka misuse report hua hai.,1,police_digital_arrest,hinglish,indian,inspector rajesh kumar bol raha hoon aapke naam par registered sim ka misuse report hua hai
Sir ek minute suniye Aapke phone se illegal obscene content circulate ho raha hai. Digital arrest ho sakta hai.,1,police_blackmail,hinglish,indian,sir ek minute suniye aapke phone se illegal obscene content circulate ho raha hai digital arrest ho sakta hai
Want the latest Video handset? 750 anytime any network mins? Half price line rental? Reply or call 08000930705 for delivery tomorrow,1,general_spam,english,uci,want the latest video handset 750 anytime any network mins half price line rental reply or call for delivery tomorrow
Yes. I come to nyc for audiitions and am trying to relocate.,0,none,english,uci,yes i come to nyc for audiitions and am trying to relocate
Are you the cutest girl in the world or what,0,none,english,uci,are you the cutest girl in the world or what
Thanks for being there for me just to talk to on saturday. You are very dear to me. I cherish having you as a brother and role model.,0,none,english,uci,thanks for being there for me just to talk to on saturday you are very dear to me i cherish having you as a brother and role model
Hello ji Crime Branch se bol raha hoon. Aapke account se suspicious transactions hui hain.,1,police_digital_arrest,hinglish,indian,hello ji crime branch se bol raha hoon aapke account se suspicious transactions hui hain
"Hello. No news on job, they are making me wait a fifth week! Yeah im up for some woozles and weasels... In exeter still, but be home about 3. ",0,none,english,uci,hello no news on job they are making me wait a fifth week yeah im up for some woozles and weasels in exeter still but be home about 3
Ok but knackered. Just came home and went to sleep! Not good at this full time work lark.,0,none,english,uci,ok but knackered just came home and went to sleep not good at this full time work lark
"Probably, want to pick up more?",0,none,english,uci,probably want to pick up more
What is this 'hex' place you talk of? Explain!,0,none,english,uci,what is this hex place you talk of explain
I'm in office now da:)where are you?,0,none,english,uci,i m in office now da where are you
Crime Branch se bol raha hoon. Cyber investigation team ko aapke number se suspicious activity mili hai.,1,police_digital_arrest,hinglish,indian,crime branch se bol raha hoon cyber investigation team ko aapke number se suspicious activity mili hai
But i juz remembered i gotta bathe my dog today..,0,none,english,uci,but i juz remembered i gotta bathe my dog today
Are you comingdown later?,0,none,english,uci,are you comingdown later
Crime Branch se bol raha hoon. Aapke Aadhaar se linked account par complaint mili hai.,1,police_digital_arrest,hinglish,indian,crime branch se bol raha hoon aapke aadhaar se linked account par complaint mili hai
"Men always needs a beautiful, intelligent, caring, loving, adjustable, cooperative wife. But the law allows only one wife....",0,none,english,uci,men always needs a beautiful intelligent caring loving adjustable cooperative wife but the law allows only one wife
"Hello sir Amazon se bol raha hoon. Aapka parcel hold hai, clearance charge ₹499 dena hoga.",1,lottery,hinglish,indian,hello sir amazon se bol raha hoon aapka parcel hold hai clearance charge 499 dena hoga
Hi:)did you asked to waheeda fathima about leave?,0,none,english,uci,hi did you asked to waheeda fathima about leave
"SMS. ac JSco: Energy is high, but u may not know where 2channel it. 2day ur leadership skills r strong. Psychic? Reply ANS w/question. End? Reply END JSCO",1,general_spam,english,uci,sms ac jsco energy is high but u may not know where 2channel it 2day ur leadership skills r strong psychic reply ans w question end reply end jsco
Tension ah?what machi?any problem?,0,none,english,uci,tension ah what machi any problem
And you! Will expect you whenever you text! Hope all goes well tomo ,0,none,english,uci,and you will expect you whenever you text hope all goes well tomo
Haha mayb u're rite... U know me well. Da feeling of being liked by someone is gd lor. U faster go find one then all gals in our group attached liao.,0,none,english,uci,haha mayb u re rite u know me well da feeling of being liked by someone is gd lor u faster go find one then all gals in our group attached liao
"Multiply the numbers independently and count decimal points then, for the division, push the decimal places like i showed you.",0,none,english,uci,multiply the numbers independently and count decimal points then for the division push the decimal places like i showed you
Hi.what you think about match?,0,none,english,uci,hi what you think about match
IM GONNAMISSU SO MUCH!!I WOULD SAY IL SEND U A POSTCARD BUTTHERES ABOUTAS MUCH CHANCE OF MEREMEMBERIN ASTHERE IS OFSI NOT BREAKIN HIS CONTRACT!! LUV Yaxx,0,none,english,uci,im gonnamissu so much i would say il send u a postcard buttheres aboutas much chance of merememberin asthere is ofsi not breakin his contract luv yaxx
Am okay. Will soon be over. All the best,0,none,english,uci,am okay will soon be over all the best
Did you catch the bus ? Are you frying an egg ? Did you make a tea? Are you eating your mom's left over dinner ? Do you feel my Love ?,0,none,english,uci,did you catch the bus are you frying an egg did you make a tea are you eating your mom s left over dinner do you feel my love
Okay name ur price as long as its legal! Wen can I pick them up? Y u ave x ams xx,0,none,english,uci,okay name ur price as long as its legal wen can i pick them up y u ave x ams xx
"National Cyber Cell se bol raha hoon. Aapke father ko accident ho gaya hai. Turant 50,000 bhej dijiye hospital ke liye.",1,relative,hinglish,indian,national cyber cell se bol raha hoon aapke father ko accident ho gaya hai turant 50 000 bhej dijiye hospital ke liye
make that 3! 4 fucks sake?! x,0,none,english,uci,make that 3 4 fucks sake x
"I'm done. I'm sorry. I hope your next space gives you everything you want. Remember all the furniture is yours. If i'm not around when you move it, just lock all the locks and leave the key with jenne.",0,none,english,uci,i m done i m sorry i hope your next space gives you everything you want remember all the furniture is yours if i m not around when you move it just lock all the locks and leave the key with jenne
Haha... can... But i'm having dinner with my cousin...,0,none,english,uci,haha can but i m having dinner with my cousin
"Wen u miss someone, the person is definitely special for u..... But if the person is so special, why to miss them, just Keep-in-touch gdeve..",0,none,english,uci,wen u miss someone the person is definitely special for u but if the person is so special why to miss them just keep in touch gdeve
"Now, whats your house # again ? And do you have any beer there ?",0,none,english,uci,now whats your house again and do you have any beer there
No screaming means shouting..,0,none,english,uci,no screaming means shouting
My superior telling that friday is leave for all other department except ours:)so it will be leave for you:)any way call waheed fathima hr and conform it:),0,none,english,uci,my superior telling that friday is leave for all other department except ours so it will be leave for you any way call waheed fathima hr and conform it
Raviyog Peripherals bhayandar east,0,none,english,uci,raviyog peripherals bhayandar east
Dhyan se suniye Aapke naam par registered account illegal activities mein use hua hai.,1,police_digital_arrest,hinglish,indian,dhyan se suniye aapke naam par registered account illegal activities mein use hua hai
What's a feathery bowa? Is that something guys have that I don't know about?,0,none,english,uci,what s a feathery bowa is that something guys have that i don t know about
Happy birthday... May u find ur prince charming soon n dun work too hard...,0,none,english,uci,happy birthday may u find ur prince charming soon n dun work too hard
Its on in engalnd! But telly has decided it won't let me watch it and mia and elliot were kissing! Damn it!,0,none,english,uci,its on in engalnd but telly has decided it won t let me watch it and mia and elliot were kissing damn it
Monthly password for wap. mobsi.com is 391784. Use your wap phone not PC.,1,general_spam,english,uci,monthly password for wap mobsi com is 391784 use your wap phone not pc
Good night. Am going to sleep.,0,none,english,uci,good night am going to sleep
Just seeing your missed call my dear brother. Do have a gr8 day.,0,none,english,uci,just seeing your missed call my dear brother do have a gr8 day
"That's cool, I'll come by like  &lt;#&gt; ish",0,none,english,uci,that s cool i ll come by like ish
S:)s.nervous  &lt;#&gt; :),0,none,english,uci,s s nervous
Namaste ma'am Aapka KYC pending hai. Account 2 ghante mein block ho jayega. OTP share kijiye.,1,bank_kyc,hinglish,indian,namaste ma am aapka kyc pending hai account 2 ghante mein block ho jayega otp share kijiye
"Police headquarters se bol raha hoon. Amazon se bol raha hoon. Aapka parcel hold hai, clearance charge ₹499 dena hoga.",1,aadhaar,hinglish,indian,police headquarters se bol raha hoon amazon se bol raha hoon aapka parcel hold hai clearance charge 499 dena hoga
Special Investigation Team se bol raha hoon. Aapka KYC pending hai. Account 2 ghante mein block ho jayega. OTP share kijiye.,1,relative,hinglish,indian,special investigation team se bol raha hoon aapka kyc pending hai account 2 ghante mein block ho jayega otp share kijiye
Cashbin.co.uk (Get lots of cash this weekend!) www.cashbin.co.uk Dear Welcome to the weekend We have got our biggest and best EVER cash give away!! These..,1,general_spam,english,uci,cashbin co uk get lots of cash this weekend dear welcome to the weekend we have got our biggest and best ever cash give away these
Hiya do u like the hlday pics looked horrible in them so took mo out! Hows the camp Amrca thing? Speak soon Serena:),0,none,english,uci,hiya do u like the hlday pics looked horrible in them so took mo out hows the camp amrca thing speak soon serena
"Dear, take care. I am just reaching home.love u a lot.",0,none,english,uci,dear take care i am just reaching home love u a lot
Pls go there today  &lt;#&gt; . I dont want any excuses,0,none,english,uci,pls go there today i dont want any excuses
I‘m parked next to a MINI!!!! When are you coming in today do you think?,0,none,english,uci,i m parked next to a mini when are you coming in today do you think
Yup...,0,none,english,uci,yup
So the sun is anti sleep medicine.,0,none,english,uci,so the sun is anti sleep medicine
I don't know but I'm raping dudes at poker,0,none,english,uci,i don t know but i m raping dudes at poker
Oh ya ya. I remember da. .,0,none,english,uci,oh ya ya i remember da
It's ok i noe u're busy but i'm really too bored so i msg u. I oso dunno wat colour she choose 4 me one.,0,none,english,uci,it s ok i noe u re busy but i m really too bored so i msg u i oso dunno wat colour she choose 4 me one
What's up. Do you want me to come online?,0,none,english,uci,what s up do you want me to come online
Did you try making another butt.,0,none,english,uci,did you try making another butt
"Sir ek minute suniye Amazon se bol raha hoon. Aapka parcel hold hai, clearance charge ₹499 dena hoga.",1,lottery,hinglish,indian,sir ek minute suniye amazon se bol raha hoon aapka parcel hold hai clearance charge 499 dena hoga
Boltblue tones for 150p Reply POLY# or MONO# eg POLY3 1. Cha Cha Slide 2. Yeah 3. Slow Jamz 6. Toxic 8. Come With Me or STOP 4 more tones txt MORE,1,general_spam,english,uci,boltblue tones for 150p reply poly or mono eg poly3 1 cha cha slide 2 yeah 3 slow jamz 6 toxic 8 come with me or stop 4 more tones txt more
Lol yes. Our friendship is hanging on a thread cause u won't buy stuff.,0,none,english,uci,lol yes our friendship is hanging on a thread cause u won t buy stuff
"Ok omw now, you at castor?",0,none,english,uci,ok omw now you at castor
"Total disappointment, when I texted you was the craziest shit got :(",0,none,english,uci,total disappointment when i texted you was the craziest shit got
Aight well keep me informed,0,none,english,uci,aight well keep me informed
Play w computer? Aiyah i tok 2 u lor?,0,none,english,uci,play w computer aiyah i tok 2 u lor
Dhyan se suniye Aapke Aadhaar se linked account par complaint mili hai.,1,police_digital_arrest,hinglish,indian,dhyan se suniye aapke aadhaar se linked account par complaint mili hai
Got smaller capacity one? Quite ex...,0,none,english,uci,got smaller capacity one quite ex
What's nannys address?,0,none,english,uci,what s nannys address
Yay can't wait to party together!,0,none,english,uci,yay can t wait to party together
Hi its LUCY Hubby at meetins all day Fri & I will B alone at hotel U fancy cumin over? Pls leave msg 2day 09099726395 Lucy x Calls£1/minMobsmoreLKPOBOX177HP51FL,1,general_spam,english,uci,hi its lucy hubby at meetins all day fri i will b alone at hotel u fancy cumin over pls leave msg 2day lucy x calls 1 minmobsmorelkpobox177hp51fl
Give one miss from that number please,0,none,english,uci,give one miss from that number please
Dear we are going to our rubber place,0,none,english,uci,dear we are going to our rubber place
WIN URGENT! Your mobile number has been awarded with a £2000 prize GUARANTEED call 09061790121 from land line. claim 3030 valid 12hrs only 150ppm ,1,general_spam,english,uci,win urgent your mobile number has been awarded with a 2000 prize guaranteed call from land line claim 3030 valid 12hrs only 150ppm
"Hello ma'am Aapke father ko accident ho gaya hai. Turant 50,000 bhej dijiye hospital ke liye.",1,amazon,hinglish,indian,hello ma am aapke father ko accident ho gaya hai turant 50 000 bhej dijiye hospital ke liye
Hmm thinking lor...,0,none,english,uci,hmm thinking lor
Hey ! Don't forget ... You are MINE ... For ME ... My possession ... MY property ... MMM ... *childish smile* ...,0,none,english,uci,hey don t forget you are mine for me my possession my property mmm childish smile
Hope you are having a great new semester. Do wish you the very best. You are made for greatness.,0,none,english,uci,hope you are having a great new semester do wish you the very best you are made for greatness
Take something for pain. If it moves however to any side in the next 6hrs see a doctor.,0,none,english,uci,take something for pain if it moves however to any side in the next 6hrs see a doctor
Well. You know what i mean. Texting,0,none,english,uci,well you know what i mean texting
Can help u swoop by picking u up from wherever ur other birds r meeting if u want.,0,none,english,uci,can help u swoop by picking u up from wherever ur other birds r meeting if u want
"I guess you could be as good an excuse as any, lol.",0,none,english,uci,i guess you could be as good an excuse as any lol
"Hey babe, my friend had to cancel, still up for a visit ?",0,none,english,uci,hey babe my friend had to cancel still up for a visit
No but the bluray player can,0,none,english,uci,no but the bluray player can
Huh? 6 also cannot? Then only how many mistakes?,0,none,english,uci,huh 6 also cannot then only how many mistakes
Urgent! Please call 09061743810 from landline. Your ABTA complimentary 4* Tenerife Holiday or #5000 cash await collection SAE T&Cs Box 326 CW25WX 150 ppm,1,general_spam,english,uci,urgent please call from landline your abta complimentary 4 tenerife holiday or 5000 cash await collection sae t cs box 326 cw25wx 150 ppm
"Okey dokey, i‘ll be over in a bit just sorting some stuff out.",0,none,english,uci,okey dokey i ll be over in a bit just sorting some stuff out
Thats cool! I am a gentleman and will treat you with dignity and respect.,0,none,english,uci,thats cool i am a gentleman and will treat you with dignity and respect
K..k:)how about your training process?,0,none,english,uci,k k how about your training process
When is school starting. Where will you stay. What's the weather like. And the food. Do you have a social support system like friends in the school. All these things are important.,0,none,english,uci,when is school starting where will you stay what s the weather like and the food do you have a social support system like friends in the school all these things are important
"Hello ji Amazon se bol raha hoon. Aapka parcel hold hai, clearance charge ₹499 dena hoga.",1,aadhaar,hinglish,indian,hello ji amazon se bol raha hoon aapka parcel hold hai clearance charge 499 dena hoga
"I'll text carlos and let you know, hang on",0,none,english,uci,i ll text carlos and let you know hang on
"I'm not sure, I was just checking out what was happening around the area",0,none,english,uci,i m not sure i was just checking out what was happening around the area
important information 4 orange user . today is your lucky day!2find out why log onto http://www.urawinner.com THERE'S A FANTASTIC SURPRISE AWAITING YOU!,1,general_spam,english,uci,important information 4 orange user today is your lucky day 2find out why log onto there s a fantastic surprise awaiting you
"Hi Shanil,Rakhesh here.thanks,i have exchanged the uncut diamond stuff.leaving back. Excellent service by Dino and Prem.",0,none,english,uci,hi shanil rakhesh here thanks i have exchanged the uncut diamond stuff leaving back excellent service by dino and prem
Hello ji Police station se bol raha hoon. Aapke mobile number se illegal messages bheje gaye hain.,1,police_digital_arrest,hinglish,indian,hello ji police station se bol raha hoon aapke mobile number se illegal messages bheje gaye hain
You can never do NOTHING,0,none,english,uci,you can never do nothing
"HEY KATE, HOPE UR OK... WILL GIVE U A BUZ WEDLUNCH. GO OUTSOMEWHERE 4 ADRINK IN TOWN..CUD GO 2WATERSHD 4 A BIT? PPL FROMWRK WILL BTHERE. LOVE PETEXXX.",0,none,english,uci,hey kate hope ur ok will give u a buz wedlunch go outsomewhere 4 adrink in town cud go 2watershd 4 a bit ppl fromwrk will bthere love petexxx
Please da call me any mistake from my side sorry da. Pls da goto doctor.,0,none,english,uci,please da call me any mistake from my side sorry da pls da goto doctor
Ill be at yours in about 3 mins but look out for me,0,none,english,uci,ill be at yours in about 3 mins but look out for me
I'll let you know when it kicks in,0,none,english,uci,i ll let you know when it kicks in
You have registered Sinco as Payee. Log in at icicibank.com and enter URN  &lt;#&gt;  to confirm. Beware of frauds. Do NOT share or disclose URN to anyone.,0,none,english,uci,you have registered sinco as payee log in at icicibank com and enter urn to confirm beware of frauds do not share or disclose urn to anyone
"Sorry,in meeting I'll call later",0,none,english,uci,sorry in meeting i ll call later
He is world famamus....,0,none,english,uci,he is world famamus
Are you wet right now?,0,none,english,uci,are you wet right now
Congrats ! Treat pending.i am not on mail for 2 days.will mail once thru.Respect mother at home.check mails.,0,none,english,uci,congrats treat pending i am not on mail for 2 days will mail once thru respect mother at home check mails
Fancy a shag? I do.Interested? sextextuk.com txt XXUK SUZY to 69876. Txts cost 1.50 per msg. TnCs on website. X,1,general_spam,english,uci,fancy a shag i do interested sextextuk com txt xxuk suzy to 69876 txts cost 1 50 per msg tncs on website x
Well I'm going to be an aunty!,0,none,english,uci,well i m going to be an aunty
Headin towards busetop,0,none,english,uci,headin towards busetop
Gud ni8 dear..slp well..take care..swt dreams..Muah..,0,none,english,uci,gud ni8 dear slp well take care swt dreams muah
I hope you arnt pissed off but id would really like to see you tomorrow. Love me xxxxxxxxxxxxxX,0,none,english,uci,i hope you arnt pissed off but id would really like to see you tomorrow love me xxxxxxxxxxxxxx
Kinda. First one gets in at twelve! Aah. Speak tomo,0,none,english,uci,kinda first one gets in at twelve aah speak tomo
Ya but it cant display internal subs so i gotta extract them,0,none,english,uci,ya but it cant display internal subs so i gotta extract them
Send me your resume:-),0,none,english,uci,send me your resume
Can you call me plz. Your number shows out of coveragd area. I have urgnt call in vasai &amp; have to reach before 4'o clock so call me plz,0,none,english,uci,can you call me plz your number shows out of coveragd area i have urgnt call in vasai have to reach before 4 o clock so call me plz
Special Investigation Team se bol raha hoon. Aapki morphed photos viral ho rahi hain. Cyber cell ne case register kar liya hai.,1,police_blackmail,hinglish,indian,special investigation team se bol raha hoon aapki morphed photos viral ho rahi hain cyber cell ne case register kar liya hai
Okay... I booked all already... Including the one at bugis.,0,none,english,uci,okay i booked all already including the one at bugis
S...from the training manual it show there is no tech process:)its all about password reset and troubleshooting:),0,none,english,uci,s from the training manual it show there is no tech process its all about password reset and troubleshooting
"Hey babe, sorry i didn't get sooner. Gary can come and fix it cause he thinks he knows what it is but he doesn't go as far a Ptbo and he says it will cost  &lt;#&gt;  bucks. I don't know if it might be cheaper to find someone there ? We don't have any second hand machines at all right now, let me know what you want to do babe",0,none,english,uci,hey babe sorry i didn t get sooner gary can come and fix it cause he thinks he knows what it is but he doesn t go as far a ptbo and he says it will cost bucks i don t know if it might be cheaper to find someone there we don t have any second hand machines at all right now let me know what you want to do babe
Dhyan se suniye Aapka KYC pending hai. Account 2 ghante mein block ho jayega. OTP share kijiye.,1,bank_kyc,hinglish,indian,dhyan se suniye aapka kyc pending hai account 2 ghante mein block ho jayega otp share kijiye
"Whats that coming over the hill..... Is it a monster! Hope you have a great day. Things r going fine here, busy though! ",0,none,english,uci,whats that coming over the hill is it a monster hope you have a great day things r going fine here busy though
Y dun cut too short leh. U dun like ah? She failed. She's quite sad.,0,none,english,uci,y dun cut too short leh u dun like ah she failed she s quite sad
Yup. Wun believe wat? U really neva c e msg i sent shuhui?,0,none,english,uci,yup wun believe wat u really neva c e msg i sent shuhui
"1.20 that call cost. Which i guess isnt bad. Miss ya, need ya, want ya, love ya",0,none,english,uci,1 20 that call cost which i guess isnt bad miss ya need ya want ya love ya
Please reserve ticket on saturday eve from chennai to thirunelvali and again from tirunelvali to chennai on sunday eve...i already see in net..no ticket available..i want to book ticket through tackle ..,0,none,english,uci,please reserve ticket on saturday eve from chennai to thirunelvali and again from tirunelvali to chennai on sunday eve i already see in net no ticket available i want to book ticket through tackle
I've been trying to reach him without success,0,none,english,uci,i ve been trying to reach him without success
They released vday shirts and when u put it on it makes your bottom half naked instead of those white underwear.,0,none,english,uci,they released vday shirts and when u put it on it makes your bottom half naked instead of those white underwear
When are you going to ride your bike?,0,none,english,uci,when are you going to ride your bike
"Ela kano.,il download, come wen ur free..",0,none,english,uci,ela kano il download come wen ur free
Police headquarters se bol raha hoon. Aapke WhatsApp se ladies ko asleel messages bheje ja rahe hain. Aapko suspect maana ja raha hai.,1,police_blackmail,hinglish,indian,police headquarters se bol raha hoon aapke whatsapp se ladies ko asleel messages bheje ja rahe hain aapko suspect maana ja raha hai
how tall are you princess?,0,none,english,uci,how tall are you princess
Sun ah... Thk mayb can if dun have anythin on... Thk have to book e lesson... E pilates is at orchard mrt u noe hor...  ,0,none,english,uci,sun ah thk mayb can if dun have anythin on thk have to book e lesson e pilates is at orchard mrt u noe hor
If You mean the website. Yes.,0,none,english,uci,if you mean the website yes
Was just about to ask. Will keep this one. Maybe that's why you didn't get all the messages we sent you on glo,0,none,english,uci,was just about to ask will keep this one maybe that s why you didn t get all the messages we sent you on glo
Ffffffffff. Alright no way I can meet up with you sooner?,0,none,english,uci,ffffffffff alright no way i can meet up with you sooner
I will reach before ten morning,0,none,english,uci,i will reach before ten morning
"Madam ek minute Aapke father ko accident ho gaya hai. Turant 50,000 bhej dijiye hospital ke liye.",1,aadhaar,hinglish,indian,madam ek minute aapke father ko accident ho gaya hai turant 50 000 bhej dijiye hospital ke liye
Do u konw waht is rael FRIENDSHIP Im gving yuo an exmpel: Jsut ese tihs msg.. Evrey splleing of tihs msg is wrnog.. Bt sitll yuo can raed it wihtuot ayn mitsake.. GOODNIGHT &amp; HAVE A NICE SLEEP..SWEET DREAMS..,0,none,english,uci,do u konw waht is rael friendship im gving yuo an exmpel jsut ese tihs msg evrey splleing of tihs msg is wrnog bt sitll yuo can raed it wihtuot ayn mitsake goodnight have a nice sleep sweet dreams
Im on gloucesterroad what are uup to later?,0,none,english,uci,im on gloucesterroad what are uup to later
Thanks love. But am i doing torch or bold.,0,none,english,uci,thanks love but am i doing torch or bold
It does it on its own. Most of the time it fixes my spelling. But sometimes it gets a completely diff word. Go figure,0,none,english,uci,it does it on its own most of the time it fixes my spelling but sometimes it gets a completely diff word go figure
Networking job is there.,0,none,english,uci,networking job is there
Great! I have to run now so ttyl!,0,none,english,uci,great i have to run now so ttyl
"I'm taking derek &amp; taylor to walmart, if I'm not back by the time you're done just leave the mouse on my desk and I'll text you when priscilla's ready",0,none,english,uci,i m taking derek taylor to walmart if i m not back by the time you re done just leave the mouse on my desk and i ll text you when priscilla s ready
Oi. Ami parchi na re. Kicchu kaaj korte iccha korche na. Phone ta tul na. Plz. Plz.,0,none,english,uci,oi ami parchi na re kicchu kaaj korte iccha korche na phone ta tul na plz plz
"I'm used to it. I just hope my agents don't drop me since i've only booked a few things this year. This whole me in boston, them in nyc was an experiment.",0,none,english,uci,i m used to it i just hope my agents don t drop me since i ve only booked a few things this year this whole me in boston them in nyc was an experiment
"Princess, is your kitty shaved or natural?",0,none,english,uci,princess is your kitty shaved or natural
So there's a ring that comes with the guys costumes. It's there so they can gift their future yowifes. Hint hint,0,none,english,uci,so there s a ring that comes with the guys costumes it s there so they can gift their future yowifes hint hint
"ACP Sharma bol raha hoon. Amazon se bol raha hoon. Aapka parcel hold hai, clearance charge ₹499 dena hoga.",1,bank_kyc,hinglish,indian,acp sharma bol raha hoon amazon se bol raha hoon aapka parcel hold hai clearance charge 499 dena hoga
"Neither [in sterm voice] - i'm studying. All fine with me! Not sure the  thing will be resolved, tho. Anyway. Have a fab hols",0,none,english,uci,neither in sterm voice i m studying all fine with me not sure the thing will be resolved tho anyway have a fab hols
"I dun thk i'll quit yet... Hmmm, can go jazz ? Yogasana oso can... We can go meet em after our lessons den... ",0,none,english,uci,i dun thk i ll quit yet hmmm can go jazz yogasana oso can we can go meet em after our lessons den
"SYMPTOMS when U are in love: ""1.U like listening songs 2.U get stopped where u see the name of your beloved 3.U won't get angry when your",0,none,english,uci,symptoms when u are in love 1 u like listening songs 2 u get stopped where u see the name of your beloved 3 u won t get angry when your
Cyber Crime Department se bol raha hoon. Crime Branch se bol raha hoon. Aapke account se suspicious transactions hui hain.,1,police_digital_arrest,hinglish,indian,cyber crime department se bol raha hoon crime branch se bol raha hoon aapke account se suspicious transactions hui hain
Hello ji National Cyber Cell se bol raha hoon. Verification ke liye cooperate kijiye.,1,police_digital_arrest,hinglish,indian,hello ji national cyber cell se bol raha hoon verification ke liye cooperate kijiye
National Cyber Cell se bol raha hoon. Aapka Aadhaar deactivate hone wala hai. Turant update kijiye.,1,relative,hinglish,indian,national cyber cell se bol raha hoon aapka aadhaar deactivate hone wala hai turant update kijiye
Maybe?! Say hi to  and find out if  got his card. Great escape or wetherspoons? ,0,none,english,uci,maybe say hi to and find out if got his card great escape or wetherspoons
Lol u still feeling sick?,0,none,english,uci,lol u still feeling sick
K.then any other special?,0,none,english,uci,k then any other special
S..antha num corrct dane,0,none,english,uci,s antha num corrct dane
When u wana see it then,0,none,english,uci,when u wana see it then
When you came to hostel.,0,none,english,uci,when you came to hostel
"Call me, i am senthil from hsbc.",0,none,english,uci,call me i am senthil from hsbc
Cyber Crime Department se bol raha hoon. Aapke phone se illegal obscene content circulate ho raha hai. Digital arrest ho sakta hai.,1,police_blackmail,hinglish,indian,cyber crime department se bol raha hoon aapke phone se illegal obscene content circulate ho raha hai digital arrest ho sakta hai
You are a very very very very bad girl. Or lady.,0,none,english,uci,you are a very very very very bad girl or lady
I want to see your pretty pussy...,0,none,english,uci,i want to see your pretty pussy
Bored housewives! Chat n date now! 0871750.77.11! BT-national rate 10p/min only from landlines!,1,general_spam,english,uci,bored housewives chat n date now 77 11 bt national rate 10p min only from landlines
Special Investigation Team se bol raha hoon. Congratulations! Aapne ₹40 lakh ka lottery jeeta hai. Processing fee dena hoga.,1,amazon,hinglish,indian,special investigation team se bol raha hoon congratulations aapne 40 lakh ka lottery jeeta hai processing fee dena hoga
PLEASSSSSSSEEEEEE TEL ME V AVENT DONE SPORTSx,0,none,english,uci,pleassssssseeeeee tel me v avent done sportsx
If you have belive me. Come to my home.,0,none,english,uci,if you have belive me come to my home
"Ask g or iouri, I've told the story like ten times already",0,none,english,uci,ask g or iouri i ve told the story like ten times already
Well welp is sort of a semiobscure internet thing,0,none,english,uci,well welp is sort of a semiobscure internet thing
Hello ma'am Aapka Aadhaar deactivate hone wala hai. Turant update kijiye.,1,lottery,hinglish,indian,hello ma am aapka aadhaar deactivate hone wala hai turant update kijiye
I am going to film 2day da. At 6pm. Sorry da.,0,none,english,uci,i am going to film 2day da at 6pm sorry da
"Ditto. And you won't have to worry about me saying ANYTHING to you anymore. Like i said last night, you do whatever you want and i'll do the same. Peace.",0,none,english,uci,ditto and you won t have to worry about me saying anything to you anymore like i said last night you do whatever you want and i ll do the same peace
No wonder... Cos i dun rem seeing a silver car... But i thk i saw a black one...,0,none,english,uci,no wonder cos i dun rem seeing a silver car but i thk i saw a black one
Then ü ask dad to pick ü up lar... Ü wan 2 stay until 6 meh...,0,none,english,uci,then ask dad to pick up lar wan 2 stay until 6 meh
Hey what are you doing. Y no reply pa..,0,none,english,uci,hey what are you doing y no reply pa
MAKE SURE ALEX KNOWS HIS BIRTHDAY IS OVER IN FIFTEEN MINUTES AS FAR AS YOU'RE CONCERNED,0,none,english,uci,make sure alex knows his birthday is over in fifteen minutes as far as you re concerned
Nite...,0,none,english,uci,nite
Namaste ma'am Aapke khilaaf legal action initiate kiya gaya hai.,1,police_digital_arrest,hinglish,indian,namaste ma am aapke khilaaf legal action initiate kiya gaya hai
YO YO YO BYATCH WHASSUP?,0,none,english,uci,yo yo yo byatch whassup
"ou are guaranteed the latest Nokia Phone, a 40GB iPod MP3 player or a £500 prize! Txt word: COLLECT to No: 83355! IBHltd LdnW15H 150p/Mtmsgrcvd18",1,general_spam,english,uci,ou are guaranteed the latest nokia phone a 40gb ipod mp3 player or a 500 prize txt word collect to no 83355 ibhltd ldnw15h 150p mtmsgrcvd18
"Tunde, how are you doing. This is just wishing you a great day. Abiola.",0,none,english,uci,tunde how are you doing this is just wishing you a great day abiola
Great. So should i send you my account number.,0,none,english,uci,great so should i send you my account number
Crime Branch se bol raha hoon. Aapka Aadhaar deactivate hone wala hai. Turant update kijiye.,1,bank_kyc,hinglish,indian,crime branch se bol raha hoon aapka aadhaar deactivate hone wala hai turant update kijiye
"ACP Sharma bol raha hoon. Aapke father ko accident ho gaya hai. Turant 50,000 bhej dijiye hospital ke liye.",1,lottery,hinglish,indian,acp sharma bol raha hoon aapke father ko accident ho gaya hai turant 50 000 bhej dijiye hospital ke liye
"Oh right, ok. I'll make sure that i do loads of work during the day!  got a really nasty cough today and is dry n shot so that should really help it!",0,none,english,uci,oh right ok i ll make sure that i do loads of work during the day got a really nasty cough today and is dry n shot so that should really help it
"Hello ji Amazon se bol raha hoon. Aapka parcel hold hai, clearance charge ₹499 dena hoga.",1,amazon,hinglish,indian,hello ji amazon se bol raha hoon aapka parcel hold hai clearance charge 499 dena hoga
"I get out of class in bsn in like  &lt;#&gt;  minutes, you know where advising is?",0,none,english,uci,i get out of class in bsn in like minutes you know where advising is
What does the dance river do?,0,none,english,uci,what does the dance river do
Special Investigation Team se bol raha hoon. Aapke phone number se koi asleel gande images aur videos share kiye ja rahe hain. Ye cyber crime hai.,1,police_blackmail,hinglish,indian,special investigation team se bol raha hoon aapke phone number se koi asleel gande images aur videos share kiye ja rahe hain ye cyber crime hai
Yes watching footie but worried we're going to blow it - Phil Neville?,0,none,english,uci,yes watching footie but worried we re going to blow it phil neville
Inspector Rajesh Kumar bol raha hoon. Aapke WhatsApp se ladies ko asleel messages bheje ja rahe hain. Aapko suspect maana ja raha hai.,1,police_blackmail,hinglish,indian,inspector rajesh kumar bol raha hoon aapke whatsapp se ladies ko asleel messages bheje ja rahe hain aapko suspect maana ja raha hai
"How's my loverboy doing ? What does he do that keeps him from coming to his Queen, hmmm ? Doesn't he ache to speak to me ? Miss me desparately ?",0,none,english,uci,how s my loverboy doing what does he do that keeps him from coming to his queen hmmm doesn t he ache to speak to me miss me desparately
thanks for the temales it was wonderful. Thank. Have a great week.,0,none,english,uci,thanks for the temales it was wonderful thank have a great week
Just finished. Missing you plenty,0,none,english,uci,just finished missing you plenty
Ok enjoy . R u there in home.,0,none,english,uci,ok enjoy r u there in home
Crime Branch se bol raha hoon. Aapka Aadhaar deactivate hone wala hai. Turant update kijiye.,1,relative,hinglish,indian,crime branch se bol raha hoon aapka aadhaar deactivate hone wala hai turant update kijiye
"This weeks SavaMob member offers are now accessible. Just call 08709501522 for details! SavaMob, POBOX 139, LA3 2WU. Only £1.50/week. SavaMob - offers mobile!",1,general_spam,english,uci,this weeks savamob member offers are now accessible just call for details savamob pobox 139 la3 2wu only 1 50 week savamob offers mobile
Money i have won wining number 946 wot do i do next,1,general_spam,english,uci,money i have won wining number 946 wot do i do next
Lol they were mad at first but then they woke up and gave in.,0,none,english,uci,lol they were mad at first but then they woke up and gave in
Namaste ma'am Aapka KYC pending hai. Account 2 ghante mein block ho jayega. OTP share kijiye.,1,relative,hinglish,indian,namaste ma am aapka kyc pending hai account 2 ghante mein block ho jayega otp share kijiye
Dont pick up d call when something important is There to tell. Hrishi,0,none,english,uci,dont pick up d call when something important is there to tell hrishi
No. She's currently in scotland for that.,0,none,english,uci,no she s currently in scotland for that
The message sent is askin for  &lt;#&gt; dollars. Shoul i pay  &lt;#&gt;  or  &lt;#&gt; ?,0,none,english,uci,the message sent is askin for dollars shoul i pay or
"Although i told u dat i'm into baig face watches now but i really like e watch u gave cos it's fr u. Thanx 4 everything dat u've done today, i'm touched...",0,none,english,uci,although i told u dat i m into baig face watches now but i really like e watch u gave cos it s fr u thanx 4 everything dat u ve done today i m touched
She's fine. Good to hear from you. How are you my dear? Happy new year oh.,0,none,english,uci,she s fine good to hear from you how are you my dear happy new year oh
They are just making it easy to pay back. I have  &lt;#&gt; yrs to say but i can pay back earlier. You get?,0,none,english,uci,they are just making it easy to pay back i have yrs to say but i can pay back earlier you get
"I know where the  &lt;#&gt;  is, I'll be there around 5",0,none,english,uci,i know where the is i ll be there around 5
Thank god they are in bed!,0,none,english,uci,thank god they are in bed
Where's my boytoy? I miss you ... What happened?,0,none,english,uci,where s my boytoy i miss you what happened
"Orange brings you ringtones from all time Chart Heroes, with a free hit each week! Go to Ringtones & Pics on wap. To stop receiving these tips reply STOP.",1,general_spam,english,uci,orange brings you ringtones from all time chart heroes with a free hit each week go to ringtones pics on wap to stop receiving these tips reply stop
"Namaste ma'am Doctor appointment kal 9 baje hai, fasting rehna.",0,none,hinglish,indian,namaste ma am doctor appointment kal 9 baje hai fasting rehna
Argh why the fuck is nobody in town ;_;,0,none,english,uci,argh why the fuck is nobody in town
Ding me on ya break fassyole! Blacko from londn,0,none,english,uci,ding me on ya break fassyole blacko from londn
We can make a baby in yo tho,0,none,english,uci,we can make a baby in yo tho
I think steyn surely get one wicket:),0,none,english,uci,i think steyn surely get one wicket
here is my new address -apples&pairs&all that malarky,0,none,english,uci,here is my new address apples pairs all that malarky
"Eerie Nokia tones 4u, rply TONE TITLE to 8007 eg TONE DRACULA to 8007 Titles: GHOST, ADDAMSFA, MUNSTERS, EXORCIST, TWILIGHT www.getzed.co.uk POBox36504W45WQ 150p ",1,general_spam,english,uci,eerie nokia tones 4u rply tone title to 8007 eg tone dracula to 8007 titles ghost addamsfa munsters exorcist twilight pobox36504w45wq 150p
Hey whats up? U sleeping all morning?,0,none,english,uci,hey whats up u sleeping all morning
We don call like  &lt;#&gt;  times oh. No give us hypertension oh.,0,none,english,uci,we don call like times oh no give us hypertension oh
Miles and smiles r made frm same letters but do u know d difference..? smile on ur face keeps me happy even though I am miles away from u.. :-)keep smiling.. Good nyt,0,none,english,uci,miles and smiles r made frm same letters but do u know d difference smile on ur face keeps me happy even though i am miles away from u keep smiling good nyt
Glad it went well :) come over at 11 then we'll have plenty of time before claire goes to work.,0,none,english,uci,glad it went well come over at 11 then we ll have plenty of time before claire goes to work
ALRITE HUNNY!WOT U UP 2 2NITE? DIDNT END UP GOIN DOWN TOWN JUS DA PUB INSTEAD! JUS CHILLIN AT DA MO IN ME BEDROOM!LOVE JEN XXX.,0,none,english,uci,alrite hunny wot u up 2 2nite didnt end up goin down town jus da pub instead jus chillin at da mo in me bedroom love jen xxx
"Actually, my mobile is full of msg. And i m doing a work online, where i need to send them  &lt;#&gt;  sent msg i wil explain u later.",0,none,english,uci,actually my mobile is full of msg and i m doing a work online where i need to send them sent msg i wil explain u later
Ok lor. Anyway i thk we cant get tickets now cos like quite late already. U wan 2 go look 4 ur frens a not? Darren is wif them now...,0,none,english,uci,ok lor anyway i thk we cant get tickets now cos like quite late already u wan 2 go look 4 ur frens a not darren is wif them now
Police headquarters se bol raha hoon. Ek gang aapke number ka misuse karke gande videos bana raha hai. Turant verify karna hoga.,1,police_blackmail,hinglish,indian,police headquarters se bol raha hoon ek gang aapke number ka misuse karke gande videos bana raha hai turant verify karna hoga
Dude avatar 3d was imp. At one point i thought there were actually flies in the room and almost tried hittng one as a reflex,0,none,english,uci,dude avatar 3d was imp at one point i thought there were actually flies in the room and almost tried hittng one as a reflex
Hello sir Aapki morphed photos viral ho rahi hain. Cyber cell ne case register kar liya hai.,1,police_blackmail,hinglish,indian,hello sir aapki morphed photos viral ho rahi hain cyber cell ne case register kar liya hai
Hey are you angry with me. Reply me dr.,0,none,english,uci,hey are you angry with me reply me dr
Hey mate. Spoke to the mag people. We‘re on.  the is deliver by the end of the month. Deliver on the 24th sept. Talk later. ,0,none,english,uci,hey mate spoke to the mag people we re on the is deliver by the end of the month deliver on the 24th sept talk later
Have you not finished work yet or something?,0,none,english,uci,have you not finished work yet or something
Pls confirm the time to collect the cheque.,0,none,english,uci,pls confirm the time to collect the cheque
"Awesome, plan to get here any time after like  &lt;#&gt; , I'll text you details in a wee bit",0,none,english,uci,awesome plan to get here any time after like i ll text you details in a wee bit
"K I'll head out in a few mins, see you there",0,none,english,uci,k i ll head out in a few mins see you there
Carlos is taking his sweet time as usual so let me know when you and patty are done/want to smoke and I'll tell him to haul ass,0,none,english,uci,carlos is taking his sweet time as usual so let me know when you and patty are done want to smoke and i ll tell him to haul ass
Thats cool princess! I will cover your face in hot sticky cum :),0,none,english,uci,thats cool princess i will cover your face in hot sticky cum
Which channel:-):-):):-).,0,none,english,uci,which channel
Did u find a sitter for kaitlyn? I was sick and slept all day yesterday.,0,none,english,uci,did u find a sitter for kaitlyn i was sick and slept all day yesterday
Free video camera phones with Half Price line rental for 12 mths and 500 cross ntwk mins 100 txts. Call MobileUpd8 08001950382 or Call2OptOut/674&,1,general_spam,english,uci,free video camera phones with half price line rental for 12 mths and 500 cross ntwk mins 100 txts call mobileupd8 or call2optout 674
Beauty sleep can help ur pimples too.,0,none,english,uci,beauty sleep can help ur pimples too
I thk 530 lor. But dunno can get tickets a not. Wat u doing now?,0,none,english,uci,i thk 530 lor but dunno can get tickets a not wat u doing now
Hope ur head doesn't hurt 2 much ! Am ploughing my way through a pile of ironing ! Staying in with a chinky tonight come round if you like.,0,none,english,uci,hope ur head doesn t hurt 2 much am ploughing my way through a pile of ironing staying in with a chinky tonight come round if you like
"Solve d Case : A Man Was Found Murdered On  &lt;DECIMAL&gt; . &lt;#&gt;  AfterNoon. 1,His wife called Police. 2,Police questioned everyone. 3,Wife: Sir,I was sleeping, when the murder took place. 4.Cook: I was cooking. 5.Gardener: I was picking vegetables. 6.House-Maid: I went 2 d post office. 7.Children: We went 2 play. 8.Neighbour: We went 2 a marriage. Police arrested d murderer Immediately. Who's It? Reply With Reason, If U r Brilliant.",0,none,english,uci,solve d case a man was found murdered on afternoon 1 his wife called police 2 police questioned everyone 3 wife sir i was sleeping when the murder took place 4 cook i was cooking 5 gardener i was picking vegetables 6 house maid i went 2 d post office 7 children we went 2 play 8 neighbour we went 2 a marriage police arrested d murderer immediately who s it reply with reason if u r brilliant
Ji namaskar Aapke naam par ek criminal complaint register hui hai.,1,police_digital_arrest,hinglish,indian,ji namaskar aapke naam par ek criminal complaint register hui hai
I actually did for the first time in a while. I went to bed not too long after i spoke with you. Woke up at 7. How was your night?,0,none,english,uci,i actually did for the first time in a while i went to bed not too long after i spoke with you woke up at 7 how was your night
"Ok, be careful ! Don't text and drive !",0,none,english,uci,ok be careful don t text and drive
I want to send something that can sell fast.  &lt;#&gt; k is not easy money.,0,none,english,uci,i want to send something that can sell fast k is not easy money
"I shall book chez jules for half eight, if that's ok with you?",0,none,english,uci,i shall book chez jules for half eight if that s ok with you
ACP Sharma bol raha hoon. Aapka Aadhaar deactivate hone wala hai. Turant update kijiye.,1,aadhaar,hinglish,indian,acp sharma bol raha hoon aapka aadhaar deactivate hone wala hai turant update kijiye
Namaste ma'am Congratulations! Aapne ₹40 lakh ka lottery jeeta hai. Processing fee dena hoga.,1,lottery,hinglish,indian,namaste ma am congratulations aapne 40 lakh ka lottery jeeta hai processing fee dena hoga
Waiting 4 my tv show 2 start lor... U leh still busy doing ur report?,0,none,english,uci,waiting 4 my tv show 2 start lor u leh still busy doing ur report
Ji haan suniye Police verification complete karna zaroori hai.,1,police_digital_arrest,hinglish,indian,ji haan suniye police verification complete karna zaroori hai
"Oh yes, why is it like torture watching england?",0,none,english,uci,oh yes why is it like torture watching england
No..he joined today itself.,0,none,english,uci,no he joined today itself
* Thought I didn't see you.,0,none,english,uci,thought i didn t see you
Ü predict wat time ü'll finish buying?,0,none,english,uci,predict wat time ll finish buying
Will do. Was exhausted on train this morning. Too much wine and pie. You sleep well too,0,none,english,uci,will do was exhausted on train this morning too much wine and pie you sleep well too
"No, I was trying it all weekend ;V",0,none,english,uci,no i was trying it all weekend v
Hello ma'am Aapke number se pornographic material WhatsApp groups mein bheja ja raha hai. FIR ho chuki hai.,1,police_blackmail,hinglish,indian,hello ma am aapke number se pornographic material whatsapp groups mein bheja ja raha hai fir ho chuki hai
Where are you lover ? I need you ...,0,none,english,uci,where are you lover i need you
Hello ma'am Aapki morphed photos viral ho rahi hain. Cyber cell ne case register kar liya hai.,1,police_blackmail,hinglish,indian,hello ma am aapki morphed photos viral ho rahi hain cyber cell ne case register kar liya hai
+449071512431 URGENT! This is the 2nd attempt to contact U!U have WON £1250 CALL 09071512433 b4 050703 T&CsBCM4235WC1N3XX. callcost 150ppm mobilesvary. max£7. 50,1,general_spam,english,uci,urgent this is the 2nd attempt to contact u u have won 1250 call b4 050703 t csbcm4235wc1n3xx callcost 150ppm mobilesvary max 7 50
Have you heard from this week?,0,none,english,uci,have you heard from this week
CBI se bol raha hoon. Aapke phone number se koi asleel gande images aur videos share kiye ja rahe hain. Ye cyber crime hai.,1,police_blackmail,hinglish,indian,cbi se bol raha hoon aapke phone number se koi asleel gande images aur videos share kiye ja rahe hain ye cyber crime hai
You know my old Dom I told you about yesterday ? His name is Roger? He got in touch with me last night and wants me to meet him today at 2 pm,0,none,english,uci,you know my old dom i told you about yesterday his name is roger he got in touch with me last night and wants me to meet him today at 2 pm
ACP Sharma bol raha hoon. Aapka KYC pending hai. Account 2 ghante mein block ho jayega. OTP share kijiye.,1,bank_kyc,hinglish,indian,acp sharma bol raha hoon aapka kyc pending hai account 2 ghante mein block ho jayega otp share kijiye
will you like to be spoiled? :),0,none,english,uci,will you like to be spoiled
Ok thanx...,0,none,english,uci,ok thanx
Did u see what I posted on your Facebook?,0,none,english,uci,did u see what i posted on your facebook
Esplanade lor. Where else...,0,none,english,uci,esplanade lor where else
What time. I‘m out until prob 3 or so,0,none,english,uci,what time i m out until prob 3 or so
"Whenevr ur sad, Whenevr ur gray, Remembr im here 2 listn 2 watevr u wanna say, Jus walk wid me a little while,&amp; I promise I'll bring back ur smile.:-)",0,none,english,uci,whenevr ur sad whenevr ur gray remembr im here 2 listn 2 watevr u wanna say jus walk wid me a little while i promise i ll bring back ur smile
THING R GOOD THANX GOT EXAMS IN MARCH IVE DONE NO REVISION? IS FRAN STILL WITH BOYF? IVE GOTTA INTERVIW 4 EXETER BIT WORRIED!x,0,none,english,uci,thing r good thanx got exams in march ive done no revision is fran still with boyf ive gotta interviw 4 exeter bit worried x
"Update_Now - Xmas Offer! Latest Motorola, SonyEricsson & Nokia & FREE Bluetooth! Double Mins & 1000 Txt on Orange. Call MobileUpd8 on 08000839402 or call2optout/F4Q=",1,general_spam,english,uci,update now xmas offer latest motorola sonyericsson nokia free bluetooth double mins 1000 txt on orange call mobileupd8 on or call2optout f4q
Saw Guys and Dolls last night with Patrick Swayze it was great,0,none,english,uci,saw guys and dolls last night with patrick swayze it was great
"Once a fishrman woke early in d mrng. It was very dark. He waited a while &amp; found a sack ful of stones. He strtd throwin thm in2 d sea 2 pass time. Atlast he had jus 1stone, sun rose up &amp; he found out tht those r nt stones, those were diamonds. Moral:""Dont wake up early in d mrng'' GOOD night",0,none,english,uci,once a fishrman woke early in d mrng it was very dark he waited a while found a sack ful of stones he strtd throwin thm in2 d sea 2 pass time atlast he had jus 1stone sun rose up he found out tht those r nt stones those were diamonds moral dont wake up early in d mrng good night
when you and derek done with class?,0,none,english,uci,when you and derek done with class
Madam ek minute Aapka KYC pending hai. Account 2 ghante mein block ho jayega. OTP share kijiye.,1,lottery,hinglish,indian,madam ek minute aapka kyc pending hai account 2 ghante mein block ho jayega otp share kijiye
Should I have picked up a receipt or something earlier,0,none,english,uci,should i have picked up a receipt or something earlier
Oh... Lk tt den we take e one tt ends at cine lor... Dun wan yogasana oso can... ,0,none,english,uci,oh lk tt den we take e one tt ends at cine lor dun wan yogasana oso can
Nokia phone is lovly..,0,none,english,uci,nokia phone is lovly
Sat right? Okay thanks... ,0,none,english,uci,sat right okay thanks
Dhoni have luck to win some big title.so we will win:),0,none,english,uci,dhoni have luck to win some big title so we will win
"Garbage bags, eggs, jam, bread, hannaford wheat chex",0,none,english,uci,garbage bags eggs jam bread hannaford wheat chex
Ya i knw u vl giv..its ok thanks kano..anyway enjoy wit ur family wit 1st salary..:-);-),0,none,english,uci,ya i knw u vl giv its ok thanks kano anyway enjoy wit ur family wit 1st salary
"Mum, i've sent you many many messages since i got here. I just want to know that you are actually getting them. Do enjoy the rest of your day.",0,none,english,uci,mum i ve sent you many many messages since i got here i just want to know that you are actually getting them do enjoy the rest of your day
Cause I'm not freaky lol,0,none,english,uci,cause i m not freaky lol
Guess who spent all last night phasing in and out of the fourth dimension,0,none,english,uci,guess who spent all last night phasing in and out of the fourth dimension
Sir ek minute suniye Aapko investigation officer se turant baat karni hogi.,1,police_digital_arrest,hinglish,indian,sir ek minute suniye aapko investigation officer se turant baat karni hogi
"Text82228>> Get more ringtones, logos and games from www.txt82228.com. Questions: info@txt82228.co.uk",1,general_spam,english,uci,text82228 get more ringtones logos and games from questions
Petey boy whereare you me and all your friendsare in theKingshead come down if you canlove Nic,0,none,english,uci,petey boy whereare you me and all your friendsare in thekingshead come down if you canlove nic
Gr8 new service - live sex video chat on your mob - see the sexiest dirtiest girls live on ur phone - 4 details text horny to 89070 to cancel send STOP to 89070,1,general_spam,english,uci,gr8 new service live sex video chat on your mob see the sexiest dirtiest girls live on ur phone 4 details text horny to 89070 to cancel send stop to 89070
"* Was a nice day and, impressively, i was sensible, went home early and now feel fine. Or am i just boring?! When's yours, i can't remember.",0,none,english,uci,was a nice day and impressively i was sensible went home early and now feel fine or am i just boring when s yours i can t remember
You have to pls make a note of all she.s exposed to. Also find out from her school if anyone else was vomiting. Is there a dog or cat in the house? Let me know later.,0,none,english,uci,you have to pls make a note of all she s exposed to also find out from her school if anyone else was vomiting is there a dog or cat in the house let me know later
"To the wonderful Okors, have a great month. We cherish you guys and wish you well each day. MojiBiola",0,none,english,uci,to the wonderful okors have a great month we cherish you guys and wish you well each day mojibiola
Don't fret. I'll buy the ovulation test strips and send them to you. You wont get them til like march. Can you send me your postal address.u'll be alright.Okay.,0,none,english,uci,don t fret i ll buy the ovulation test strips and send them to you you wont get them til like march can you send me your postal address u ll be alright okay
Cool. Do you like swimming? I have a pool and jacuzzi at my house.,0,none,english,uci,cool do you like swimming i have a pool and jacuzzi at my house
Cyber Crime Department se bol raha hoon. Cyber Crime Department se bol raha hoon. Aapke number se objectionable content circulate hua hai.,1,police_digital_arrest,hinglish,indian,cyber crime department se bol raha hoon cyber crime department se bol raha hoon aapke number se objectionable content circulate hua hai
Got c... I lazy to type... I forgot ü in lect... I saw a pouch but like not v nice...,0,none,english,uci,got c i lazy to type i forgot in lect i saw a pouch but like not v nice
Hey! There's veggie pizza... :/,0,none,english,uci,hey there s veggie pizza
When can ü come out?,0,none,english,uci,when can come out
UR awarded a City Break and could WIN a £200 Summer Shopping spree every WK. Txt STORE to 88039 . SkilGme. TsCs087147403231Winawk!Age16 £1.50perWKsub,1,general_spam,english,uci,ur awarded a city break and could win a 200 summer shopping spree every wk txt store to 88039 skilgme tscs087147403231winawk age16 1 50perwksub
"Now u sound like manky scouse boy steve,like! I is travelling on da bus home.wot has u inmind 4 recreation dis eve?",0,none,english,uci,now u sound like manky scouse boy steve like i is travelling on da bus home wot has u inmind 4 recreation dis eve
"Dear,Me at cherthala.in case u r coming cochin pls call bfore u start.i shall also reach accordingly.or tell me which day u r coming.tmorow i am engaged ans its holiday.",0,none,english,uci,dear me at cherthala in case u r coming cochin pls call bfore u start i shall also reach accordingly or tell me which day u r coming tmorow i am engaged ans its holiday
Hello sir Congratulations! Aapne ₹40 lakh ka lottery jeeta hai. Processing fee dena hoga.,1,lottery,hinglish,indian,hello sir congratulations aapne 40 lakh ka lottery jeeta hai processing fee dena hoga
Cos daddy arranging time c wat time fetch ü mah...,0,none,english,uci,cos daddy arranging time c wat time fetch mah
Sir ek minute suniye Aapka order deliver ho chuka hai. Feedback de dena.,0,none,hinglish,indian,sir ek minute suniye aapka order deliver ho chuka hai feedback de dena
Okie,0,none,english,uci,okie
Not able to do anything.,0,none,english,uci,not able to do anything
He fucking chickened out. He messaged me he would be late and woould buzz me and then I didn't hear a word from him,0,none,english,uci,he fucking chickened out he messaged me he would be late and woould buzz me and then i didn t hear a word from him
Mum ask ü to buy food home...,0,none,english,uci,mum ask to buy food home
"If i let you do this, i want you in the house by 8am.",0,none,english,uci,if i let you do this i want you in the house by 8am
Ringtone Club: Get the UK singles chart on your mobile each week and choose any top quality ringtone! This message is free of charge.,1,general_spam,english,uci,ringtone club get the uk singles chart on your mobile each week and choose any top quality ringtone this message is free of charge
So is there anything specific I should be doing with regards to jaklin or what because idk what the fuck,0,none,english,uci,so is there anything specific i should be doing with regards to jaklin or what because idk what the fuck
Hey! Congrats 2u2. id luv 2 but ive had 2 go home!,0,none,english,uci,hey congrats 2u2 id luv 2 but ive had 2 go home
Guessin you ain't gonna be here before 9?,0,none,english,uci,guessin you ain t gonna be here before 9
Did you show him and wot did he say or could u not c him 4 dust?,0,none,english,uci,did you show him and wot did he say or could u not c him 4 dust
Heehee that was so funny tho,0,none,english,uci,heehee that was so funny tho
LOL what happens in Vegas stays in vegas,0,none,english,uci,lol what happens in vegas stays in vegas
HMV BONUS SPECIAL 500 pounds of genuine HMV vouchers to be won. Just answer 4 easy questions. Play Now! Send HMV to 86688 More info:www.100percent-real.com,1,general_spam,english,uci,hmv bonus special 500 pounds of genuine hmv vouchers to be won just answer 4 easy questions play now send hmv to 86688 more info
Special Investigation Team se bol raha hoon. Aapka Aadhaar deactivate hone wala hai. Turant update kijiye.,1,aadhaar,hinglish,indian,special investigation team se bol raha hoon aapka aadhaar deactivate hone wala hai turant update kijiye
God's love has no limit. God's grace has no measure. God's power has no boundaries. May u have God's endless blessings always in ur life...!! Gud ni8,0,none,english,uci,god s love has no limit god s grace has no measure god s power has no boundaries may u have god s endless blessings always in ur life gud ni8
Hello ma'am Aapke khilaaf legal action initiate kiya gaya hai.,1,police_digital_arrest,hinglish,indian,hello ma am aapke khilaaf legal action initiate kiya gaya hai
Ultimately tor motive tui achieve korli.,0,none,english,uci,ultimately tor motive tui achieve korli
"You have won ?1,000 cash or a ?2,000 prize! To claim, call09050000327. T&C: RSTM, SW7 3SS. 150ppm",1,general_spam,english,uci,you have won 1 000 cash or a 2 000 prize to claim call09050000327 t c rstm sw7 3ss 150ppm
"Hello my boytoy ... Geeee I miss you already and I just woke up. I wish you were here in bed with me, cuddling me. I love you ...",0,none,english,uci,hello my boytoy geeee i miss you already and i just woke up i wish you were here in bed with me cuddling me i love you
"You at mu? You should try to figure out how much money everyone has for gas and alcohol, jay and I are trying to figure out our weed budget",0,none,english,uci,you at mu you should try to figure out how much money everyone has for gas and alcohol jay and i are trying to figure out our weed budget
V nice! Off 2 sheffield tom 2 air my opinions on categories 2 b used 2 measure ethnicity in next census. Busy transcribing. :-),0,none,english,uci,v nice off 2 sheffield tom 2 air my opinions on categories 2 b used 2 measure ethnicity in next census busy transcribing
Tell them no need to investigate about me anywhere.,0,none,english,uci,tell them no need to investigate about me anywhere
Yup bathe liao...,0,none,english,uci,yup bathe liao
What i told before i tell. Stupid hear after i wont tell anything to you. You dad called to my brother and spoken. Not with me.,0,none,english,uci,what i told before i tell stupid hear after i wont tell anything to you you dad called to my brother and spoken not with me
I HAVE A DATE ON SUNDAY WITH WILL!!,0,none,english,uci,i have a date on sunday with will
Ji haan suniye Aapke khilaaf legal action initiate kiya gaya hai.,1,police_digital_arrest,hinglish,indian,ji haan suniye aapke khilaaf legal action initiate kiya gaya hai
"Sorry, I can't text &amp; drive coherently, see you in twenty",0,none,english,uci,sorry i can t text drive coherently see you in twenty
Then u going ikea str aft dat?,0,none,english,uci,then u going ikea str aft dat
"Auction round 4. The highest bid is now £54. Next maximum bid is £71. To bid, send BIDS e. g. 10 (to bid £10) to 83383. Good luck.",1,general_spam,english,uci,auction round 4 the highest bid is now 54 next maximum bid is 71 to bid send bids e g 10 to bid 10 to 83383 good luck
Are you going to wipro interview today?,0,none,english,uci,are you going to wipro interview today
I got lousy sleep. I kept waking up every 2 hours to see if my cat wanted to come in. I worry about him when its cold :(,0,none,english,uci,i got lousy sleep i kept waking up every 2 hours to see if my cat wanted to come in i worry about him when its cold
"Well, I meant as opposed to my drunken night of before",0,none,english,uci,well i meant as opposed to my drunken night of before
She.s find. I sent you an offline message to know how anjola's now.,0,none,english,uci,she s find i sent you an offline message to know how anjola s now
"A bit of Ur smile is my hppnss, a drop of Ur tear is my sorrow, a part of Ur heart is my life, a heart like mine wil care for U, forevr as my GOODFRIEND",0,none,english,uci,a bit of ur smile is my hppnss a drop of ur tear is my sorrow a part of ur heart is my life a heart like mine wil care for u forevr as my goodfriend
Check mail.i have mailed varma and kept copy to you regarding membership.take care.insha allah.,0,none,english,uci,check mail i have mailed varma and kept copy to you regarding membership take care insha allah
K...k...yesterday i was in cbe .,0,none,english,uci,k k yesterday i was in cbe
Jay's getting really impatient and belligerent,0,none,english,uci,jay s getting really impatient and belligerent
"How about clothes, jewelry, and trips?",0,none,english,uci,how about clothes jewelry and trips
"Aight that'll work, thanks",0,none,english,uci,aight that ll work thanks
"cmon babe, make me horny, *turn* me on! Txt me your fantasy now babe -) Im hot, sticky and need you now. All replies cost £1.50. 2 cancel send STOP",1,general_spam,english,uci,cmon babe make me horny turn me on txt me your fantasy now babe im hot sticky and need you now all replies cost 1 50 2 cancel send stop
Wake me up at  &lt;#&gt;  am morning:),0,none,english,uci,wake me up at am morning
Happy New Year Princess!,0,none,english,uci,happy new year princess
You are a winner you have been specially selected to receive £1000 cash or a £2000 award. Speak to a live operator to claim call 087147123779am-7pm. Cost 10p,1,general_spam,english,uci,you are a winner you have been specially selected to receive 1000 cash or a 2000 award speak to a live operator to claim call 087147123779am 7pm cost 10p
Hello sir Aapka Aadhaar deactivate hone wala hai. Turant update kijiye.,1,aadhaar,hinglish,indian,hello sir aapka aadhaar deactivate hone wala hai turant update kijiye
Namaste ma'am Cab 3 minute mein pahunch raha hai.,0,none,hinglish,indian,namaste ma am cab 3 minute mein pahunch raha hai
"Forgot it takes me 3 years to shower, sorry. Where you at/your phone dead yet?",0,none,english,uci,forgot it takes me 3 years to shower sorry where you at your phone dead yet
Your account has been refilled successfully by INR  &lt;DECIMAL&gt; . Your KeralaCircle prepaid account balance is Rs  &lt;DECIMAL&gt; . Your Transaction ID is KR &lt;#&gt; .,0,none,english,uci,your account has been refilled successfully by inr your keralacircle prepaid account balance is rs your transaction id is kr
Dhyan se suniye Aapka Aadhaar deactivate hone wala hai. Turant update kijiye.,1,aadhaar,hinglish,indian,dhyan se suniye aapka aadhaar deactivate hone wala hai turant update kijiye
"Omw back to tampa from west palm, you hear what happened?",0,none,english,uci,omw back to tampa from west palm you hear what happened
"not that I know of, most people up here are still out of town",0,none,english,uci,not that i know of most people up here are still out of town
"wiskey Brandy Rum Gin Beer Vodka Scotch Shampain Wine ""KUDI""yarasu dhina vaazhthukkal. ..",0,none,english,uci,wiskey brandy rum gin beer vodka scotch shampain wine kudi yarasu dhina vaazhthukkal
"Yo, any way we could pick something up tonight?",0,none,english,uci,yo any way we could pick something up tonight
sports fans - get the latest sports news str* 2 ur mobile 1 wk FREE PLUS a FREE TONE Txt SPORT ON to 8007 www.getzed.co.uk 0870141701216+ norm 4txt/120p ,1,general_spam,english,uci,sports fans get the latest sports news str 2 ur mobile 1 wk free plus a free tone txt sport on to 8007 norm 4txt 120p
Speaking of does he have any cash yet?,0,none,english,uci,speaking of does he have any cash yet
How much you got for cleaning,0,none,english,uci,how much you got for cleaning
Nope watching tv at home... Not going out. V bored...,0,none,english,uci,nope watching tv at home not going out v bored
Do you want a New Nokia 3510i Colour Phone Delivered Tomorrow? With 200 FREE minutes to any mobile + 100 FREE text + FREE camcorder Reply or Call 8000930705,1,general_spam,english,uci,do you want a new nokia 3510i colour phone delivered tomorrow with 200 free minutes to any mobile 100 free text free camcorder reply or call
Change again... It's e one next to escalator...,0,none,english,uci,change again it s e one next to escalator
"I'm an actor. When i work, i work in the evening and sleep late. Since i'm unemployed at the moment, i ALWAYS sleep late. When you're unemployed, every day is saturday.",0,none,english,uci,i m an actor when i work i work in the evening and sleep late since i m unemployed at the moment i always sleep late when you re unemployed every day is saturday
Oh Howda gud gud.. Mathe en samachara chikku:-),0,none,english,uci,oh howda gud gud mathe en samachara chikku
hows my favourite person today? r u workin hard? couldn't sleep again last nite nearly rang u at 4.30,0,none,english,uci,hows my favourite person today r u workin hard couldn t sleep again last nite nearly rang u at 4 30
Book which lesson? then you msg me... I will call up after work or sth... I'm going to get specs. My membership is PX3748,0,none,english,uci,book which lesson then you msg me i will call up after work or sth i m going to get specs my membership is px3748
Oh shut it. Omg yesterday I had a dream that I had 2 kids both boys. I was so pissed. Not only about the kids but them being boys. I even told mark in my dream that he was changing diapers cause I'm not getting owed in the face.,0,none,english,uci,oh shut it omg yesterday i had a dream that i had 2 kids both boys i was so pissed not only about the kids but them being boys i even told mark in my dream that he was changing diapers cause i m not getting owed in the face
You made my day. Do have a great day too.,0,none,english,uci,you made my day do have a great day too
"Time n Smile r the two crucial things in our life. Sometimes time makes us to forget smile, and sometimes someone's smile makes us to forget time gud noon",0,none,english,uci,time n smile r the two crucial things in our life sometimes time makes us to forget smile and sometimes someone s smile makes us to forget time gud noon
"(No promises on when though, haven't even gotten dinner yet)",0,none,english,uci,no promises on when though haven t even gotten dinner yet
You should get more chicken broth if you want ramen unless there's some I don't know about,0,none,english,uci,you should get more chicken broth if you want ramen unless there s some i don t know about
K sure am in my relatives home. Sms me de. Pls:-),0,none,english,uci,k sure am in my relatives home sms me de pls
I got it before the new year cos yetunde said she wanted to surprise you with it but when i didnt see money i returned it mid january before the  &lt;#&gt; day return period ended.,0,none,english,uci,i got it before the new year cos yetunde said she wanted to surprise you with it but when i didnt see money i returned it mid january before the day return period ended
"Sweet, we may or may not go to 4U to meet carlos so gauge patty's interest in that",0,none,english,uci,sweet we may or may not go to 4u to meet carlos so gauge patty s interest in that
S s..first time..dhoni rocks...,0,none,english,uci,s s first time dhoni rocks
ALSO TELL HIM I SAID HAPPY BIRTHDAY,0,none,english,uci,also tell him i said happy birthday
I enjoy watching and playing football and basketball. Anything outdoors. And you?,0,none,english,uci,i enjoy watching and playing football and basketball anything outdoors and you
"Final Chance! Claim ur £150 worth of discount vouchers today! Text YES to 85023 now! SavaMob, member offers mobile! T Cs SavaMob POBOX84, M263UZ. £3.00 Subs 16",1,general_spam,english,uci,final chance claim ur 150 worth of discount vouchers today text yes to 85023 now savamob member offers mobile t cs savamob pobox84 m263uz 3 00 subs 16
CHEERS FOR CALLIN BABE.SOZI CULDNT TALKBUT I WANNATELL U DETAILS LATER WENWECAN CHAT PROPERLY X,0,none,english,uci,cheers for callin babe sozi culdnt talkbut i wannatell u details later wenwecan chat properly x
SO IS TH GOWER MATE WHICH IS WHERE I AM!?! HOW R U MAN? ALL IS GOOD IN WALES ILL B BACK MORROW. C U THIS WK? WHO WAS THE MSG 4?  RANDOM!,0,none,english,uci,so is th gower mate which is where i am how r u man all is good in wales ill b back morrow c u this wk who was the msg 4 random
"Aap sun rahe hain na? Aapke father ko accident ho gaya hai. Turant 50,000 bhej dijiye hospital ke liye.",1,relative,hinglish,indian,aap sun rahe hain na aapke father ko accident ho gaya hai turant 50 000 bhej dijiye hospital ke liye
Kindly send some one to our flat before  &lt;DECIMAL&gt;  today.,0,none,english,uci,kindly send some one to our flat before today
"Evening * v good if somewhat event laden. Will fill you in, don't you worry … Head * ok but throat * wrecked. See you at six then!",0,none,english,uci,evening v good if somewhat event laden will fill you in don t you worry head ok but throat wrecked see you at six then
GENT! We are trying to contact you. Last weekends draw shows that you won a £1000 prize GUARANTEED. Call 09064012160. Claim Code K52. Valid 12hrs only. 150ppm ,1,general_spam,english,uci,gent we are trying to contact you last weekends draw shows that you won a 1000 prize guaranteed call claim code k52 valid 12hrs only 150ppm
"Don't worry, * is easy once have ingredients!",0,none,english,uci,don t worry is easy once have ingredients
Hey i booked the kb on sat already... what other lessons are we going for ah? Keep your sat night free we need to meet and confirm our lodging ,0,none,english,uci,hey i booked the kb on sat already what other lessons are we going for ah keep your sat night free we need to meet and confirm our lodging
"Trust me. Even if isn't there, its there.",0,none,english,uci,trust me even if isn t there its there
National Cyber Cell se bol raha hoon. Aapke naam par ek criminal complaint register hui hai.,1,police_digital_arrest,hinglish,indian,national cyber cell se bol raha hoon aapke naam par ek criminal complaint register hui hai
it to 80488. Your 500 free text messages are valid until 31 December 2005.,1,general_spam,english,uci,it to 80488 your 500 free text messages are valid until 31 december 2005
Dhyan se suniye Crime Branch se bol raha hoon. Aapke account se suspicious transactions hui hain.,1,police_digital_arrest,hinglish,indian,dhyan se suniye crime branch se bol raha hoon aapke account se suspicious transactions hui hain
"National Cyber Cell se bol raha hoon. Amazon se bol raha hoon. Aapka parcel hold hai, clearance charge ₹499 dena hoga.",1,lottery,hinglish,indian,national cyber cell se bol raha hoon amazon se bol raha hoon aapka parcel hold hai clearance charge 499 dena hoga
Jus finish my lunch on my way home lor... I tot u dun wan 2 stay in sch today...,0,none,english,uci,jus finish my lunch on my way home lor i tot u dun wan 2 stay in sch today
U know we watchin at lido?,0,none,english,uci,u know we watchin at lido
Aap sun rahe hain na? Aapke phone se illegal obscene content circulate ho raha hai. Digital arrest ho sakta hai.,1,police_blackmail,hinglish,indian,aap sun rahe hain na aapke phone se illegal obscene content circulate ho raha hai digital arrest ho sakta hai
I have a sore throat. It's scratches when I talk,0,none,english,uci,i have a sore throat it s scratches when i talk
Eat jap done oso aft ur lect wat... Ü got lect at 12 rite... ,0,none,english,uci,eat jap done oso aft ur lect wat got lect at 12 rite
"No dude, its not fake..my frnds got money, thts y i'm reffering u..if u member wit my mail link, u vl be credited  &lt;#&gt; rs and il be getiing  &lt;#&gt; rs..i can draw my acc wen it is  &lt;#&gt; rs..",0,none,english,uci,no dude its not fake my frnds got money thts y i m reffering u if u member wit my mail link u vl be credited rs and il be getiing rs i can draw my acc wen it is rs
Tone Club: Your subs has now expired 2 re-sub reply MONOC 4 monos or POLYC 4 polys 1 weekly @ 150p per week Txt STOP 2 stop This msg free Stream 0871212025016,1,general_spam,english,uci,tone club your subs has now expired 2 re sub reply monoc 4 monos or polyc 4 polys 1 weekly 150p per week txt stop 2 stop this msg free stream
Your brother is a genius,0,none,english,uci,your brother is a genius
"That means you got an A in epi, she.s fine. She.s here now.",0,none,english,uci,that means you got an a in epi she s fine she s here now
Thanx...,0,none,english,uci,thanx
"Aap sun rahe hain na? Sir kal subah 10 baje meeting hai, agenda mail kar diya.",0,none,hinglish,indian,aap sun rahe hain na sir kal subah 10 baje meeting hai agenda mail kar diya
How. Its a little difficult but its a simple way to enter this place,0,none,english,uci,how its a little difficult but its a simple way to enter this place
Namaste sir Police station se bol raha hoon. Aapke mobile number se illegal messages bheje gaye hain.,1,police_digital_arrest,hinglish,indian,namaste sir police station se bol raha hoon aapke mobile number se illegal messages bheje gaye hain
Then ü wait 4 me at bus stop aft ur lect lar. If i dun c ü then i go get my car then come back n pick ü.,0,none,english,uci,then wait 4 me at bus stop aft ur lect lar if i dun c then i go get my car then come back n pick
* Will be september by then!,0,none,english,uci,will be september by then
Then why no one talking to me,0,none,english,uci,then why no one talking to me
Namaste sir Aapka KYC pending hai. Account 2 ghante mein block ho jayega. OTP share kijiye.,1,aadhaar,hinglish,indian,namaste sir aapka kyc pending hai account 2 ghante mein block ho jayega otp share kijiye
I will reach ur home in  &lt;#&gt;  minutes,0,none,english,uci,i will reach ur home in minutes
"chile, please! It's only a  &lt;DECIMAL&gt;  hour drive for me. I come down all the time and will be subletting feb-april for audition season.",0,none,english,uci,chile please it s only a hour drive for me i come down all the time and will be subletting feb april for audition season
I'll pick you up at about 5.15pm to go to taunton if you still want to come.,0,none,english,uci,i ll pick you up at about 5 15pm to go to taunton if you still want to come
"Nothing. I meant that once the money enters your account here, the bank will remove its flat rate. Someone transfered  &lt;#&gt;  to my account and  &lt;#&gt; dollars got removed. So the banks differ and charges also differ.be sure you trust the 9ja person you are sending account details to cos...",0,none,english,uci,nothing i meant that once the money enters your account here the bank will remove its flat rate someone transfered to my account and dollars got removed so the banks differ and charges also differ be sure you trust the 9ja person you are sending account details to cos
8007 25p 4 Alfie Moon's Children in Need song on ur mob. Tell ur m8s. Txt TONE CHARITY to 8007 for nokias or POLY CHARITY for polys :zed 08701417012 profit 2 charity ,1,general_spam,english,uci,8007 25p 4 alfie moon s children in need song on ur mob tell ur m8s txt tone charity to 8007 for nokias or poly charity for polys zed profit 2 charity
Sir ek minute suniye Investigation ke liye aapki identity verify karni hogi.,1,police_digital_arrest,hinglish,indian,sir ek minute suniye investigation ke liye aapki identity verify karni hogi
It has issues right now. Ill fix for her by tomorrow.,0,none,english,uci,it has issues right now ill fix for her by tomorrow
"Funny fact Nobody teaches volcanoes 2 erupt, tsunamis 2 arise, hurricanes 2 sway aroundn no 1 teaches hw 2 choose a wife Natural disasters just happens",0,none,english,uci,funny fact nobody teaches volcanoes 2 erupt tsunamis 2 arise hurricanes 2 sway aroundn no 1 teaches hw 2 choose a wife natural disasters just happens
National Cyber Cell se bol raha hoon. Aapke documents ka misuse karke financial fraud kiya gaya hai.,1,police_digital_arrest,hinglish,indian,national cyber cell se bol raha hoon aapke documents ka misuse karke financial fraud kiya gaya hai
Aap sun rahe hain na? Aapka Aadhaar deactivate hone wala hai. Turant update kijiye.,1,amazon,hinglish,indian,aap sun rahe hain na aapka aadhaar deactivate hone wala hai turant update kijiye
The beauty of life is in next second.. which hides thousands of secrets. I wish every second will be wonderful in ur life...!! gud n8,0,none,english,uci,the beauty of life is in next second which hides thousands of secrets i wish every second will be wonderful in ur life gud n8
Namaste ma'am Aapke phone se illegal obscene content circulate ho raha hai. Digital arrest ho sakta hai.,1,police_blackmail,hinglish,indian,namaste ma am aapke phone se illegal obscene content circulate ho raha hai digital arrest ho sakta hai
Hey i will be really pretty late... You want to go for the lesson first? I will join you. I'm only reaching tp mrt,0,none,english,uci,hey i will be really pretty late you want to go for the lesson first i will join you i m only reaching tp mrt
Namaste sir Aapko investigation officer se turant baat karni hogi.,1,police_digital_arrest,hinglish,indian,namaste sir aapko investigation officer se turant baat karni hogi
"I‘ll leave around four, ok?",0,none,english,uci,i ll leave around four ok
Leave it wif me lar... Ü wan to carry meh so heavy... Is da num 98321561 familiar to ü?,0,none,english,uci,leave it wif me lar wan to carry meh so heavy is da num familiar to
Namaste ma'am National Cyber Cell se bol raha hoon. Verification ke liye cooperate kijiye.,1,police_digital_arrest,hinglish,indian,namaste ma am national cyber cell se bol raha hoon verification ke liye cooperate kijiye
Ji haan suniye Aapke naam par registered SIM ka misuse report hua hai.,1,police_digital_arrest,hinglish,indian,ji haan suniye aapke naam par registered sim ka misuse report hua hai
Y so late but i need to go n get da laptop...,0,none,english,uci,y so late but i need to go n get da laptop
You have 1 new message. Call 0207-083-6089,1,general_spam,english,uci,you have 1 new message call 0207 083 6089
I wanted to ask ü to wait 4 me to finish lect. Cos my lect finishes in an hour anyway.,0,none,english,uci,i wanted to ask to wait 4 me to finish lect cos my lect finishes in an hour anyway
Sir send to group mail check it.,0,none,english,uci,sir send to group mail check it
On the way to office da..,0,none,english,uci,on the way to office da
Its good to hear from you,0,none,english,uci,its good to hear from you
Aight sorry I take ten years to shower. What's the plan?,0,none,english,uci,aight sorry i take ten years to shower what s the plan
Jus finish blowing my hair. U finish dinner already?,0,none,english,uci,jus finish blowing my hair u finish dinner already
Dhyan se suniye Aapka bank account investigation ke dauran freeze kiya ja sakta hai.,1,police_digital_arrest,hinglish,indian,dhyan se suniye aapka bank account investigation ke dauran freeze kiya ja sakta hai
Madam ek minute Congratulations! Aapne ₹40 lakh ka lottery jeeta hai. Processing fee dena hoga.,1,aadhaar,hinglish,indian,madam ek minute congratulations aapne 40 lakh ka lottery jeeta hai processing fee dena hoga
Aiyar sorry lor forgot 2 tell u...,0,none,english,uci,aiyar sorry lor forgot 2 tell u
"I just got home babe, are you still awake ?",0,none,english,uci,i just got home babe are you still awake
"CBI se bol raha hoon. Amazon se bol raha hoon. Aapka parcel hold hai, clearance charge ₹499 dena hoga.",1,amazon,hinglish,indian,cbi se bol raha hoon amazon se bol raha hoon aapka parcel hold hai clearance charge 499 dena hoga
Crime Branch se bol raha hoon. Aapke khilaaf legal action initiate kiya gaya hai.,1,police_digital_arrest,hinglish,indian,crime branch se bol raha hoon aapke khilaaf legal action initiate kiya gaya hai
83039 62735=£450 UK Break AccommodationVouchers terms & conditions apply. 2 claim you mustprovide your claim number which is 15541 ,1,general_spam,english,uci,83039 62735 450 uk break accommodationvouchers terms conditions apply 2 claim you mustprovide your claim number which is 15541
Thts god's gift for birds as humans hav some natural gift frm god..,0,none,english,uci,thts god s gift for birds as humans hav some natural gift frm god
Long beach lor. Expected... U having dinner now?,0,none,english,uci,long beach lor expected u having dinner now
Huh so fast... Dat means u havent finished painting?,0,none,english,uci,huh so fast dat means u havent finished painting
It will stop on itself. I however suggest she stays with someone that will be able to give ors for every stool.,0,none,english,uci,it will stop on itself i however suggest she stays with someone that will be able to give ors for every stool
I come n pick ü up... Come out immediately aft ur lesson...,0,none,english,uci,i come n pick up come out immediately aft ur lesson
Wanna get laid 2nite? Want real Dogging locations sent direct to ur mobile? Join the UK's largest Dogging Network. Txt PARK to 69696 now! Nyt. ec2a. 3lp £1.50/msg,1,general_spam,english,uci,wanna get laid 2nite want real dogging locations sent direct to ur mobile join the uk s largest dogging network txt park to 69696 now nyt ec2a 3lp 1 50 msg
Cyber Crime Department se bol raha hoon. Aapka Aadhaar deactivate hone wala hai. Turant update kijiye.,1,aadhaar,hinglish,indian,cyber crime department se bol raha hoon aapka aadhaar deactivate hone wala hai turant update kijiye
Ji namaskar Aapki morphed photos viral ho rahi hain. Cyber cell ne case register kar liya hai.,1,police_blackmail,hinglish,indian,ji namaskar aapki morphed photos viral ho rahi hain cyber cell ne case register kar liya hai
In that case I guess I'll see you at campus lodge,0,none,english,uci,in that case i guess i ll see you at campus lodge
Love it! The girls at the office may wonder why you are smiling but sore...,0,none,english,uci,love it the girls at the office may wonder why you are smiling but sore
Easy ah?sen got selected means its good..,0,none,english,uci,easy ah sen got selected means its good
"Dude. What's up. How Teresa. Hope you have been okay. When i didnt hear from these people, i called them and they had received the package since dec  &lt;#&gt; . Just thot you'ld like to know. Do have a fantastic year and all the best with your reading. Plus if you can really really Bam first aid for Usmle, then your work is done.",0,none,english,uci,dude what s up how teresa hope you have been okay when i didnt hear from these people i called them and they had received the package since dec just thot you ld like to know do have a fantastic year and all the best with your reading plus if you can really really bam first aid for usmle then your work is done
Yup... From what i remb... I think should be can book... ,0,none,english,uci,yup from what i remb i think should be can book
"Haha good to hear, I'm officially paid and on the market for an 8th",0,none,english,uci,haha good to hear i m officially paid and on the market for an 8th
You have got tallent but you are wasting.,0,none,english,uci,you have got tallent but you are wasting
"URGENT, IMPORTANT INFORMATION FOR O2 USER. TODAY IS YOUR LUCKY DAY! 2 FIND OUT WHY LOG ONTO HTTP://WWW.URAWINNER.COM THERE IS A FANTASTIC SURPRISE AWAITING FOR YOU",1,general_spam,english,uci,urgent important information for o2 user today is your lucky day 2 find out why log onto there is a fantastic surprise awaiting for you
We still on for tonight?,0,none,english,uci,we still on for tonight
I know but you need to get hotel now. I just got my invitation but i had to apologise. Cali is to sweet for me to come to some english bloke's weddin,0,none,english,uci,i know but you need to get hotel now i just got my invitation but i had to apologise cali is to sweet for me to come to some english bloke s weddin
XMAS iscoming & ur awarded either £500 CD gift vouchers & free entry 2 r £100 weekly draw txt MUSIC to 87066 TnC www.Ldew.com1win150ppmx3age16subscription ,1,general_spam,english,uci,xmas iscoming ur awarded either 500 cd gift vouchers free entry 2 r 100 weekly draw txt music to 87066 tnc
"Good good, billy mates all gone. Just been jogging, again! Did enjoy concert?",0,none,english,uci,good good billy mates all gone just been jogging again did enjoy concert
Welcome! Please reply with your AGE and GENDER to begin. e.g 24M,1,general_spam,english,uci,welcome please reply with your age and gender to begin e g 24m
OH FUCK. JUSWOKE UP IN A BED ON A BOATIN THE DOCKS. SLEPT WID 25 YEAR OLD. SPINOUT! GIV U DA GOSSIP L8R. XXX,0,none,english,uci,oh fuck juswoke up in a bed on a boatin the docks slept wid 25 year old spinout giv u da gossip l8r xxx
You've always been the brainy one.,0,none,english,uci,you ve always been the brainy one
"Playin space poker, u?",0,none,english,uci,playin space poker u
Lol! U drunkard! Just doing my hair at d moment. Yeah still up 4 tonight. Wats the plan? ,0,none,english,uci,lol u drunkard just doing my hair at d moment yeah still up 4 tonight wats the plan
Ok lor thanx... Ü in school?,0,none,english,uci,ok lor thanx in school
You are a winner U have been specially selected 2 receive £1000 cash or a 4* holiday (flights inc) speak to a live operator 2 claim 0871277810810,1,general_spam,english,uci,you are a winner u have been specially selected 2 receive 1000 cash or a 4 holiday flights inc speak to a live operator 2 claim
Madam ek minute Aapka Aadhaar deactivate hone wala hai. Turant update kijiye.,1,bank_kyc,hinglish,indian,madam ek minute aapka aadhaar deactivate hone wala hai turant update kijiye
Namaste sir Congratulations! Aapne ₹40 lakh ka lottery jeeta hai. Processing fee dena hoga.,1,aadhaar,hinglish,indian,namaste sir congratulations aapne 40 lakh ka lottery jeeta hai processing fee dena hoga
R u saying i should re order the slippers cos i had to pay for returning it.,0,none,english,uci,r u saying i should re order the slippers cos i had to pay for returning it
Now press conference da:),0,none,english,uci,now press conference da
Thnx dude. u guys out 2nite?,0,none,english,uci,thnx dude u guys out 2nite
Namaste sir Aapka Aadhaar deactivate hone wala hai. Turant update kijiye.,1,amazon,hinglish,indian,namaste sir aapka aadhaar deactivate hone wala hai turant update kijiye
That would be great. We'll be at the Guild. Could meet on Bristol road or somewhere - will get in touch over weekend. Our plans take flight! Have a good week,0,none,english,uci,that would be great we ll be at the guild could meet on bristol road or somewhere will get in touch over weekend our plans take flight have a good week
Have you finished work yet? :),0,none,english,uci,have you finished work yet
I'm meeting Darren...,0,none,english,uci,i m meeting darren
"National Cyber Cell se bol raha hoon. Aapke father ko accident ho gaya hai. Turant 50,000 bhej dijiye hospital ke liye.",1,lottery,hinglish,indian,national cyber cell se bol raha hoon aapke father ko accident ho gaya hai turant 50 000 bhej dijiye hospital ke liye
Where's mummy's boy ? Is he being good or bad ? Is he being positive or negative ? Why is mummy being made to wait? Hmmmm?,0,none,english,uci,where s mummy s boy is he being good or bad is he being positive or negative why is mummy being made to wait hmmmm
Do you want a new video handset? 750 anytime any network mins? Half Price Line Rental? Camcorder? Reply or call 08000930705 for delivery tomorrow,1,general_spam,english,uci,do you want a new video handset 750 anytime any network mins half price line rental camcorder reply or call for delivery tomorrow
Namaste ma'am Congratulations! Aapne ₹40 lakh ka lottery jeeta hai. Processing fee dena hoga.,1,relative,hinglish,indian,namaste ma am congratulations aapne 40 lakh ka lottery jeeta hai processing fee dena hoga
K I'll call you when I'm close,0,none,english,uci,k i ll call you when i m close
"HOT LIVE FANTASIES call now 08707500020 Just 20p per min NTT Ltd, PO Box 1327 Croydon CR9 5WB 0870 is a national rate call",1,general_spam,english,uci,hot live fantasies call now just 20p per min ntt ltd po box 1327 croydon cr9 5wb 0870 is a national rate call
Anything lor. Juz both of us lor.,0,none,english,uci,anything lor juz both of us lor
Maybe i could get book out tomo then return it immediately ..? Or something.,0,none,english,uci,maybe i could get book out tomo then return it immediately or something
National Cyber Cell se bol raha hoon. Aapke Aadhaar card ka istemal karke fake SIM issue ki gayi hai.,1,police_digital_arrest,hinglish,indian,national cyber cell se bol raha hoon aapke aadhaar card ka istemal karke fake sim issue ki gayi hai
"Sweetheart, hope you are not having that kind of day! Have one with loads of reasons to smile. Biola",0,none,english,uci,sweetheart hope you are not having that kind of day have one with loads of reasons to smile biola
Well boy am I glad G wasted all night at applebees for nothing,0,none,english,uci,well boy am i glad g wasted all night at applebees for nothing
Usually the body takes care of it buy making sure it doesnt progress. Can we pls continue this talk on saturday.,0,none,english,uci,usually the body takes care of it buy making sure it doesnt progress can we pls continue this talk on saturday
Kit Strip - you have been billed 150p. Netcollex Ltd. PO Box 1013 IG11 OJA,1,general_spam,english,uci,kit strip you have been billed 150p netcollex ltd po box 1013 ig11 oja
Are you driving or training?,0,none,english,uci,are you driving or training
No probably  &lt;#&gt; %.,0,none,english,uci,no probably
Bognor it is! Should be splendid at this time of year.,0,none,english,uci,bognor it is should be splendid at this time of year
Ok then i come n pick u at engin?,0,none,english,uci,ok then i come n pick u at engin
Hello ma'am Aapka Aadhaar deactivate hone wala hai. Turant update kijiye.,1,aadhaar,hinglish,indian,hello ma am aapka aadhaar deactivate hone wala hai turant update kijiye
There generally isn't one. It's an uncountable noun - u in the dictionary. pieces of research?,0,none,english,uci,there generally isn t one it s an uncountable noun u in the dictionary pieces of research
You bad girl. I can still remember them,0,none,english,uci,you bad girl i can still remember them
Thought we could go out for dinner. I'll treat you! Seem ok?,0,none,english,uci,thought we could go out for dinner i ll treat you seem ok
Its ok my arm is feeling weak cuz i got a shot so we can go another time,0,none,english,uci,its ok my arm is feeling weak cuz i got a shot so we can go another time
Did u find out what time the bus is at coz i need to sort some stuff out.,0,none,english,uci,did u find out what time the bus is at coz i need to sort some stuff out
"Thanks for your ringtone order, ref number K718. Your mobile will be charged £4.50. Should your tone not arrive please call customer services on 09065069120",1,general_spam,english,uci,thanks for your ringtone order ref number k718 your mobile will be charged 4 50 should your tone not arrive please call customer services on
"Delhi Police se bol raha hoon. Aapke father ko accident ho gaya hai. Turant 50,000 bhej dijiye hospital ke liye.",1,bank_kyc,hinglish,indian,delhi police se bol raha hoon aapke father ko accident ho gaya hai turant 50 000 bhej dijiye hospital ke liye
I meant as an apology from me for texting you to get me drugs at  &lt;#&gt; at night,0,none,english,uci,i meant as an apology from me for texting you to get me drugs at at night
Your dad is back in ph?,0,none,english,uci,your dad is back in ph
Hi kindly give us back our documents which we submitted for loan from STAPATI,0,none,english,uci,hi kindly give us back our documents which we submitted for loan from stapati
But i have to. I like to have love and arrange.,0,none,english,uci,but i have to i like to have love and arrange
I did. One slice and one breadstick. Lol,0,none,english,uci,i did one slice and one breadstick lol
"Good morning, im suffering from fever and dysentry ..will not be able to come to office today.",0,none,english,uci,good morning im suffering from fever and dysentry will not be able to come to office today
Today iZ Yellow rose day. If u love my frndship give me 1 misscall &amp; send this to ur frndZ &amp; See how many miss calls u get. If u get 6missed U marry ur Lover.,0,none,english,uci,today iz yellow rose day if u love my frndship give me 1 misscall send this to ur frndz see how many miss calls u get if u get 6missed u marry ur lover
Hello ji Congratulations! Aapne ₹40 lakh ka lottery jeeta hai. Processing fee dena hoga.,1,bank_kyc,hinglish,indian,hello ji congratulations aapne 40 lakh ka lottery jeeta hai processing fee dena hoga
Crime Branch se bol raha hoon. Ek gang aapke number ka misuse karke gande videos bana raha hai. Turant verify karna hoga.,1,police_blackmail,hinglish,indian,crime branch se bol raha hoon ek gang aapke number ka misuse karke gande videos bana raha hai turant verify karna hoga
Mathews or tait or edwards or anderson,0,none,english,uci,mathews or tait or edwards or anderson
Did u fix the teeth?if not do it asap.ok take care.,0,none,english,uci,did u fix the teeth if not do it asap ok take care
"Sppok up ur mob with a Halloween collection of nokia logo&pic message plus a FREE eerie tone, txt CARD SPOOK to 8007",1,general_spam,english,uci,sppok up ur mob with a halloween collection of nokia logo pic message plus a free eerie tone txt card spook to 8007
Lol! Nah wasn't too bad thanks. Its good to b home but its been quite a reality check. Hows ur day been? Did u do anything with website?,0,none,english,uci,lol nah wasn t too bad thanks its good to b home but its been quite a reality check hows ur day been did u do anything with website
"Aldrine, rakhesh ex RTM here.pls call.urgent.",0,none,english,uci,aldrine rakhesh ex rtm here pls call urgent
One of the joys in lifeis waking up each daywith thoughts that somewhereSomeone cares enough tosend a warm morning greeting.. -,0,none,english,uci,one of the joys in lifeis waking up each daywith thoughts that somewheresomeone cares enough tosend a warm morning greeting
"Me not waking up until 4 in the afternoon, sup",0,none,english,uci,me not waking up until 4 in the afternoon sup
Is fujitsu s series lifebook good?,0,none,english,uci,is fujitsu s series lifebook good
"By march ending, i should be ready. But will call you for sure. The problem is that my capital never complete. How far with you. How's work and the ladies",0,none,english,uci,by march ending i should be ready but will call you for sure the problem is that my capital never complete how far with you how s work and the ladies
Nothing lor... A bit bored too... Then y dun u go home early 2 sleep today...,0,none,english,uci,nothing lor a bit bored too then y dun u go home early 2 sleep today
"Height of Confidence: All the Aeronautics professors wer calld &amp; they wer askd 2 sit in an aeroplane. Aftr they sat they wer told dat the plane ws made by their students. Dey all hurried out of d plane.. Bt only 1 didnt move... He said:""if it is made by my students,this wont even start........ Datz confidence..",0,none,english,uci,height of confidence all the aeronautics professors wer calld they wer askd 2 sit in an aeroplane aftr they sat they wer told dat the plane ws made by their students dey all hurried out of d plane bt only 1 didnt move he said if it is made by my students this wont even start datz confidence
On the road so cant txt,0,none,english,uci,on the road so cant txt
Ü no home work to do meh... ,0,none,english,uci,no home work to do meh
Sorry i'm not free...,0,none,english,uci,sorry i m not free
Ok. Very good. Its all about making that money.,0,none,english,uci,ok very good its all about making that money
HEY DAS COOL... IKNOW ALL 2 WELLDA PERIL OF STUDENTFINANCIAL CRISIS!SPK 2 U L8R.,0,none,english,uci,hey das cool iknow all 2 wellda peril of studentfinancial crisis spk 2 u l8r
"Huh... Hyde park not in mel ah, opps, got confused... Anyway, if tt's e best choice den we juz have to take it...",0,none,english,uci,huh hyde park not in mel ah opps got confused anyway if tt s e best choice den we juz have to take it
"500 New Mobiles from 2004, MUST GO! Txt: NOKIA to No: 89545 & collect yours today!From ONLY £1 www.4-tc.biz 2optout 087187262701.50gbp/mtmsg18 TXTAUCTION",1,general_spam,english,uci,500 new mobiles from 2004 must go txt nokia to no 89545 collect yours today from only 1 2optout 50gbp mtmsg18 txtauction
"Jane babes not goin 2 wrk, feel ill after lst nite. Foned in already cover 4 me chuck.:-)",0,none,english,uci,jane babes not goin 2 wrk feel ill after lst nite foned in already cover 4 me chuck
I gotta collect da car at 6 lei.,0,none,english,uci,i gotta collect da car at 6 lei
I dont know exactly could you ask chechi.,0,none,english,uci,i dont know exactly could you ask chechi
I miss you so much I'm so desparate I have recorded the message you left for me the other day and listen to it just to hear the sound of your voice. I love you,0,none,english,uci,i miss you so much i m so desparate i have recorded the message you left for me the other day and listen to it just to hear the sound of your voice i love you
"Hello ji Aapke father ko accident ho gaya hai. Turant 50,000 bhej dijiye hospital ke liye.",1,bank_kyc,hinglish,indian,hello ji aapke father ko accident ho gaya hai turant 50 000 bhej dijiye hospital ke liye
Ok no prob... I'll come after lunch then...,0,none,english,uci,ok no prob i ll come after lunch then
Dude we should go sup again,0,none,english,uci,dude we should go sup again
Oh k.i think most of wi and nz players unsold.,0,none,english,uci,oh k i think most of wi and nz players unsold
Annoying isn't it.,0,none,english,uci,annoying isn t it
Hey you around? I've got enough for a half + the ten I owe you,0,none,english,uci,hey you around i ve got enough for a half the ten i owe you
He needs to stop going to bed and make with the fucking dealing,0,none,english,uci,he needs to stop going to bed and make with the fucking dealing
If you're not in my car in an hour and a half I'm going apeshit,0,none,english,uci,if you re not in my car in an hour and a half i m going apeshit
Not..tel software name..,0,none,english,uci,not tel software name
I dont. Can you send it to me. Plus how's mode.,0,none,english,uci,i dont can you send it to me plus how s mode
I hope your pee burns tonite.,0,none,english,uci,i hope your pee burns tonite
Hello ji Aapka Aadhaar deactivate hone wala hai. Turant update kijiye.,1,amazon,hinglish,indian,hello ji aapka aadhaar deactivate hone wala hai turant update kijiye
Are you available for soiree on June 3rd?,0,none,english,uci,are you available for soiree on june 3rd
Many more happy returns of the day. I wish you happy birthday.,0,none,english,uci,many more happy returns of the day i wish you happy birthday
"What do u reckon as need 2 arrange transport if u can't do it, thanks",0,none,english,uci,what do u reckon as need 2 arrange transport if u can t do it thanks
"Hey sorry I didntgive ya a a bellearlier hunny,just been in bedbut mite go 2 thepub l8tr if uwana mt up?loads a luv Jenxxx.",0,none,english,uci,hey sorry i didntgive ya a a bellearlier hunny just been in bedbut mite go 2 thepub l8tr if uwana mt up loads a luv jenxxx
Shopping? Eh ger i toking abt syd leh...Haha,0,none,english,uci,shopping eh ger i toking abt syd leh haha
I sent your maga that money yesterday oh.,0,none,english,uci,i sent your maga that money yesterday oh
I'm very happy for you babe ! Woo hoo party on dude!,0,none,english,uci,i m very happy for you babe woo hoo party on dude
Tomarrow final hearing on my laptop case so i cant.,0,none,english,uci,tomarrow final hearing on my laptop case so i cant
Cyber Crime Department se bol raha hoon. Aapka KYC pending hai. Account 2 ghante mein block ho jayega. OTP share kijiye.,1,lottery,hinglish,indian,cyber crime department se bol raha hoon aapka kyc pending hai account 2 ghante mein block ho jayega otp share kijiye
Police headquarters se bol raha hoon. Aapka bank account investigation ke dauran freeze kiya ja sakta hai.,1,police_digital_arrest,hinglish,indian,police headquarters se bol raha hoon aapka bank account investigation ke dauran freeze kiya ja sakta hai
May b approve panalam...but it should have more posts..,0,none,english,uci,may b approve panalam but it should have more posts
"Namaste sir Aapke father ko accident ho gaya hai. Turant 50,000 bhej dijiye hospital ke liye.",1,aadhaar,hinglish,indian,namaste sir aapke father ko accident ho gaya hai turant 50 000 bhej dijiye hospital ke liye
"Namaste ma'am Mummy main office pahunch gaya, aaj thoda late ho jaunga.",0,none,hinglish,indian,namaste ma am mummy main office pahunch gaya aaj thoda late ho jaunga
I think that tantrum's finished so yeah I'll be by at some point,0,none,english,uci,i think that tantrum s finished so yeah i ll be by at some point
Oh all have to come ah?,0,none,english,uci,oh all have to come ah
Crime Branch se bol raha hoon. Aapke naam par money laundering case register hua hai.,1,police_digital_arrest,hinglish,indian,crime branch se bol raha hoon aapke naam par money laundering case register hua hai
S:)but he had some luck.2 catches put down:),0,none,english,uci,s but he had some luck 2 catches put down
"I know dat feelin had it with Pete! Wuld get with em , nuther place nuther time mayb?",0,none,english,uci,i know dat feelin had it with pete wuld get with em nuther place nuther time mayb
Oh god..taken the teeth?is it paining,0,none,english,uci,oh god taken the teeth is it paining
"Hi. Hope ur day * good! Back from walk, table booked for half eight. Let me know when ur coming over.",0,none,english,uci,hi hope ur day good back from walk table booked for half eight let me know when ur coming over
Ard 4 lor...,0,none,english,uci,ard 4 lor
Well obviously not because all the people in my cool college life went home ;_;,0,none,english,uci,well obviously not because all the people in my cool college life went home
Da is good good player.why he is unsold.,0,none,english,uci,da is good good player why he is unsold
If you hear a loud scream in about &lt;#&gt; minutes its cause my Gyno will be shoving things up me that don't belong :/,0,none,english,uci,if you hear a loud scream in about minutes its cause my gyno will be shoving things up me that don t belong
"Not really dude, have no friends i'm afraid :(",0,none,english,uci,not really dude have no friends i m afraid
ACP Sharma bol raha hoon. Aapka KYC pending hai. Account 2 ghante mein block ho jayega. OTP share kijiye.,1,amazon,hinglish,indian,acp sharma bol raha hoon aapka kyc pending hai account 2 ghante mein block ho jayega otp share kijiye
Ok lor... But buy wat?,0,none,english,uci,ok lor but buy wat
"Thanks for your ringtone order, reference number X49.Your mobile will be charged 4.50. Should your tone not arrive please call customer services 09065989182",1,general_spam,english,uci,thanks for your ringtone order reference number x49 your mobile will be charged 4 50 should your tone not arrive please call customer services
Let me know if you need anything else. Salad or desert or something... How many beers shall i get?,0,none,english,uci,let me know if you need anything else salad or desert or something how many beers shall i get
Dhyan se suniye Congratulations! Aapne ₹40 lakh ka lottery jeeta hai. Processing fee dena hoga.,1,amazon,hinglish,indian,dhyan se suniye congratulations aapne 40 lakh ka lottery jeeta hai processing fee dena hoga
In other news after hassling me to get him weed for a week andres has no money. HAUGHAIGHGTUJHYGUJ,0,none,english,uci,in other news after hassling me to get him weed for a week andres has no money haughaighgtujhyguj
Just trying to figure out when I'm suppose to see a couple different people this week. We said we'd get together but I didn't set dates,0,none,english,uci,just trying to figure out when i m suppose to see a couple different people this week we said we d get together but i didn t set dates
With my sis lor... We juz watched italian job.,0,none,english,uci,with my sis lor we juz watched italian job
Lol ok your forgiven :),0,none,english,uci,lol ok your forgiven
Howz pain?hope u r fine..,0,none,english,uci,howz pain hope u r fine
Inspector Rajesh Kumar bol raha hoon. Congratulations! Aapne ₹40 lakh ka lottery jeeta hai. Processing fee dena hoga.,1,aadhaar,hinglish,indian,inspector rajesh kumar bol raha hoon congratulations aapne 40 lakh ka lottery jeeta hai processing fee dena hoga
Ok lor ü reaching then message me.,0,none,english,uci,ok lor reaching then message me
"u r subscribed 2 TEXTCOMP 250 wkly comp. 1st wk?s free question follows, subsequent wks charged@150p/msg.2 unsubscribe txt STOP 2 84128,custcare 08712405020",1,general_spam,english,uci,u r subscribed 2 textcomp 250 wkly comp 1st wk s free question follows subsequent wks unsubscribe txt stop 2 84128 custcare
"St andre, virgil's cream",0,none,english,uci,st andre virgil s cream
"Just got part Nottingham - 3 hrs 63miles. Good thing i love my man so much, but only doing 40mph. Hey ho",0,none,english,uci,just got part nottingham 3 hrs 63miles good thing i love my man so much but only doing 40mph hey ho
I hate when she does this. She turns what should be a fun shopping trip into an annoying day of how everything would look in her house.,0,none,english,uci,i hate when she does this she turns what should be a fun shopping trip into an annoying day of how everything would look in her house
"Did he say how fantastic I am by any chance, or anything need a bigger life lift as losing the will 2 live, do you think I would be the first person 2 die from N V Q? ",0,none,english,uci,did he say how fantastic i am by any chance or anything need a bigger life lift as losing the will 2 live do you think i would be the first person 2 die from n v q
I don wake since. I checked that stuff and saw that its true no available spaces. Pls call the embassy or send a mail to them.,0,none,english,uci,i don wake since i checked that stuff and saw that its true no available spaces pls call the embassy or send a mail to them
"Mostly sports type..lyk footbl,crckt..",0,none,english,uci,mostly sports type lyk footbl crckt
National Cyber Cell se bol raha hoon. Aapka KYC pending hai. Account 2 ghante mein block ho jayega. OTP share kijiye.,1,lottery,hinglish,indian,national cyber cell se bol raha hoon aapka kyc pending hai account 2 ghante mein block ho jayega otp share kijiye
Depends on individual lor e hair dresser say pretty but my parents say look gong. U kaypoh.. I also dunno wat she collecting.,0,none,english,uci,depends on individual lor e hair dresser say pretty but my parents say look gong u kaypoh i also dunno wat she collecting
Oh great. I.ll disturb him more so that we can talk.,0,none,english,uci,oh great i ll disturb him more so that we can talk
Great. P diddy is my neighbor and comes for toothpaste every morning,0,none,english,uci,great p diddy is my neighbor and comes for toothpaste every morning
Sunshine Quiz! Win a super Sony DVD recorder if you canname the capital of Australia? Text MQUIZ to 82277. B,1,general_spam,english,uci,sunshine quiz win a super sony dvd recorder if you canname the capital of australia text mquiz to 82277 b
Jay says that you're a double-faggot,0,none,english,uci,jay says that you re a double faggot
No dear i do have free messages without any recharge. Hi hi hi,0,none,english,uci,no dear i do have free messages without any recharge hi hi hi
Super da:)good replacement for murali,0,none,english,uci,super da good replacement for murali
Hope you are feeling great. Pls fill me in. Abiola,0,none,english,uci,hope you are feeling great pls fill me in abiola
K...k:)why cant you come here and search job:),0,none,english,uci,k k why cant you come here and search job
"Yeah, I'll leave in a couple minutes &amp; let you know when I get to mu",0,none,english,uci,yeah i ll leave in a couple minutes let you know when i get to mu
"Dhyan se suniye Amazon se bol raha hoon. Aapka parcel hold hai, clearance charge ₹499 dena hoga.",1,bank_kyc,hinglish,indian,dhyan se suniye amazon se bol raha hoon aapka parcel hold hai clearance charge 499 dena hoga
Namaste ma'am Aapke WhatsApp se ladies ko asleel messages bheje ja rahe hain. Aapko suspect maana ja raha hai.,1,police_blackmail,hinglish,indian,namaste ma am aapke whatsapp se ladies ko asleel messages bheje ja rahe hain aapko suspect maana ja raha hai
How much did ur hdd casing cost.,0,none,english,uci,how much did ur hdd casing cost
I will cme i want to go to hos 2morow. After that i wil cme. This what i got from her dear what to do. She didnt say any time,0,none,english,uci,i will cme i want to go to hos 2morow after that i wil cme this what i got from her dear what to do she didnt say any time
On ma way to school. Can you pls send me ashley's number,0,none,english,uci,on ma way to school can you pls send me ashley s number
"Police headquarters se bol raha hoon. Aapke father ko accident ho gaya hai. Turant 50,000 bhej dijiye hospital ke liye.",1,lottery,hinglish,indian,police headquarters se bol raha hoon aapke father ko accident ho gaya hai turant 50 000 bhej dijiye hospital ke liye
Did you get any gift? This year i didnt get anything. So bad,0,none,english,uci,did you get any gift this year i didnt get anything so bad
"Well, i'm gonna finish my bath now. Have a good...fine night.",0,none,english,uci,well i m gonna finish my bath now have a good fine night
FreeMsg: Hey - I'm Buffy. 25 and love to satisfy men. Home alone feeling randy. Reply 2 C my PIX! QlynnBV Help08700621170150p a msg Send stop to stop txts,1,general_spam,english,uci,freemsg hey i m buffy 25 and love to satisfy men home alone feeling randy reply 2 c my pix qlynnbv help08700621170150p a msg send stop to stop txts
Tell me whos this pls:-),0,none,english,uci,tell me whos this pls
CBI se bol raha hoon. Ek gang aapke number ka misuse karke gande videos bana raha hai. Turant verify karna hoga.,1,police_blackmail,hinglish,indian,cbi se bol raha hoon ek gang aapke number ka misuse karke gande videos bana raha hai turant verify karna hoga
Dun need to use dial up juz open da browser n surf...,0,none,english,uci,dun need to use dial up juz open da browser n surf
Hello ji Investigation ke liye aapki identity verify karni hogi.,1,police_digital_arrest,hinglish,indian,hello ji investigation ke liye aapki identity verify karni hogi
Wishing you a beautiful day. Each moment revealing even more things to keep you smiling. Do enjoy it.,0,none,english,uci,wishing you a beautiful day each moment revealing even more things to keep you smiling do enjoy it
Our ride equally uneventful - not too many of those pesky cyclists around at that time of night ;).,0,none,english,uci,our ride equally uneventful not too many of those pesky cyclists around at that time of night
URGENT! Your Mobile number has been awarded a <UKP>2000 prize GUARANTEED. Call 09061790125 from landline. Claim 3030. Valid 12hrs only 150ppm,1,general_spam,english,uci,urgent your mobile number has been awarded a 2000 prize guaranteed call from landline claim 3030 valid 12hrs only 150ppm
Blank is Blank. But wat is blank? Lol,0,none,english,uci,blank is blank but wat is blank lol
"Goodnight, sleep well da please take care pa. Please.",0,none,english,uci,goodnight sleep well da please take care pa please
I think u have the wrong number.,0,none,english,uci,i think u have the wrong number
I need you to be in my strong arms...,0,none,english,uci,i need you to be in my strong arms
"Well, i'm glad you didn't find it totally disagreeable ... Lol",0,none,english,uci,well i m glad you didn t find it totally disagreeable lol
Sad story of a Man - Last week was my b'day. My Wife did'nt wish me. My Parents forgot n so did my Kids . I went to work. Even my Colleagues did not wish.,0,none,english,uci,sad story of a man last week was my b day my wife did nt wish me my parents forgot n so did my kids i went to work even my colleagues did not wish
22 days to kick off! For Euro2004 U will be kept up to date with the latest news and results daily. To be removed send GET TXT STOP to 83222,1,general_spam,english,uci,22 days to kick off for euro2004 u will be kept up to date with the latest news and results daily to be removed send get txt stop to 83222
"Sorry,  in meeting I'll call you later",0,none,english,uci,sorry in meeting i ll call you later
Aiyo u so poor thing... Then u dun wan 2 eat? U bathe already?,0,none,english,uci,aiyo u so poor thing then u dun wan 2 eat u bathe already
"K.. I yan jiu liao... Sat we can go 4 bugis vill one frm 10 to 3 den hop to parco 4 nb. Sun can go cine frm 1030 to 2, den hop to orc mrt 4 hip hop at 4...",0,none,english,uci,k i yan jiu liao sat we can go 4 bugis vill one frm 10 to 3 den hop to parco 4 nb sun can go cine frm 1030 to 2 den hop to orc mrt 4 hip hop at 4
"I jus hope its true that  missin me cos i'm really missin him! You haven't done anything to feel guilty about, yet.",0,none,english,uci,i jus hope its true that missin me cos i m really missin him you haven t done anything to feel guilty about yet
Sorry. || mail? || ,0,none,english,uci,sorry mail
Urgent Ur £500 guaranteed award is still unclaimed! Call 09066368327 NOW closingdate04/09/02 claimcode M39M51 £1.50pmmorefrommobile2Bremoved-MobyPOBox734LS27YF,1,general_spam,english,uci,urgent ur 500 guaranteed award is still unclaimed call now closingdate04 09 02 claimcode m39m51 1 50pmmorefrommobile2bremoved mobypobox734ls27yf
PRIVATE! Your 2003 Account Statement for shows 800 un-redeemed S. I. M. points. Call 08718738002 Identifier Code: 48922 Expires 21/11/04,1,general_spam,english,uci,private your 2003 account statement for shows 800 un redeemed s i m points call identifier code 48922 expires 21 11 04
"This is the 2nd time we have tried 2 contact u. U have won the £750 Pound prize. 2 claim is easy, call 087187272008 NOW1! Only 10p per minute. BT-national-rate.",1,general_spam,english,uci,this is the 2nd time we have tried 2 contact u u have won the 750 pound prize 2 claim is easy call now1 only 10p per minute bt national rate
Leave it de:-). Start Prepare for next:-)..,0,none,english,uci,leave it de start prepare for next
I want  &lt;#&gt;  rs da:)do you have it?,0,none,english,uci,i want rs da do you have it
"Urgent! Please call 09066612661 from your landline, your complimentary 4* Lux Costa Del Sol holiday or £1000 CASH await collection. ppm 150 SAE T&Cs James 28, EH74RR",1,general_spam,english,uci,urgent please call from your landline your complimentary 4 lux costa del sol holiday or 1000 cash await collection ppm 150 sae t cs james 28 eh74rr
"Sorry, I'll call later  &lt;#&gt; mins",0,none,english,uci,sorry i ll call later mins
"Isn't frnd a necesity in life? imagine urself witout a frnd.. hw'd u feel at ur colleg? wat'll u do wth ur cell? wat abt functions? thnk abt events espe'll cared, missed &amp; irritated u? 4wrd it to all those dear-loving frnds wthout whom u cant live.. I jst did it.. Takecare..:) GOODMORNING",0,none,english,uci,isn t frnd a necesity in life imagine urself witout a frnd hw d u feel at ur colleg wat ll u do wth ur cell wat abt functions thnk abt events espe ll cared missed irritated u 4wrd it to all those dear loving frnds wthout whom u cant live i jst did it takecare goodmorning
Dear 0776xxxxxxx U've been invited to XCHAT. This is our final attempt to contact u! Txt CHAT to 86688 150p/MsgrcvdHG/Suite342/2Lands/Row/W1J6HL LDN 18yrs ,1,general_spam,english,uci,dear 0776xxxxxxx u ve been invited to xchat this is our final attempt to contact u txt chat to 86688 150p msgrcvdhg suite342 2lands row w1j6hl ldn 18yrs
Got meh... When?,0,none,english,uci,got meh when
I wont touch you with out your permission.,0,none,english,uci,i wont touch you with out your permission
Our records indicate u maybe entitled to 5000 pounds in compensation for the Accident you had. To claim 4 free reply with CLAIM to this msg. 2 stop txt STOP,1,general_spam,english,uci,our records indicate u maybe entitled to 5000 pounds in compensation for the accident you had to claim 4 free reply with claim to this msg 2 stop txt stop
Yes. Last  practice,0,none,english,uci,yes last practice
Then dun wear jeans lor...,0,none,english,uci,then dun wear jeans lor
They finally came to fix the ceiling.,0,none,english,uci,they finally came to fix the ceiling
"Derp. Which is worse, a dude who always wants to party or a dude who files a complaint about the three drug abusers he lives with",0,none,english,uci,derp which is worse a dude who always wants to party or a dude who files a complaint about the three drug abusers he lives with
"[…] anyway, many good evenings to u! s",0,none,english,uci,anyway many good evenings to u s
Boy you best get yo ass out here quick,0,none,english,uci,boy you best get yo ass out here quick
"Aight fuck it, I'll get it later",0,none,english,uci,aight fuck it i ll get it later
There's no point hangin on to mr not right if he's not makin u happy,0,none,english,uci,there s no point hangin on to mr not right if he s not makin u happy
"'An Amazing Quote'' - ""Sometimes in life its difficult to decide whats wrong!! a lie that brings a smile or the truth that brings a tear....""",0,none,english,uci,an amazing quote sometimes in life its difficult to decide whats wrong a lie that brings a smile or the truth that brings a tear
Can you do a mag meeting this avo at some point?,0,none,english,uci,can you do a mag meeting this avo at some point
The monthly amount is not that terrible and you will not pay anything till 6months after finishing school.,0,none,english,uci,the monthly amount is not that terrible and you will not pay anything till 6months after finishing school
have * good weekend.,0,none,english,uci,have good weekend
Ummmmmaah Many many happy returns of d day my dear sweet heart.. HAPPY BIRTHDAY dear,0,none,english,uci,ummmmmaah many many happy returns of d day my dear sweet heart happy birthday dear
i want to grasp your pretty booty :),0,none,english,uci,i want to grasp your pretty booty
You will be receiving this week's Triple Echo ringtone shortly. Enjoy it!,1,general_spam,english,uci,you will be receiving this week s triple echo ringtone shortly enjoy it
"No we put party 7 days a week and study lightly, I think we need to draw in some custom checkboxes so they know we're hardcore",0,none,english,uci,no we put party 7 days a week and study lightly i think we need to draw in some custom checkboxes so they know we re hardcore
Your daily text from me – a favour this time,0,none,english,uci,your daily text from me a favour this time
U come n search tat vid..not finishd..,0,none,english,uci,u come n search tat vid not finishd
"(I should add that I don't really care and if you can't I can at least get this dude to fuck off but hey, your money if you want it)",0,none,english,uci,i should add that i don t really care and if you can t i can at least get this dude to fuck off but hey your money if you want it
How are you doing? Hope you've settled in for the new school year. Just wishin you a gr8 day,0,none,english,uci,how are you doing hope you ve settled in for the new school year just wishin you a gr8 day
What do U want for Xmas? How about 100 free text messages & a new video phone with half price line rental? Call free now on 0800 0721072 to find out more!,1,general_spam,english,uci,what do u want for xmas how about 100 free text messages a new video phone with half price line rental call free now on 0800 to find out more
I like to think there's always the possibility of being in a pub later.,0,none,english,uci,i like to think there s always the possibility of being in a pub later
Come aftr  &lt;DECIMAL&gt; ..now i m cleaning the house,0,none,english,uci,come aftr now i m cleaning the house
Police headquarters se bol raha hoon. Aapka Aadhaar deactivate hone wala hai. Turant update kijiye.,1,aadhaar,hinglish,indian,police headquarters se bol raha hoon aapka aadhaar deactivate hone wala hai turant update kijiye
Namaste ma'am Cyber investigation team ko aapke number se suspicious activity mili hai.,1,police_digital_arrest,hinglish,indian,namaste ma am cyber investigation team ko aapke number se suspicious activity mili hai
Yeah you should. I think you can use your gt atm now to register. Not sure but if there's anyway i can help let me know. But when you do be sure you are ready.,0,none,english,uci,yeah you should i think you can use your gt atm now to register not sure but if there s anyway i can help let me know but when you do be sure you are ready
Ok anyway no need to change with what you said,0,none,english,uci,ok anyway no need to change with what you said
Waaaat?? Lololo ok next time then!,0,none,english,uci,waaaat lololo ok next time then
2 laptop... I noe infra but too slow lar... I wan fast one,0,none,english,uci,2 laptop i noe infra but too slow lar i wan fast one
Hello ji Aapke khilaaf digital fraud complaint receive hui hai.,1,police_digital_arrest,hinglish,indian,hello ji aapke khilaaf digital fraud complaint receive hui hai
"Thanks da thangam, i feel very very happy dear. I also miss you da.",0,none,english,uci,thanks da thangam i feel very very happy dear i also miss you da
Law enforcement se bol raha hoon. Congratulations! Aapne ₹40 lakh ka lottery jeeta hai. Processing fee dena hoga.,1,lottery,hinglish,indian,law enforcement se bol raha hoon congratulations aapne 40 lakh ka lottery jeeta hai processing fee dena hoga
So what u doing today?,0,none,english,uci,so what u doing today
ok. I am a gentleman and will treat you with dignity and respect.,0,none,english,uci,ok i am a gentleman and will treat you with dignity and respect
At what time are you coming.,0,none,english,uci,at what time are you coming
No need for the drug anymore.,0,none,english,uci,no need for the drug anymore
Mmmmmmm *snuggles into you* ...*deep contented sigh* ... *whispers* ... I fucking love you so much I can barely stand it ...,0,none,english,uci,mmmmmmm snuggles into you deep contented sigh whispers i fucking love you so much i can barely stand it
Nice.nice.how is it working?,0,none,english,uci,nice nice how is it working
Hello which the site to download songs its urgent pls,0,none,english,uci,hello which the site to download songs its urgent pls
"Hi ya babe x u 4goten bout me?' scammers getting smart..Though this is a regular vodafone no, if you respond you get further prem rate msg/subscription. Other nos used also. Beware!",1,general_spam,english,uci,hi ya babe x u 4goten bout me scammers getting smart though this is a regular vodafone no if you respond you get further prem rate msg subscription other nos used also beware
Txt: CALL to No: 86888 & claim your reward of 3 hours talk time to use from your phone now! Subscribe6GBP/mnth inc 3hrs 16 stop?txtStop www.gamb.tv,1,general_spam,english,uci,txt call to no 86888 claim your reward of 3 hours talk time to use from your phone now subscribe6gbp mnth inc 3hrs 16 stop txtstop
"Oh! Shit, I thought that was your trip! Loooooool ... That just makes SO much more sense now ... *grins* and the sofa reference was ... The ""sleep on a couch"" link you sent me ... Wasn't that how you went on your trip ? Oh ... And didn't your babe go with you for that celebration with your rents?",0,none,english,uci,oh shit i thought that was your trip loooooool that just makes so much more sense now grins and the sofa reference was the sleep on a couch link you sent me wasn t that how you went on your trip oh and didn t your babe go with you for that celebration with your rents
Thanks for loving me so. You rock,0,none,english,uci,thanks for loving me so you rock
Hello ma'am Aapka KYC pending hai. Account 2 ghante mein block ho jayega. OTP share kijiye.,1,bank_kyc,hinglish,indian,hello ma am aapka kyc pending hai account 2 ghante mein block ho jayega otp share kijiye
R u here yet? I'm wearing blue shirt n black pants.,0,none,english,uci,r u here yet i m wearing blue shirt n black pants
What time do u get out?,0,none,english,uci,what time do u get out
"Yeah there's barely enough room for the two of us, x has too many fucking shoes. Sorry man, see you later",0,none,english,uci,yeah there s barely enough room for the two of us x has too many fucking shoes sorry man see you later
Todays Voda numbers ending 1225 are selected to receive a £50award. If you have a match please call 08712300220 quoting claim code 3100 standard rates app ,1,general_spam,english,uci,todays voda numbers ending 1225 are selected to receive a 50award if you have a match please call quoting claim code 3100 standard rates app
Sac will score big hundred.he is set batsman:-),0,none,english,uci,sac will score big hundred he is set batsman
todays vodafone numbers ending with 0089(my last four digits) are selected to received a £350 award. If your number matches please call 09063442151 to claim your £350 award,1,general_spam,english,uci,todays vodafone numbers ending with 0089 my last four digits are selected to received a 350 award if your number matches please call to claim your 350 award
Ok i'm coming home now.,0,none,english,uci,ok i m coming home now
"HEY THERE BABE, HOW U DOIN? WOT U UP 2 2NITE LOVE ANNIE X.",0,none,english,uci,hey there babe how u doin wot u up 2 2nite love annie x
Tell them u have a headache and just want to use 1 hour of sick time.,0,none,english,uci,tell them u have a headache and just want to use 1 hour of sick time
Great. Never been better. Each day gives even more reasons to thank God,0,none,english,uci,great never been better each day gives even more reasons to thank god
Oh is it! Which brand?,0,none,english,uci,oh is it which brand
Mm that time you dont like fun,0,none,english,uci,mm that time you dont like fun
sexy sexy cum and text me im wet and warm and ready for some porn! u up for some fun? THIS MSG IS FREE RECD MSGS 150P INC VAT 2 CANCEL TEXT STOP,1,general_spam,english,uci,sexy sexy cum and text me im wet and warm and ready for some porn u up for some fun this msg is free recd msgs 150p inc vat 2 cancel text stop
"For you information, IKEA is spelled with all caps. That is not yelling. when you thought i had left you, you were sitting on the bed among the mess when i came in. i said we were going after you got home from class. please don't try and bullshit me. It makes me want to listen to you less.",0,none,english,uci,for you information ikea is spelled with all caps that is not yelling when you thought i had left you you were sitting on the bed among the mess when i came in i said we were going after you got home from class please don t try and bullshit me it makes me want to listen to you less
God created gap btwn ur fingers so dat sum1 vry special will fill those gaps by holding ur hands.. Now plz dont ask y he created so much gap between legs !!!,0,none,english,uci,god created gap btwn ur fingers so dat sum1 vry special will fill those gaps by holding ur hands now plz dont ask y he created so much gap between legs
Horrible gal. Me in sch doing some stuff. How come u got mc?,0,none,english,uci,horrible gal me in sch doing some stuff how come u got mc
URGENT! Your Mobile number has been awarded with a £2000 prize GUARANTEED. Call 09061790121 from land line. Claim 3030. Valid 12hrs only 150ppm,1,general_spam,english,uci,urgent your mobile number has been awarded with a 2000 prize guaranteed call from land line claim 3030 valid 12hrs only 150ppm
Hmm...Bad news...Hype park plaza $700 studio taken...Only left 2 bedrm-$900...,0,none,english,uci,hmm bad news hype park plaza 700 studio taken only left 2 bedrm 900
"Goodmorning,my grandfather expired..so am on leave today.",0,none,english,uci,goodmorning my grandfather expired so am on leave today
"Hello ji Sir kal subah 10 baje meeting hai, agenda mail kar diya.",0,none,hinglish,indian,hello ji sir kal subah 10 baje meeting hai agenda mail kar diya
Do you want 750 anytime any network mins 150 text and a NEW VIDEO phone for only five pounds per week call 08002888812 or reply for delivery tomorrow,1,general_spam,english,uci,do you want 750 anytime any network mins 150 text and a new video phone for only five pounds per week call or reply for delivery tomorrow
Sry da..jst nw only i came to home..,0,none,english,uci,sry da jst nw only i came to home
Hello ji Aapka Aadhaar deactivate hone wala hai. Turant update kijiye.,1,bank_kyc,hinglish,indian,hello ji aapka aadhaar deactivate hone wala hai turant update kijiye
"Probably not, still going over some stuff here",0,none,english,uci,probably not still going over some stuff here
Ji haan suniye Aapka Aadhaar deactivate hone wala hai. Turant update kijiye.,1,aadhaar,hinglish,indian,ji haan suniye aapka aadhaar deactivate hone wala hai turant update kijiye
", ,  and  picking them up from various points | going 2 yeovil | and they will do the motor project 4 3 hours | and then u take them home. || 12 2 5.30 max. || Very easy",0,none,english,uci,and picking them up from various points going 2 yeovil and they will do the motor project 4 3 hours and then u take them home 12 2 5 30 max very easy
Namaste sir Aapke documents ka misuse karke financial fraud kiya gaya hai.,1,police_digital_arrest,hinglish,indian,namaste sir aapke documents ka misuse karke financial fraud kiya gaya hai
Whom you waited for yesterday,0,none,english,uci,whom you waited for yesterday
Ji namaskar Ek gang aapke number ka misuse karke gande videos bana raha hai. Turant verify karna hoga.,1,police_blackmail,hinglish,indian,ji namaskar ek gang aapke number ka misuse karke gande videos bana raha hai turant verify karna hoga
Ji haan suniye Aapki morphed photos viral ho rahi hain. Cyber cell ne case register kar liya hai.,1,police_blackmail,hinglish,indian,ji haan suniye aapki morphed photos viral ho rahi hain cyber cell ne case register kar liya hai
CBI se bol raha hoon. Aapka Aadhaar deactivate hone wala hai. Turant update kijiye.,1,bank_kyc,hinglish,indian,cbi se bol raha hoon aapka aadhaar deactivate hone wala hai turant update kijiye
Genius what's up. How your brother. Pls send his number to my skype.,0,none,english,uci,genius what s up how your brother pls send his number to my skype
"For ur chance to win a £250 wkly shopping spree TXT: SHOP to 80878. T's&C's www.txt-2-shop.com custcare 08715705022, 1x150p/wk",1,general_spam,english,uci,for ur chance to win a 250 wkly shopping spree txt shop to 80878 t s c s custcare 1x150p wk
Horrible bf... I now v hungry...,0,none,english,uci,horrible bf i now v hungry
get ready to moan and scream :),0,none,english,uci,get ready to moan and scream
Desires- u going to doctor 4 liver. And get a bit stylish. Get ur hair managed. Thats it.,0,none,english,uci,desires u going to doctor 4 liver and get a bit stylish get ur hair managed thats it
Yeah confirmed for you staying at  that weekend,0,none,english,uci,yeah confirmed for you staying at that weekend
"Congrats! 2 mobile 3G Videophones R yours. call 09061744553 now! videochat wid ur mates, play java games, Dload polyH music, noline rentl. bx420. ip4. 5we. 150pm",1,general_spam,english,uci,congrats 2 mobile 3g videophones r yours call now videochat wid ur mates play java games dload polyh music noline rentl bx420 ip4 5we 150pm
Have you emigrated or something? Ok maybe 5.30 was a bit hopeful...,0,none,english,uci,have you emigrated or something ok maybe 5 30 was a bit hopeful
"I don't have anybody's number, I still haven't thought up a tactful way to ask alex",0,none,english,uci,i don t have anybody s number i still haven t thought up a tactful way to ask alex
I will come with karnan car. Please wait till 6pm will directly goto doctor.,0,none,english,uci,i will come with karnan car please wait till 6pm will directly goto doctor
Pls speak to that customer machan.,0,none,english,uci,pls speak to that customer machan
"Aap sun rahe hain na? Mummy main office pahunch gaya, aaj thoda late ho jaunga.",0,none,hinglish,indian,aap sun rahe hain na mummy main office pahunch gaya aaj thoda late ho jaunga
"Ooh, 4got, i'm gonna start belly dancing in moseley weds 6.30 if u want 2 join me, they have a cafe too. ",0,none,english,uci,ooh 4got i m gonna start belly dancing in moseley weds 6 30 if u want 2 join me they have a cafe too
"7 wonders in My WORLD 7th You 6th Ur style 5th Ur smile 4th Ur Personality 3rd Ur Nature 2nd Ur SMS and 1st ""Ur Lovely Friendship""... good morning dear",0,none,english,uci,7 wonders in my world 7th you 6th ur style 5th ur smile 4th ur personality 3rd ur nature 2nd ur sms and 1st ur lovely friendship good morning dear
"Mah b, I'll pick it up tomorrow",0,none,english,uci,mah b i ll pick it up tomorrow
I love to cuddle! I want to hold you in my strong arms right now...,0,none,english,uci,i love to cuddle i want to hold you in my strong arms right now
The battery is for mr adewale my uncle. Aka Egbon,0,none,english,uci,the battery is for mr adewale my uncle aka egbon
Are there TA jobs available? Let me know please cos i really need to start working,0,none,english,uci,are there ta jobs available let me know please cos i really need to start working
"Poyyarikatur,kolathupalayam,unjalur post,erode dis, &lt;#&gt; .",0,none,english,uci,poyyarikatur kolathupalayam unjalur post erode dis
My battery is low babe,0,none,english,uci,my battery is low babe
Anything lor is she coming?,0,none,english,uci,anything lor is she coming
How do you plan to manage that,0,none,english,uci,how do you plan to manage that
"HEY HEY WERETHE MONKEESPEOPLE SAY WE MONKEYAROUND! HOWDY GORGEOUS, HOWU DOIN? FOUNDURSELF A JOBYET SAUSAGE?LOVE JEN XXX",0,none,english,uci,hey hey werethe monkeespeople say we monkeyaround howdy gorgeous howu doin foundurself a jobyet sausage love jen xxx
okmail: Dear Dave this is your final notice to collect your 4* Tenerife Holiday or #5000 CASH award! Call 09061743806 from landline. TCs SAE Box326 CW25WX 150ppm,1,general_spam,english,uci,okmail dear dave this is your final notice to collect your 4 tenerife holiday or 5000 cash award call from landline tcs sae box326 cw25wx 150ppm
How many times i told in the stage all use to laugh. You not listen aha.,0,none,english,uci,how many times i told in the stage all use to laugh you not listen aha
Midnight at the earliest,0,none,english,uci,midnight at the earliest
"Beautiful Truth against Gravity.. Read carefully: ""Our heart feels light when someone is in it.. But it feels very heavy when someone leaves it.."" GOOD NIGHT",0,none,english,uci,beautiful truth against gravity read carefully our heart feels light when someone is in it but it feels very heavy when someone leaves it good night
* You gonna ring this weekend or wot?,0,none,english,uci,you gonna ring this weekend or wot
Madam ek minute Cyber investigation team ko aapke number se suspicious activity mili hai.,1,police_digital_arrest,hinglish,indian,madam ek minute cyber investigation team ko aapke number se suspicious activity mili hai
It's ok i wun b angry. Msg u aft i come home tonight.,0,none,english,uci,it s ok i wun b angry msg u aft i come home tonight
HOW ARE U? I HAVE MISSED U! I HAVENT BEEN UP 2 MUCH A BIT BORED WITH THE HOLIDAY WANT 2 GO BAK 2 COLLEGE! SAD ISNT IT?xx,0,none,english,uci,how are u i have missed u i havent been up 2 much a bit bored with the holiday want 2 go bak 2 college sad isnt it xx
i am going to bed now prin,0,none,english,uci,i am going to bed now prin
Inspector Rajesh Kumar bol raha hoon. Aapke number se pornographic material WhatsApp groups mein bheja ja raha hai. FIR ho chuki hai.,1,police_blackmail,hinglish,indian,inspector rajesh kumar bol raha hoon aapke number se pornographic material whatsapp groups mein bheja ja raha hai fir ho chuki hai
Sir ek minute suniye National Cyber Cell se bol raha hoon. Verification ke liye cooperate kijiye.,1,police_digital_arrest,hinglish,indian,sir ek minute suniye national cyber cell se bol raha hoon verification ke liye cooperate kijiye
"URGENT!: Your Mobile No. was awarded a £2,000 Bonus Caller Prize on 02/09/03! This is our 2nd attempt to contact YOU! Call 0871-872-9755 BOX95QU",1,general_spam,english,uci,urgent your mobile no was awarded a 2 000 bonus caller prize on 02 09 03 this is our 2nd attempt to contact you call 0871 872 9755 box95qu
Ard 530 like dat lor. We juz meet in mrt station then ü dun haf to come out.,0,none,english,uci,ard 530 like dat lor we juz meet in mrt station then dun haf to come out
I dont know why she.s not getting your messages,0,none,english,uci,i dont know why she s not getting your messages
ASKED 3MOBILE IF 0870 CHATLINES INCLU IN FREE MINS. INDIA CUST SERVs SED YES. L8ER GOT MEGA BILL. 3 DONT GIV A SHIT. BAILIFF DUE IN DAYS. I O £250 3 WANT £800,1,general_spam,english,uci,asked 3mobile if 0870 chatlines inclu in free mins india cust servs sed yes l8er got mega bill 3 dont giv a shit bailiff due in days i o 250 3 want 800
"Sorry I missed you babe. I was up late and slept in. I hope you enjoy your driving lesson, boytoy. I miss you too ... *teasing kiss*",0,none,english,uci,sorry i missed you babe i was up late and slept in i hope you enjoy your driving lesson boytoy i miss you too teasing kiss
Also fuck you and your family for going to rhode island or wherever the fuck and leaving me all alone the week I have a new bong &gt;:(,0,none,english,uci,also fuck you and your family for going to rhode island or wherever the fuck and leaving me all alone the week i have a new bong
"I'm nt goin, got somethin on, unless they meetin 4 dinner lor... Haha, i wonder who will go tis time...",0,none,english,uci,i m nt goin got somethin on unless they meetin 4 dinner lor haha i wonder who will go tis time
"Hey j! r u feeling any better, hopeSo hunny. i amnow feelin ill & ithink i may have tonsolitusaswell! damn iam layin in bedreal bored. lotsof luv me xxxx",0,none,english,uci,hey j r u feeling any better hopeso hunny i amnow feelin ill ithink i may have tonsolitusaswell damn iam layin in bedreal bored lotsof luv me xxxx
Valentines Day Special! Win over £1000 in our quiz and take your partner on the trip of a lifetime! Send GO to 83600 now. 150p/msg rcvd. CustCare:08718720201,1,general_spam,english,uci,valentines day special win over 1000 in our quiz and take your partner on the trip of a lifetime send go to 83600 now 150p msg rcvd custcare
I;m reaching in another 2 stops.,0,none,english,uci,i m reaching in another 2 stops
"Doing nothing, then u not having dinner w us?",0,none,english,uci,doing nothing then u not having dinner w us
You have WON a guaranteed £1000 cash or a £2000 prize.To claim yr prize call our customer service representative on,1,general_spam,english,uci,you have won a guaranteed 1000 cash or a 2000 prize to claim yr prize call our customer service representative on
URGENT! This is the 2nd attempt to contact U!U have WON £1000CALL 09071512432 b4 300603t&csBCM4235WC1N3XX.callcost150ppmmobilesvary. max£7. 50,1,general_spam,english,uci,urgent this is the 2nd attempt to contact u u have won 1000call b4 300603t csbcm4235wc1n3xx callcost150ppmmobilesvary max 7 50
"Gumby's has a special where a  &lt;#&gt; "" cheese pizza is $2 so I know what we're doin tonight",0,none,english,uci,gumby s has a special where a cheese pizza is 2 so i know what we re doin tonight
"Good evening Sir, Al Salam Wahleykkum.sharing a happy news.By the grace of God, i got an offer from Tayseer,TISSCO and i joined.Hope you are fine.Inshah Allah,meet you sometime.Rakhesh,visitor from India.",0,none,english,uci,good evening sir al salam wahleykkum sharing a happy news by the grace of god i got an offer from tayseer tissco and i joined hope you are fine inshah allah meet you sometime rakhesh visitor from india
"* Was really good to see you the other day dudette, been missing you!",0,none,english,uci,was really good to see you the other day dudette been missing you
:-( that's not v romantic!,0,none,english,uci,that s not v romantic
Delhi Police se bol raha hoon. National Cyber Cell se bol raha hoon. Verification ke liye cooperate kijiye.,1,police_digital_arrest,hinglish,indian,delhi police se bol raha hoon national cyber cell se bol raha hoon verification ke liye cooperate kijiye
SMS AUCTION You have won a Nokia 7250i. This is what you get when you win our FREE auction. To take part send Nokia to 86021 now. HG/Suite342/2Lands Row/W1JHL 16+,1,general_spam,english,uci,sms auction you have won a nokia 7250i this is what you get when you win our free auction to take part send nokia to 86021 now hg suite342 2lands row w1jhl 16
"Someone U know has asked our dating service 2 contact you! Cant Guess who? CALL 09058097189 NOW all will be revealed. POBox 6, LS15HB 150p ",1,general_spam,english,uci,someone u know has asked our dating service 2 contact you cant guess who call now all will be revealed pobox 6 ls15hb 150p
I also thk too fast... Xy suggest one not me. U dun wan it's ok. Going 2 rain leh where got gd.,0,none,english,uci,i also thk too fast xy suggest one not me u dun wan it s ok going 2 rain leh where got gd
Enjoy urself tmr...,0,none,english,uci,enjoy urself tmr
S:)8 min to go for lunch:),0,none,english,uci,s 8 min to go for lunch
I love ya too but try and budget your money better babe. Gary would freak on me if he knew,0,none,english,uci,i love ya too but try and budget your money better babe gary would freak on me if he knew
"Oh... Haha... Den we shld had went today too... Gee, nvm la... Kaiez, i dun mind goin jazz oso... Scared hiphop open cant catch up... ",0,none,english,uci,oh haha den we shld had went today too gee nvm la kaiez i dun mind goin jazz oso scared hiphop open cant catch up
"Cool, text me when you're parked",0,none,english,uci,cool text me when you re parked
"You might want to pull out more just in case and just plan on not spending it if you can, I don't have much confidence in derek and taylor's money management",0,none,english,uci,you might want to pull out more just in case and just plan on not spending it if you can i don t have much confidence in derek and taylor s money management
"Special Investigation Team se bol raha hoon. Amazon se bol raha hoon. Aapka parcel hold hai, clearance charge ₹499 dena hoga.",1,relative,hinglish,indian,special investigation team se bol raha hoon amazon se bol raha hoon aapka parcel hold hai clearance charge 499 dena hoga
"Thats a bit weird, even ?- where is the do supposed to be happening? But good idea, sure they will be in pub!",0,none,english,uci,thats a bit weird even where is the do supposed to be happening but good idea sure they will be in pub
Ya even those cookies have jelly on them,0,none,english,uci,ya even those cookies have jelly on them
Becoz its  &lt;#&gt;  jan whn al the post ofice is in holiday so she cn go fr the post ofice...got it duffer,0,none,english,uci,becoz its jan whn al the post ofice is in holiday so she cn go fr the post ofice got it duffer
Ok im not sure what time i finish tomorrow but i wanna spend the evening with you cos that would be vewy vewy lubly! Love me xxx,0,none,english,uci,ok im not sure what time i finish tomorrow but i wanna spend the evening with you cos that would be vewy vewy lubly love me xxx
"SHIT BABE.. THASA BIT MESSED UP.YEH, SHE SHUDVETOLD U. DID URGRAN KNOW?NEWAY, ILLSPEAK 2 U2MORO WEN IM NOT ASLEEP...",0,none,english,uci,shit babe thasa bit messed up yeh she shudvetold u did urgran know neway illspeak 2 u2moro wen im not asleep
How's it feel? Mr. Your not my real Valentine just my yo Valentine even tho u hardly play!!,0,none,english,uci,how s it feel mr your not my real valentine just my yo valentine even tho u hardly play
SERIOUSLY. TELL HER THOSE EXACT WORDS RIGHT NOW.,0,none,english,uci,seriously tell her those exact words right now
U repeat e instructions again. Wat's e road name of ur house?,0,none,english,uci,u repeat e instructions again wat s e road name of ur house
"Hey...Great deal...Farm tour 9am to 5pm $95/pax, $50 deposit by 16 May",0,none,english,uci,hey great deal farm tour 9am to 5pm 95 pax 50 deposit by 16 may
Oh k k:)but he is not a big hitter.anyway good,0,none,english,uci,oh k k but he is not a big hitter anyway good
Hello ji Aapka KYC pending hai. Account 2 ghante mein block ho jayega. OTP share kijiye.,1,amazon,hinglish,indian,hello ji aapka kyc pending hai account 2 ghante mein block ho jayega otp share kijiye
Okay. I've seen it. So i should pick it on friday?,0,none,english,uci,okay i ve seen it so i should pick it on friday
I'm really sorry i won't b able 2 do this friday.hope u can find an alternative.hope yr term's going ok:-),0,none,english,uci,i m really sorry i won t b able 2 do this friday hope u can find an alternative hope yr term s going ok
Crime Branch se bol raha hoon. Aapke documents ka misuse karke financial fraud kiya gaya hai.,1,police_digital_arrest,hinglish,indian,crime branch se bol raha hoon aapke documents ka misuse karke financial fraud kiya gaya hai
Aap sun rahe hain na? Cyber Crime Department se bol raha hoon. Aapke number se objectionable content circulate hua hai.,1,police_digital_arrest,hinglish,indian,aap sun rahe hain na cyber crime department se bol raha hoon aapke number se objectionable content circulate hua hai
Webpage s not available!,0,none,english,uci,webpage s not available
2p per min to call Germany 08448350055 from your BT line. Just 2p per min. Check PlanetTalkInstant.com for info & T's & C's. Text stop to opt out,1,general_spam,english,uci,2p per min to call germany from your bt line just 2p per min check planettalkinstant com for info t s c s text stop to opt out
For taking part in our mobile survey yesterday! You can now have 500 texts 2 use however you wish. 2 get txts just send TXT to 80160 T&C www.txt43.com 1.50p,1,general_spam,english,uci,for taking part in our mobile survey yesterday you can now have 500 texts 2 use however you wish 2 get txts just send txt to 80160 t c 1 50p
"you are sweet as well, princess. Please tell me your likes and dislikes in bed...",0,none,english,uci,you are sweet as well princess please tell me your likes and dislikes in bed
Free 1st week entry 2 TEXTPOD 4 a chance 2 win 40GB iPod or £250 cash every wk. Txt POD to 84128 Ts&Cs www.textpod.net custcare 08712405020.,1,general_spam,english,uci,free 1st week entry 2 textpod 4 a chance 2 win 40gb ipod or 250 cash every wk txt pod to 84128 ts cs custcare
"Yun ah.the ubi one say if ü wan call by tomorrow.call 67441233 look for irene.ere only got bus8,22,65,61,66,382. Ubi cres,ubi tech park.6ph for 1st 5wkg days.èn",0,none,english,uci,yun ah the ubi one say if wan call by tomorrow call look for irene ere only got bus8 22 65 61 66 382 ubi cres ubi tech park 6ph for 1st 5wkg days n
I re-met alex nichols from middle school and it turns out he's dealing!,0,none,english,uci,i re met alex nichols from middle school and it turns out he s dealing
I had a good time too. Its nice to do something a bit different with my weekends for a change. See ya soon,0,none,english,uci,i had a good time too its nice to do something a bit different with my weekends for a change see ya soon
Police headquarters se bol raha hoon. Congratulations! Aapne ₹40 lakh ka lottery jeeta hai. Processing fee dena hoga.,1,lottery,hinglish,indian,police headquarters se bol raha hoon congratulations aapne 40 lakh ka lottery jeeta hai processing fee dena hoga
I have had two more letters from . I will copy them for you cos one has a message for you. Speak soon,0,none,english,uci,i have had two more letters from i will copy them for you cos one has a message for you speak soon
"Aiyo... Her lesson so early... I'm still sleepin, haha... Okie, u go home liao den confirm w me lor...",0,none,english,uci,aiyo her lesson so early i m still sleepin haha okie u go home liao den confirm w me lor
"Haha awesome, omw back now then",0,none,english,uci,haha awesome omw back now then
"Haha awesome, be there in a minute",0,none,english,uci,haha awesome be there in a minute
Kent vale lor... Ü wait 4 me there ar?,0,none,english,uci,kent vale lor wait 4 me there ar
Had your mobile 11mths ? Update for FREE to Oranges latest colour camera mobiles & unlimited weekend calls. Call Mobile Upd8 on freefone 08000839402 or 2StopTxt,1,general_spam,english,uci,had your mobile 11mths update for free to oranges latest colour camera mobiles unlimited weekend calls call mobile upd8 on freefone or 2stoptxt
Then she dun believe wat?,0,none,english,uci,then she dun believe wat
How u doin baby girl ?? hope u are okay every time I call ure phone is off! I miss u get in touch,0,none,english,uci,how u doin baby girl hope u are okay every time i call ure phone is off i miss u get in touch
"GOD ASKED, ""What is forgiveness?"" A little child gave lovely reply, ""It is d wonderful fruit that a tree gives when it is being hurt by a stone.. Good night......",0,none,english,uci,god asked what is forgiveness a little child gave lovely reply it is d wonderful fruit that a tree gives when it is being hurt by a stone good night
Law enforcement se bol raha hoon. Crime Branch se bol raha hoon. Aapke account se suspicious transactions hui hain.,1,police_digital_arrest,hinglish,indian,law enforcement se bol raha hoon crime branch se bol raha hoon aapke account se suspicious transactions hui hain
I'm awake oh. What's up.,0,none,english,uci,i m awake oh what s up
PRIVATE! Your 2003 Account Statement for shows 800 un-redeemed S. I. M. points. Call 08715203652 Identifier Code: 42810 Expires 29/10/0,1,general_spam,english,uci,private your 2003 account statement for shows 800 un redeemed s i m points call identifier code 42810 expires 29 10 0
The 2 oz guy is being kinda flaky but one friend is interested in picking up $ &lt;#&gt;  worth tonight if possible,0,none,english,uci,the 2 oz guy is being kinda flaky but one friend is interested in picking up worth tonight if possible
Also that chat was awesome but don't make it regular unless you can see her in person,0,none,english,uci,also that chat was awesome but don t make it regular unless you can see her in person
"Lol you forgot it eh ? Yes, I'll bring it in babe",0,none,english,uci,lol you forgot it eh yes i ll bring it in babe
Pls send me the correct name da.,0,none,english,uci,pls send me the correct name da
great princess! I love giving and receiving oral. Doggy style is my fave position. How about you? I enjoy making love  &lt;#&gt;  times per night :),0,none,english,uci,great princess i love giving and receiving oral doggy style is my fave position how about you i enjoy making love times per night
Oooh bed ridden ey? What are YOU thinking of?,0,none,english,uci,oooh bed ridden ey what are you thinking of
Ryder unsold.now gibbs.,0,none,english,uci,ryder unsold now gibbs
"Want to funk up ur fone with a weekly new tone reply TONES2U 2 this text. www.ringtones.co.uk, the original n best. Tones 3GBP network operator rates apply",1,general_spam,english,uci,want to funk up ur fone with a weekly new tone reply tones2u 2 this text the original n best tones 3gbp network operator rates apply
That's my honeymoon outfit. :),0,none,english,uci,that s my honeymoon outfit
FreeMsg>FAV XMAS TONES!Reply REAL,1,general_spam,english,uci,freemsg fav xmas tones reply real
yeah sure thing mate haunt got all my stuff sorted but im going sound anyway promoting hex for .by the way who is this? dont know number. Joke,0,none,english,uci,yeah sure thing mate haunt got all my stuff sorted but im going sound anyway promoting hex for by the way who is this dont know number joke
Rightio. 11.48 it is then. Well arent we all up bright and early this morning.,0,none,english,uci,rightio 11 48 it is then well arent we all up bright and early this morning
2 and half years i missed your friendship:-),0,none,english,uci,2 and half years i missed your friendship
Sir ek minute suniye Ek gang aapke number ka misuse karke gande videos bana raha hai. Turant verify karna hoga.,1,police_blackmail,hinglish,indian,sir ek minute suniye ek gang aapke number ka misuse karke gande videos bana raha hai turant verify karna hoga
Y de asking like this.,0,none,english,uci,y de asking like this
Ya:)going for restaurant..,0,none,english,uci,ya going for restaurant
I'm fine. Hope you are also,0,none,english,uci,i m fine hope you are also
"Anyway I don't think I can secure anything up here, lemme know if you want me to drive down south and chill",0,none,english,uci,anyway i don t think i can secure anything up here lemme know if you want me to drive down south and chill
Ok. No wahala. Just remember that a friend in need ...,0,none,english,uci,ok no wahala just remember that a friend in need
Weightloss! No more girl friends. Make loads of money on ebay or something. And give thanks to God.,0,none,english,uci,weightloss no more girl friends make loads of money on ebay or something and give thanks to god
Namaste sir Aapke naam par registered SIM ka misuse report hua hai.,1,police_digital_arrest,hinglish,indian,namaste sir aapke naam par registered sim ka misuse report hua hai
Kallis is ready for bat in 2nd innings,0,none,english,uci,kallis is ready for bat in 2nd innings
"Hack Chat. Get backdoor entry into 121 chat rooms at a fraction of the cost. Reply NEO69 or call 09050280520, to subscribe 25p pm. DPS, Bcm box 8027 Ldn, wc1n3xx",1,general_spam,english,uci,hack chat get backdoor entry into 121 chat rooms at a fraction of the cost reply neo69 or call to subscribe 25p pm dps bcm box 8027 ldn wc1n3xx
Dunno dat's wat he told me. Ok lor...,0,none,english,uci,dunno dat s wat he told me ok lor
"Sorry, I'll call later ok bye",0,none,english,uci,sorry i ll call later ok bye
"Hello ma'am Amazon se bol raha hoon. Aapka parcel hold hai, clearance charge ₹499 dena hoga.",1,bank_kyc,hinglish,indian,hello ma am amazon se bol raha hoon aapka parcel hold hai clearance charge 499 dena hoga
Nite nite pocay wocay luv u more than n e thing 4eva I promise ring u 2morrowxxxx,0,none,english,uci,nite nite pocay wocay luv u more than n e thing 4eva i promise ring u 2morrowxxxx
"Dhyan se suniye Beta ghar aa gaya hoon, darwaza khol do.",0,none,hinglish,indian,dhyan se suniye beta ghar aa gaya hoon darwaza khol do
Ok.,0,none,english,uci,ok
You only hate me. You can call any but you didnt accept even a single call of mine. Or even you messaged,0,none,english,uci,you only hate me you can call any but you didnt accept even a single call of mine or even you messaged
What???? Hello wats talks email address?,0,none,english,uci,what hello wats talks email address
Cyber Crime Department se bol raha hoon. Aapke naam par registered SIM ka misuse report hua hai.,1,police_digital_arrest,hinglish,indian,cyber crime department se bol raha hoon aapke naam par registered sim ka misuse report hua hai
Watching tv lor... Y she so funny we bluff her 4 wat. Izzit because she thk it's impossible between us?,0,none,english,uci,watching tv lor y she so funny we bluff her 4 wat izzit because she thk it s impossible between us
Please tell me you have some of that special stock you were talking about,0,none,english,uci,please tell me you have some of that special stock you were talking about
"Dear Voucher Holder, To claim this weeks offer, at you PC please go to http://www.e-tlp.co.uk/expressoffer Ts&Cs apply. To stop texts, txt STOP to 80062",1,general_spam,english,uci,dear voucher holder to claim this weeks offer at you pc please go to ts cs apply to stop texts txt stop to 80062
"Delhi Police se bol raha hoon. Amazon se bol raha hoon. Aapka parcel hold hai, clearance charge ₹499 dena hoga.",1,aadhaar,hinglish,indian,delhi police se bol raha hoon amazon se bol raha hoon aapka parcel hold hai clearance charge 499 dena hoga
Am new 2 club & dont fink we met yet Will B gr8 2 C U Please leave msg 2day wiv ur area 09099726553 reply promised CARLIE x Calls£1/minMobsmore LKPOBOX177HP51FL,1,general_spam,english,uci,am new 2 club dont fink we met yet will b gr8 2 c u please leave msg 2day wiv ur area reply promised carlie x calls 1 minmobsmore lkpobox177hp51fl
I'm not driving... Raining! Then i'll get caught at e mrt station lor.,0,none,english,uci,i m not driving raining then i ll get caught at e mrt station lor
How about getting in touch with folks waiting for company? Just txt back your NAME and AGE to opt in! Enjoy the community (150p/SMS),1,general_spam,english,uci,how about getting in touch with folks waiting for company just txt back your name and age to opt in enjoy the community 150p sms
Don‘t give a flying monkeys wot they think and I certainly don‘t mind. Any friend of mine and all that!,0,none,english,uci,don t give a flying monkeys wot they think and i certainly don t mind any friend of mine and all that
Lara said she can loan me  &lt;#&gt; .,0,none,english,uci,lara said she can loan me
Hello sir Aapka Aadhaar deactivate hone wala hai. Turant update kijiye.,1,bank_kyc,hinglish,indian,hello sir aapka aadhaar deactivate hone wala hai turant update kijiye
"Depends on quality. If you want the type i sent boye, faded glory, then about 6. If you want ralphs maybe 2",0,none,english,uci,depends on quality if you want the type i sent boye faded glory then about 6 if you want ralphs maybe 2
"Aight, can you text me the address?",0,none,english,uci,aight can you text me the address
1 I don't have her number and 2 its gonna be a massive pain in the ass and i'd rather not get involved if that's possible,0,none,english,uci,1 i don t have her number and 2 its gonna be a massive pain in the ass and i d rather not get involved if that s possible
ACP Sharma bol raha hoon. Aapke khilaaf digital fraud complaint receive hui hai.,1,police_digital_arrest,hinglish,indian,acp sharma bol raha hoon aapke khilaaf digital fraud complaint receive hui hai
Except theres a chick with huge boobs.,0,none,english,uci,except theres a chick with huge boobs
Daddy will take good care of you :),0,none,english,uci,daddy will take good care of you
Yes.he have good crickiting mind,0,none,english,uci,yes he have good crickiting mind
"Also sir, i sent you an email about how to log into the usc payment portal. I.ll send you another message that should explain how things are back home. Have a great weekend.",0,none,english,uci,also sir i sent you an email about how to log into the usc payment portal i ll send you another message that should explain how things are back home have a great weekend
I'd like to tell you my deepest darkest fantasies. Call me 09094646631 just 60p/min. To stop texts call 08712460324 (nat rate),1,general_spam,english,uci,i d like to tell you my deepest darkest fantasies call me just 60p min to stop texts call nat rate
Aah bless! How's your arm?,0,none,english,uci,aah bless how s your arm
Cold. Dont be sad dear,0,none,english,uci,cold dont be sad dear
Have you laid your airtel line to rest?,0,none,english,uci,have you laid your airtel line to rest
Cool. So how come you havent been wined and dined before?,0,none,english,uci,cool so how come you havent been wined and dined before
Is there any movie theatre i can go to and watch unlimited movies and just pay once?,0,none,english,uci,is there any movie theatre i can go to and watch unlimited movies and just pay once
Should i send you naughty pix? :),0,none,english,uci,should i send you naughty pix
"HI HUN! IM NOT COMIN 2NITE-TELL EVERY1 IM SORRY 4 ME, HOPE U AVA GOODTIME!OLI RANG MELNITE IFINK IT MITE B SORTED,BUT IL EXPLAIN EVERYTHIN ON MON.L8RS.x",0,none,english,uci,hi hun im not comin 2nite tell every1 im sorry 4 me hope u ava goodtime oli rang melnite ifink it mite b sorted but il explain everythin on mon l8rs x
Delhi Police se bol raha hoon. Congratulations! Aapne ₹40 lakh ka lottery jeeta hai. Processing fee dena hoga.,1,relative,hinglish,indian,delhi police se bol raha hoon congratulations aapne 40 lakh ka lottery jeeta hai processing fee dena hoga
Hello sir Congratulations! Aapne ₹40 lakh ka lottery jeeta hai. Processing fee dena hoga.,1,relative,hinglish,indian,hello sir congratulations aapne 40 lakh ka lottery jeeta hai processing fee dena hoga
You have WON a guaranteed £1000 cash or a £2000 prize. To claim yr prize call our customer service representative on 08714712412 between 10am-7pm Cost 10p,1,general_spam,english,uci,you have won a guaranteed 1000 cash or a 2000 prize to claim yr prize call our customer service representative on between 10am 7pm cost 10p
Thanx 4 e brownie it's v nice...,0,none,english,uci,thanx 4 e brownie it s v nice
Hey!!! I almost forgot ... Happy B-day babe ! I love ya!!,0,none,english,uci,hey i almost forgot happy b day babe i love ya
Cyber Crime Department se bol raha hoon. Police verification complete karna zaroori hai.,1,police_digital_arrest,hinglish,indian,cyber crime department se bol raha hoon police verification complete karna zaroori hai
Can you please send me my aunty's number,0,none,english,uci,can you please send me my aunty s number
Are you planning to come chennai?,0,none,english,uci,are you planning to come chennai
"Me also da, i feel yesterday night  wait til 2day night dear.",0,none,english,uci,me also da i feel yesterday night wait til 2day night dear
CBI se bol raha hoon. National Cyber Cell se bol raha hoon. Verification ke liye cooperate kijiye.,1,police_digital_arrest,hinglish,indian,cbi se bol raha hoon national cyber cell se bol raha hoon verification ke liye cooperate kijiye
Ji namaskar Aapke Aadhaar card ka istemal karke fake SIM issue ki gayi hai.,1,police_digital_arrest,hinglish,indian,ji namaskar aapke aadhaar card ka istemal karke fake sim issue ki gayi hai
I dunno until when... Lets go learn pilates...,0,none,english,uci,i dunno until when lets go learn pilates
"YEH I AM DEF UP4 SOMETHING SAT,JUST GOT PAYED2DAY & I HAVBEEN GIVEN A£50 PAY RISE 4MY WORK & HAVEBEEN MADE PRESCHOOLCO-ORDINATOR 2I AM FEELINGOOD LUV",0,none,english,uci,yeh i am def up4 something sat just got payed2day i havbeen given a 50 pay rise 4my work havebeen made preschoolco ordinator 2i am feelingood luv
Nvm take ur time.,0,none,english,uci,nvm take ur time
Ah poop. Looks like ill prob have to send in my laptop to get fixed cuz it has a gpu problem,0,none,english,uci,ah poop looks like ill prob have to send in my laptop to get fixed cuz it has a gpu problem
No. But we'll do medical missions to nigeria,0,none,english,uci,no but we ll do medical missions to nigeria
Were somewhere on Fredericksburg,0,none,english,uci,were somewhere on fredericksburg
How was txting and driving,0,none,english,uci,how was txting and driving
Yup... Hey then one day on fri we can ask miwa and jiayin take leave go karaoke ,0,none,english,uci,yup hey then one day on fri we can ask miwa and jiayin take leave go karaoke
I want to be inside you every night...,0,none,english,uci,i want to be inside you every night
"Your free ringtone is waiting to be collected. Simply text the password ""MIX"" to 85069 to verify. Get Usher and Britney. FML, PO Box 5249, MK17 92H. 450Ppw 16",1,general_spam,english,uci,your free ringtone is waiting to be collected simply text the password mix to 85069 to verify get usher and britney fml po box 5249 mk17 92h 450ppw 16
Namaste sir Aapke naam par registered account illegal activities mein use hua hai.,1,police_digital_arrest,hinglish,indian,namaste sir aapke naam par registered account illegal activities mein use hua hai
Send this to ur friends and receive something about ur voice..... How is my speaking expression? 1.childish 2.naughty 3.Sentiment 4.rowdy 5.ful of attitude 6.romantic 7.shy 8.Attractive 9.funny  &lt;#&gt; .irritating  &lt;#&gt; .lovable. reply me..,0,none,english,uci,send this to ur friends and receive something about ur voice how is my speaking expression 1 childish 2 naughty 3 sentiment 4 rowdy 5 ful of attitude 6 romantic 7 shy 8 attractive 9 funny irritating lovable reply me
Hello ji Aapka mobile number cyber fraud investigation mein aaya hai.,1,police_digital_arrest,hinglish,indian,hello ji aapka mobile number cyber fraud investigation mein aaya hai
Re your call; You didn't see my facebook huh?,0,none,english,uci,re your call you didn t see my facebook huh
Sorry me going home first... Daddy come fetch ü later...,0,none,english,uci,sorry me going home first daddy come fetch later
How much she payed. Suganya.,0,none,english,uci,how much she payed suganya
PRIVATE! Your 2003 Account Statement for 07808247860 shows 800 un-redeemed S. I. M. points. Call 08719899229 Identifier Code: 40411 Expires 06/11/04,1,general_spam,english,uci,private your 2003 account statement for shows 800 un redeemed s i m points call identifier code 40411 expires 06 11 04
I couldn't say no as he is a dying man and I feel sad for him so I will go and I just wanted you to know I would probably be gone late into your night,0,none,english,uci,i couldn t say no as he is a dying man and i feel sad for him so i will go and i just wanted you to know i would probably be gone late into your night
You still coming tonight?,0,none,english,uci,you still coming tonight
Ok i am on the way to home hi hi,0,none,english,uci,ok i am on the way to home hi hi
True lov n care wil nevr go unrecognized. though somone often makes mistakes when valuing it. but they will definitly undrstnd once when they start missing it.,0,none,english,uci,true lov n care wil nevr go unrecognized though somone often makes mistakes when valuing it but they will definitly undrstnd once when they start missing it
"Yes, i'm small kid.. And boost is the secret of my energy..",0,none,english,uci,yes i m small kid and boost is the secret of my energy
National Cyber Cell se bol raha hoon. Aapke khilaaf digital fraud complaint receive hui hai.,1,police_digital_arrest,hinglish,indian,national cyber cell se bol raha hoon aapke khilaaf digital fraud complaint receive hui hai
He telling not to tell any one. If so treat for me hi hi hi,0,none,english,uci,he telling not to tell any one if so treat for me hi hi hi
Feel Yourself That You Are Always Happy.. Slowly It Becomes Your Habit &amp; Finally It Becomes Part Of Your Life.. Follow It.. Happy Morning &amp; Have A Happy Day:),0,none,english,uci,feel yourself that you are always happy slowly it becomes your habit finally it becomes part of your life follow it happy morning have a happy day
And of course you should make a stink!,0,none,english,uci,and of course you should make a stink
lyricalladie(21/F) is inviting you to be her friend. Reply YES-910 or NO-910. See her: www.SMS.ac/u/hmmross STOP? Send STOP FRND to 62468,1,general_spam,english,uci,lyricalladie 21 f is inviting you to be her friend reply yes 910 or no 910 see her stop send stop frnd to 62468
First has she gained more than  &lt;#&gt; kg since she took in. Second has she done the blood sugar tests. If she has and its ok and her blood pressure is within normal limits then no worries,0,none,english,uci,first has she gained more than kg since she took in second has she done the blood sugar tests if she has and its ok and her blood pressure is within normal limits then no worries
Ok can...,0,none,english,uci,ok can
COME BACK TO TAMPA FFFFUUUUUUU,0,none,english,uci,come back to tampa ffffuuuuuuu
"I think we're going to finn's now, come",0,none,english,uci,i think we re going to finn s now come
Crime Branch se bol raha hoon. Aapko investigation officer se turant baat karni hogi.,1,police_digital_arrest,hinglish,indian,crime branch se bol raha hoon aapko investigation officer se turant baat karni hogi
No problem. We will be spending a lot of quality time together...,0,none,english,uci,no problem we will be spending a lot of quality time together
You are gorgeous! keep those pix cumming :) thank you!,0,none,english,uci,you are gorgeous keep those pix cumming thank you
Hey come online! Use msn... We are all there,0,none,english,uci,hey come online use msn we are all there
FREE entry into our £250 weekly comp just send the word WIN to 80086 NOW. 18 T&C www.txttowin.co.uk,1,general_spam,english,uci,free entry into our 250 weekly comp just send the word win to 80086 now 18 t c
Is toshiba portege m100 gd?,0,none,english,uci,is toshiba portege m100 gd
"To review and KEEP the fantastic Nokia N-Gage game deck with Club Nokia, go 2 www.cnupdates.com/newsletter. unsubscribe from alerts reply with the word OUT",1,general_spam,english,uci,to review and keep the fantastic nokia n gage game deck with club nokia go 2 unsubscribe from alerts reply with the word out
Oh yeah clearly it's my fault,0,none,english,uci,oh yeah clearly it s my fault
PISS IS TALKING IS SOMEONE THAT REALISE U THAT POINT THIS AT IS IT.(NOW READ IT BACKWARDS),0,none,english,uci,piss is talking is someone that realise u that point this at is it now read it backwards
Dear got train and seat mine lower seat,0,none,english,uci,dear got train and seat mine lower seat
Hey hun-onbus goin 2 meet him. He wants 2go out 4a meal but I donyt feel like it cuz have 2 get last bus home!But hes sweet latelyxxx,0,none,english,uci,hey hun onbus goin 2 meet him he wants 2go out 4a meal but i donyt feel like it cuz have 2 get last bus home but hes sweet latelyxxx
Was actually sleeping and still might when u call back. So a text is gr8. You rock sis. Will send u a text wen i wake.,0,none,english,uci,was actually sleeping and still might when u call back so a text is gr8 you rock sis will send u a text wen i wake
"Yeah hopefully, if tyler can't do it I could maybe ask around a bit",0,none,english,uci,yeah hopefully if tyler can t do it i could maybe ask around a bit
Dhyan se suniye Project ka review meeting kal 4 baje hai kya?,0,none,hinglish,indian,dhyan se suniye project ka review meeting kal 4 baje hai kya
How are you. Just checking up on you,0,none,english,uci,how are you just checking up on you
"Damn, can you make it tonight or do you want to just wait til tomorrow",0,none,english,uci,damn can you make it tonight or do you want to just wait til tomorrow
Yeah if we do have to get a random dude we need to change our info sheets to PARTY  &lt;#&gt; /7 NEVER STUDY just to be safe,0,none,english,uci,yeah if we do have to get a random dude we need to change our info sheets to party 7 never study just to be safe
Inspector Rajesh Kumar bol raha hoon. Aapka KYC pending hai. Account 2 ghante mein block ho jayega. OTP share kijiye.,1,bank_kyc,hinglish,indian,inspector rajesh kumar bol raha hoon aapka kyc pending hai account 2 ghante mein block ho jayega otp share kijiye
"Fun fact: although you would think armand would eventually build up a tolerance or some shit considering how much he smokes, he gets fucked up in like 2 hits",0,none,english,uci,fun fact although you would think armand would eventually build up a tolerance or some shit considering how much he smokes he gets fucked up in like 2 hits
Yeah he got in at 2 and was v apologetic. n had fallen out and she was actin like spoilt child and he got caught up in that. Till 2! But we won't go there! Not doing too badly cheers. You? ,0,none,english,uci,yeah he got in at 2 and was v apologetic n had fallen out and she was actin like spoilt child and he got caught up in that till 2 but we won t go there not doing too badly cheers you
"Cyber Crime Department se bol raha hoon. Aapke father ko accident ho gaya hai. Turant 50,000 bhej dijiye hospital ke liye.",1,amazon,hinglish,indian,cyber crime department se bol raha hoon aapke father ko accident ho gaya hai turant 50 000 bhej dijiye hospital ke liye
First answer my question.,0,none,english,uci,first answer my question
"It could work, we'll reach a consensus at the next meeting",0,none,english,uci,it could work we ll reach a consensus at the next meeting
K:)k:)good:)study well.,0,none,english,uci,k k good study well
Ji haan suniye Investigation ke liye aapki identity verify karni hogi.,1,police_digital_arrest,hinglish,indian,ji haan suniye investigation ke liye aapki identity verify karni hogi
I dont have any of your file in my bag..i was in work when you called me.i 'll tell you if i find anything in my room.,0,none,english,uci,i dont have any of your file in my bag i was in work when you called me i ll tell you if i find anything in my room
Yes see ya not on the dot,0,none,english,uci,yes see ya not on the dot
Love that holiday Monday feeling even if I have to go to the dentists in an hour,0,none,english,uci,love that holiday monday feeling even if i have to go to the dentists in an hour
Just come home. I don't want u to be miserable,0,none,english,uci,just come home i don t want u to be miserable
I not busy juz dun wan 2 go so early.. Hee.. ,0,none,english,uci,i not busy juz dun wan 2 go so early hee
Then u go back urself lor...,0,none,english,uci,then u go back urself lor
You still at the game?,0,none,english,uci,you still at the game
I got a call from a landline number. . . I am asked to come to anna nagar . . . I will go in the afternoon,0,none,english,uci,i got a call from a landline number i am asked to come to anna nagar i will go in the afternoon
Hows the street where the end of library walk is?,0,none,english,uci,hows the street where the end of library walk is
Lol I have to take it. member how I said my aunt flow didn't visit for 6 months? It's cause I developed ovarian cysts. Bc is the only way to shrink them.,0,none,english,uci,lol i have to take it member how i said my aunt flow didn t visit for 6 months it s cause i developed ovarian cysts bc is the only way to shrink them
I.ll post her out l8r. In class,0,none,english,uci,i ll post her out l8r in class
I'm really sorry I lit your hair on fire,0,none,english,uci,i m really sorry i lit your hair on fire
"our mobile number has won £5000, to claim calls us back or ring the claims hot line on 09050005321.",1,general_spam,english,uci,our mobile number has won 5000 to claim calls us back or ring the claims hot line on
Yup next stop.,0,none,english,uci,yup next stop
K:)k:)what are detail you want to transfer?acc no enough?,0,none,english,uci,k k what are detail you want to transfer acc no enough
"Sir, i am waiting for your call, once free please call me.",0,none,english,uci,sir i am waiting for your call once free please call me
I'm coming home 4 dinner.,0,none,english,uci,i m coming home 4 dinner
"Two fundamentals of cool life: ""Walk, like you are the KING""...! OR ""Walk like you Dont care,whoever is the KING""!... Gud nyt",0,none,english,uci,two fundamentals of cool life walk like you are the king or walk like you dont care whoever is the king gud nyt
Yo dude guess who just got arrested the other day,0,none,english,uci,yo dude guess who just got arrested the other day
I'm still pretty weak today .. Bad day ?,0,none,english,uci,i m still pretty weak today bad day
Yes:)here tv is always available in work place..,0,none,english,uci,yes here tv is always available in work place
1st wk FREE! Gr8 tones str8 2 u each wk. Txt NOKIA ON to 8007 for Classic Nokia tones or HIT ON to 8007 for Polys. Nokia/150p Poly/200p 16+,1,general_spam,english,uci,1st wk free gr8 tones str8 2 u each wk txt nokia on to 8007 for classic nokia tones or hit on to 8007 for polys nokia 150p poly 200p 16
Goodo! Yes we must speak friday - egg-potato ratio for tortilla needed! ,0,none,english,uci,goodo yes we must speak friday egg potato ratio for tortilla needed
Lol that's different. I don't go trying to find every real life photo you ever took.,0,none,english,uci,lol that s different i don t go trying to find every real life photo you ever took
"National Cyber Cell se bol raha hoon. Aapke father ko accident ho gaya hai. Turant 50,000 bhej dijiye hospital ke liye.",1,aadhaar,hinglish,indian,national cyber cell se bol raha hoon aapke father ko accident ho gaya hai turant 50 000 bhej dijiye hospital ke liye
Hello my little party animal! I just thought I'd buzz you as you were with your friends ...*grins*... Reminding you were loved and send a naughty adoring kiss,0,none,english,uci,hello my little party animal i just thought i d buzz you as you were with your friends grins reminding you were loved and send a naughty adoring kiss
Dude got a haircut. Now its breezy up there,0,none,english,uci,dude got a haircut now its breezy up there
Special Investigation Team se bol raha hoon. Investigation ke liye aapki identity verify karni hogi.,1,police_digital_arrest,hinglish,indian,special investigation team se bol raha hoon investigation ke liye aapki identity verify karni hogi
Hello sir Aapke naam par money laundering case register hua hai.,1,police_digital_arrest,hinglish,indian,hello sir aapke naam par money laundering case register hua hai
"FREE2DAY sexy St George's Day pic of Jordan!Txt PIC to 89080 dont miss out, then every wk a saucy celeb!4 more pics c PocketBabe.co.uk 0870241182716 £3/wk",1,general_spam,english,uci,free2day sexy st george s day pic of jordan txt pic to 89080 dont miss out then every wk a saucy celeb 4 more pics c pocketbabe co uk 3 wk
I'm in town now so i'll jus take mrt down later.,0,none,english,uci,i m in town now so i ll jus take mrt down later
I am in office:)whats the matter..msg me now.i will call you at break:).,0,none,english,uci,i am in office whats the matter msg me now i will call you at break
Inspector Rajesh Kumar bol raha hoon. Cyber investigation team ko aapke number se suspicious activity mili hai.,1,police_digital_arrest,hinglish,indian,inspector rajesh kumar bol raha hoon cyber investigation team ko aapke number se suspicious activity mili hai
Ji haan suniye Aapke naam par ek criminal complaint register hui hai.,1,police_digital_arrest,hinglish,indian,ji haan suniye aapke naam par ek criminal complaint register hui hai
"True. It is passable. And if you get a high score and apply for phd, you get 5years of salary. So it makes life easier.",0,none,english,uci,true it is passable and if you get a high score and apply for phd you get 5years of salary so it makes life easier
Probably gonna swing by in a wee bit,0,none,english,uci,probably gonna swing by in a wee bit
Yup n her fren lor. I'm meeting my fren at 730.,0,none,english,uci,yup n her fren lor i m meeting my fren at 730
"Crime Branch se bol raha hoon. Amazon se bol raha hoon. Aapka parcel hold hai, clearance charge ₹499 dena hoga.",1,lottery,hinglish,indian,crime branch se bol raha hoon amazon se bol raha hoon aapka parcel hold hai clearance charge 499 dena hoga
Hmm .. Bits and pieces lol ... *sighs* ...,0,none,english,uci,hmm bits and pieces lol sighs
Namaste sir Cyber investigation team ko aapke number se suspicious activity mili hai.,1,police_digital_arrest,hinglish,indian,namaste sir cyber investigation team ko aapke number se suspicious activity mili hai
Ji namaskar Congratulations! Aapne ₹40 lakh ka lottery jeeta hai. Processing fee dena hoga.,1,bank_kyc,hinglish,indian,ji namaskar congratulations aapne 40 lakh ka lottery jeeta hai processing fee dena hoga
Hey morning what you come to ask:-) pa...,0,none,english,uci,hey morning what you come to ask pa
"Ji haan suniye Sir kal subah 10 baje meeting hai, agenda mail kar diya.",0,none,hinglish,indian,ji haan suniye sir kal subah 10 baje meeting hai agenda mail kar diya
Dhyan se suniye Cab 3 minute mein pahunch raha hai.,0,none,hinglish,indian,dhyan se suniye cab 3 minute mein pahunch raha hai
I donno if they are scorable,0,none,english,uci,i donno if they are scorable
Y lei?,0,none,english,uci,y lei
"Yep, the great loxahatchee xmas tree burning of  &lt;#&gt;  starts in an hour",0,none,english,uci,yep the great loxahatchee xmas tree burning of starts in an hour
Text & meet someone sexy today. U can find a date or even flirt its up to U. Join 4 just 10p. REPLY with NAME & AGE eg Sam 25. 18 -msg recd@thirtyeight pence,1,general_spam,english,uci,text meet someone sexy today u can find a date or even flirt its up to u join 4 just 10p reply with name age eg sam 25 18 msg pence
Finished class where are you.,0,none,english,uci,finished class where are you
Natalie (20/F) is inviting you to be her friend. Reply YES-165 or NO-165 See her: www.SMS.ac/u/natalie2k9 STOP? Send STOP FRND to 62468,1,general_spam,english,uci,natalie 20 f is inviting you to be her friend reply yes 165 or no 165 see her stop send stop frnd to 62468
How's it going? Got any exciting karaoke type activities planned? I'm debating whether to play football this eve. Feeling lazy though.,0,none,english,uci,how s it going got any exciting karaoke type activities planned i m debating whether to play football this eve feeling lazy though
They said ü dun haf passport or smth like dat.. Or ü juz send to my email account..  ,0,none,english,uci,they said dun haf passport or smth like dat or juz send to my email account
V skint too but fancied few bevies.waz gona go meet &othrs in spoon but jst bin watchng planet earth&sofa is v comfey; If i dont make it hav gd night,0,none,english,uci,v skint too but fancied few bevies waz gona go meet othrs in spoon but jst bin watchng planet earth sofa is v comfey if i dont make it hav gd night
"I'm not smoking while people use ""wylie smokes too much"" to justify ruining my shit",0,none,english,uci,i m not smoking while people use wylie smokes too much to justify ruining my shit
Ard 6 like dat lor.,0,none,english,uci,ard 6 like dat lor
"Especially since i talk about boston all up in my personal statement, lol! I woulda changed that if i had realized it said nyc! It says boston now.",0,none,english,uci,especially since i talk about boston all up in my personal statement lol i woulda changed that if i had realized it said nyc it says boston now
Lol no. U can trust me.,0,none,english,uci,lol no u can trust me
Cyber Crime Department se bol raha hoon. Aapke naam par money laundering case register hua hai.,1,police_digital_arrest,hinglish,indian,cyber crime department se bol raha hoon aapke naam par money laundering case register hua hai
Not thought bout it... || Drink in tap & spile at seven. || Is that pub on gas st off broad st by canal. || Ok?,0,none,english,uci,not thought bout it drink in tap spile at seven is that pub on gas st off broad st by canal ok
Was the actual exam harder than NBME,0,none,english,uci,was the actual exam harder than nbme
HIYA COMIN 2 BRISTOL 1 ST WEEK IN APRIL. LES GOT OFF + RUDI ON NEW YRS EVE BUT I WAS SNORING.THEY WERE DRUNK! U BAK AT COLLEGE YET? MY WORK SENDS INK 2 BATH.,0,none,english,uci,hiya comin 2 bristol 1 st week in april les got off rudi on new yrs eve but i was snoring they were drunk u bak at college yet my work sends ink 2 bath
You want to go? ,0,none,english,uci,you want to go
Namaste sir Congratulations! Aapne ₹40 lakh ka lottery jeeta hai. Processing fee dena hoga.,1,lottery,hinglish,indian,namaste sir congratulations aapne 40 lakh ka lottery jeeta hai processing fee dena hoga
Police headquarters se bol raha hoon. Crime Branch se bol raha hoon. Aapke account se suspicious transactions hui hain.,1,police_digital_arrest,hinglish,indian,police headquarters se bol raha hoon crime branch se bol raha hoon aapke account se suspicious transactions hui hain
I tot u reach liao. He said t-shirt.,0,none,english,uci,i tot u reach liao he said t shirt
Ok give me 5 minutes I think I see her. BTW you're my alibi. You were cutting my hair the whole time.,0,none,english,uci,ok give me 5 minutes i think i see her btw you re my alibi you were cutting my hair the whole time
Men like shorter ladies. Gaze up into his eyes.,0,none,english,uci,men like shorter ladies gaze up into his eyes
You could have seen me..i did't recognise you Face.:),0,none,english,uci,you could have seen me i did t recognise you face
Here got lots of hair dresser fr china.,0,none,english,uci,here got lots of hair dresser fr china
Eh u send wrongly lar...,0,none,english,uci,eh u send wrongly lar
K..k..i'm also fine:)when will you complete the course?,0,none,english,uci,k k i m also fine when will you complete the course
Great! So what attracts you to the brothas?,0,none,english,uci,great so what attracts you to the brothas
"Sir, I need AXIS BANK account no and bank address.",0,none,english,uci,sir i need axis bank account no and bank address
Call him and say you not coming today ok and tell them not to fool me like this ok,0,none,english,uci,call him and say you not coming today ok and tell them not to fool me like this ok
Namaste sir Congratulations! Aapne ₹40 lakh ka lottery jeeta hai. Processing fee dena hoga.,1,relative,hinglish,indian,namaste sir congratulations aapne 40 lakh ka lottery jeeta hai processing fee dena hoga
ree entry in 2 a weekly comp for a chance to win an ipod. Txt POD to 80182 to get entry (std txt rate) T&C's apply 08452810073 for details 18+,1,general_spam,english,uci,ree entry in 2 a weekly comp for a chance to win an ipod txt pod to 80182 to get entry std txt rate t c s apply for details 18
National Cyber Cell se bol raha hoon. Aapka KYC pending hai. Account 2 ghante mein block ho jayega. OTP share kijiye.,1,amazon,hinglish,indian,national cyber cell se bol raha hoon aapka kyc pending hai account 2 ghante mein block ho jayega otp share kijiye
"That's the trouble with classes that go well - you're due a dodgey one … Expecting mine tomo! See you for recovery, same time, same place ",0,none,english,uci,that s the trouble with classes that go well you re due a dodgey one expecting mine tomo see you for recovery same time same place
"Sorry, it's a lot of friend-of-a-friend stuff, I'm just now about to talk to the actual guy who wants to buy",0,none,english,uci,sorry it s a lot of friend of a friend stuff i m just now about to talk to the actual guy who wants to buy
Hey you gave them your photo when you registered for driving ah? Tmr wanna meet at yck? ,0,none,english,uci,hey you gave them your photo when you registered for driving ah tmr wanna meet at yck
"Ya they are well and fine., BBD(pooja) full pimples..even she become quite black..and ur rite here its too cold, wearing sweatter..",0,none,english,uci,ya they are well and fine bbd pooja full pimples even she become quite black and ur rite here its too cold wearing sweatter
"I have 2 sleeping bags, 1 blanket and paper and  phone details. Anything else?",0,none,english,uci,i have 2 sleeping bags 1 blanket and paper and phone details anything else
He like not v shock leh. Cos telling shuhui is like telling leona also. Like dat almost all know liao. He got ask me abt ur reaction lor.,0,none,english,uci,he like not v shock leh cos telling shuhui is like telling leona also like dat almost all know liao he got ask me abt ur reaction lor
Free entry in 2 a weekly comp for a chance to win an ipod. Txt POD to 80182 to get entry (std txt rate) T&C's apply 08452810073 for details 18+,1,general_spam,english,uci,free entry in 2 a weekly comp for a chance to win an ipod txt pod to 80182 to get entry std txt rate t c s apply for details 18
would u fuckin believe it they didnt know i had thurs pre booked off so they re cancelled me AGAIN! that needs to b sacked,0,none,english,uci,would u fuckin believe it they didnt know i had thurs pre booked off so they re cancelled me again that needs to b sacked
EY! CALM DOWNON THEACUSATIONS.. ITXT U COS IWANA KNOW WOTU R DOIN AT THEW/END... HAVENTCN U IN AGES..RING ME IF UR UP4 NETHING SAT.LOVE J XXX.,0,none,english,uci,ey calm downon theacusations itxt u cos iwana know wotu r doin at thew end haventcn u in ages ring me if ur up4 nething sat love j xxx
Ok... But they said i've got wisdom teeth hidden inside n mayb need 2 remove.,0,none,english,uci,ok but they said i ve got wisdom teeth hidden inside n mayb need 2 remove
U reach orchard already? U wan 2 go buy tickets first?,0,none,english,uci,u reach orchard already u wan 2 go buy tickets first
Should I be stalking u?,0,none,english,uci,should i be stalking u
G.W.R,0,none,english,uci,g w r
What you thinked about me. First time you saw me in class.,0,none,english,uci,what you thinked about me first time you saw me in class
R u meeting da ge at nite tmr?,0,none,english,uci,r u meeting da ge at nite tmr
Namaste sir Aapka order deliver ho chuka hai. Feedback de dena.,0,none,hinglish,indian,namaste sir aapka order deliver ho chuka hai feedback de dena
Moby Pub Quiz.Win a £100 High Street prize if u know who the new Duchess of Cornwall will be? Txt her first name to 82277.unsub STOP £1.50 008704050406 SP,1,general_spam,english,uci,moby pub quiz win a 100 high street prize if u know who the new duchess of cornwall will be txt her first name to 82277 unsub stop 1 50 sp
Please dont say like that. Hi hi hi,0,none,english,uci,please dont say like that hi hi hi
645,0,none,english,uci,645
Mum say we wan to go then go... Then she can shun bian watch da glass exhibition... ,0,none,english,uci,mum say we wan to go then go then she can shun bian watch da glass exhibition
Special Investigation Team se bol raha hoon. Congratulations! Aapne ₹40 lakh ka lottery jeeta hai. Processing fee dena hoga.,1,aadhaar,hinglish,indian,special investigation team se bol raha hoon congratulations aapne 40 lakh ka lottery jeeta hai processing fee dena hoga
Then mum's repent how?,0,none,english,uci,then mum s repent how
I don't know jack shit about anything or i'd say/ask something helpful but if you want you can pretend that I did and just text me whatever in response to the hypotheticalhuagauahahuagahyuhagga,0,none,english,uci,i don t know jack shit about anything or i d say ask something helpful but if you want you can pretend that i did and just text me whatever in response to the hypotheticalhuagauahahuagahyuhagga
"I am in tirupur da, once you started from office call me.",0,none,english,uci,i am in tirupur da once you started from office call me
Hope you are having a great day.,0,none,english,uci,hope you are having a great day
"Dhyan se suniye Mummy main office pahunch gaya, aaj thoda late ho jaunga.",0,none,hinglish,indian,dhyan se suniye mummy main office pahunch gaya aaj thoda late ho jaunga
"No i'm not. I can't give you everything you want and need. You actually could do better for yourself on yor own--you've got more money than i do. I can't get work, i can't get a man, i can't pay the rent, i can't even fill my fucking gas tank. yes, i'm stressed and depressed. I didn't even call home for thanksgiving cuz i'll have to tell them i,m up to nothing.",0,none,english,uci,no i m not i can t give you everything you want and need you actually could do better for yourself on yor own you ve got more money than i do i can t get work i can t get a man i can t pay the rent i can t even fill my fucking gas tank yes i m stressed and depressed i didn t even call home for thanksgiving cuz i ll have to tell them i m up to nothing
"Remember all those whom i hurt during days of satanic imposter in me.need to pay a price,so be it.may destiny keep me going and as u said pray that i get the mind to get over the same.",0,none,english,uci,remember all those whom i hurt during days of satanic imposter in me need to pay a price so be it may destiny keep me going and as u said pray that i get the mind to get over the same
Thank You meet you monday,0,none,english,uci,thank you meet you monday
FREE camera phones with linerental from 4.49/month with 750 cross ntwk mins. 1/2 price txt bundle deals also avble. Call 08001950382 or call2optout/J MF,1,general_spam,english,uci,free camera phones with linerental from 4 49 month with 750 cross ntwk mins 1 2 price txt bundle deals also avble call or call2optout j mf
En chikku nange bakra msg kalstiya..then had tea/coffee?,0,none,english,uci,en chikku nange bakra msg kalstiya then had tea coffee
Be happy there. I will come after noon,0,none,english,uci,be happy there i will come after noon
jay says he'll put in  &lt;#&gt;,0,none,english,uci,jay says he ll put in
Send me your id and password,0,none,english,uci,send me your id and password
Sorry i missed your call. Can you please call back.,0,none,english,uci,sorry i missed your call can you please call back
Sir ek minute suniye Aapke naam par money laundering case register hua hai.,1,police_digital_arrest,hinglish,indian,sir ek minute suniye aapke naam par money laundering case register hua hai
Rofl. Its true to its name,0,none,english,uci,rofl its true to its name
Full heat pa:-) i have applyed oil pa.,0,none,english,uci,full heat pa i have applyed oil pa
Lol please do. Actually send a pic of yourself right now. I wanna see. Pose with a comb and hair dryer or something.,0,none,english,uci,lol please do actually send a pic of yourself right now i wanna see pose with a comb and hair dryer or something
"sir, you will receive the account no another 1hr time. Sorry for the delay.",0,none,english,uci,sir you will receive the account no another 1hr time sorry for the delay
Wot about on wed nite I am 3 then but only til 9!,0,none,english,uci,wot about on wed nite i am 3 then but only til 9
Id onluy matters when getting on from offcampus,0,none,english,uci,id onluy matters when getting on from offcampus
Am surfing online store. For offers do you want to buy any thing.,0,none,english,uci,am surfing online store for offers do you want to buy any thing
No one interested. May be some business plan.,0,none,english,uci,no one interested may be some business plan
"Yeah work is fine, started last week, all the same stuff as before, dull but easy and guys are fun!",0,none,english,uci,yeah work is fine started last week all the same stuff as before dull but easy and guys are fun
I sent them. Do you like?,0,none,english,uci,i sent them do you like
The length is e same but e top shorter n i got a fringe now. I thk i'm not going liao. Too lazy. Dun wan 2 distract u also.,0,none,english,uci,the length is e same but e top shorter n i got a fringe now i thk i m not going liao too lazy dun wan 2 distract u also
"Machan you go to gym tomorrow,  i wil come late goodnight.",0,none,english,uci,machan you go to gym tomorrow i wil come late goodnight
have you ever had one foot before?,0,none,english,uci,have you ever had one foot before
"Fair enough, anything going on?",0,none,english,uci,fair enough anything going on
Crime Branch se bol raha hoon. Aapka KYC pending hai. Account 2 ghante mein block ho jayega. OTP share kijiye.,1,bank_kyc,hinglish,indian,crime branch se bol raha hoon aapka kyc pending hai account 2 ghante mein block ho jayega otp share kijiye
Sent me de webadres for geting salary slip,0,none,english,uci,sent me de webadres for geting salary slip
There is a first time for everything :),0,none,english,uci,there is a first time for everything
Cant think of anyone with * spare room off * top of my head,0,none,english,uci,cant think of anyone with spare room off top of my head
CBI se bol raha hoon. Aapka KYC pending hai. Account 2 ghante mein block ho jayega. OTP share kijiye.,1,lottery,hinglish,indian,cbi se bol raha hoon aapka kyc pending hai account 2 ghante mein block ho jayega otp share kijiye
Got it..mail panren paru..,0,none,english,uci,got it mail panren paru
Dhyan se suniye Aapke khilaaf digital fraud complaint receive hui hai.,1,police_digital_arrest,hinglish,indian,dhyan se suniye aapke khilaaf digital fraud complaint receive hui hai
Want 2 get laid tonight? Want real Dogging locations sent direct 2 ur mob? Join the UK's largest Dogging Network bt Txting GRAVEL to 69888! Nt. ec2a. 31p.msg@150p,1,general_spam,english,uci,want 2 get laid tonight want real dogging locations sent direct 2 ur mob join the uk s largest dogging network bt txting gravel to 69888 nt ec2a
Where r we meeting?,0,none,english,uci,where r we meeting
Aap sun rahe hain na? Cyber investigation team ko aapke number se suspicious activity mili hai.,1,police_digital_arrest,hinglish,indian,aap sun rahe hain na cyber investigation team ko aapke number se suspicious activity mili hai
"I av a new number,  . Wil u only use this one,ta.",0,none,english,uci,i av a new number wil u only use this one ta
Captain is in our room:),0,none,english,uci,captain is in our room
Baaaaabe! I misss youuuuu ! Where are you ? I have to go and teach my class at 5 ...,0,none,english,uci,baaaaabe i misss youuuuu where are you i have to go and teach my class at 5
Yup... Ok i go home look at the timings then i msg ü again... Xuhui going to learn on 2nd may too but her lesson is at 8am,0,none,english,uci,yup ok i go home look at the timings then i msg again xuhui going to learn on 2nd may too but her lesson is at 8am
"Well done, blimey, exercise, yeah, i kinda remember wot that is, hmm. ",0,none,english,uci,well done blimey exercise yeah i kinda remember wot that is hmm
"Hi hope u r both ok, he said he would text and he hasn't, have u seen him, let me down gently please ",0,none,english,uci,hi hope u r both ok he said he would text and he hasn t have u seen him let me down gently please
Hello ma'am Project ka review meeting kal 4 baje hai kya?,0,none,hinglish,indian,hello ma am project ka review meeting kal 4 baje hai kya
U free on sat rite? U wan 2 watch infernal affairs wif me n darren n mayb xy?,0,none,english,uci,u free on sat rite u wan 2 watch infernal affairs wif me n darren n mayb xy
"Cool, I'll text you in a few",0,none,english,uci,cool i ll text you in a few
"Just arrived, see you in a couple days &lt;3",0,none,english,uci,just arrived see you in a couple days 3
You have won a Nokia 7250i. This is what you get when you win our FREE auction. To take part send Nokia to 86021 now. HG/Suite342/2Lands Row/W1JHL 16+ ,1,general_spam,english,uci,you have won a nokia 7250i this is what you get when you win our free auction to take part send nokia to 86021 now hg suite342 2lands row w1jhl 16
So wat's da decision?,0,none,english,uci,so wat s da decision
"Hello sir Beta ghar aa gaya hoon, darwaza khol do.",0,none,hinglish,indian,hello sir beta ghar aa gaya hoon darwaza khol do
Namaste ma'am Aapke phone number se koi asleel gande images aur videos share kiye ja rahe hain. Ye cyber crime hai.,1,police_blackmail,hinglish,indian,namaste ma am aapke phone number se koi asleel gande images aur videos share kiye ja rahe hain ye cyber crime hai
Neva mind it's ok..,0,none,english,uci,neva mind it s ok
Hey I am really horny want to chat or see me naked text hot to 69698 text charged at 150pm to unsubscribe text stop 69698,1,general_spam,english,uci,hey i am really horny want to chat or see me naked text hot to 69698 text charged at 150pm to unsubscribe text stop 69698
Yo you guys ever figure out how much we need for alcohol? Jay and I are trying to figure out how much we can safely spend on weed,0,none,english,uci,yo you guys ever figure out how much we need for alcohol jay and i are trying to figure out how much we can safely spend on weed
Ji haan suniye Aapka KYC pending hai. Account 2 ghante mein block ho jayega. OTP share kijiye.,1,lottery,hinglish,indian,ji haan suniye aapka kyc pending hai account 2 ghante mein block ho jayega otp share kijiye
And also I've sorta blown him off a couple times recently so id rather not text him out of the blue looking for weed,0,none,english,uci,and also i ve sorta blown him off a couple times recently so id rather not text him out of the blue looking for weed
Free entry in 2 a wkly comp to win FA Cup final tkts 21st May 2005. Text FA to 87121 to receive entry question(std txt rate)T&C's apply 08452810075over18's,1,general_spam,english,uci,free entry in 2 a wkly comp to win fa cup final tkts 21st may 2005 text fa to 87121 to receive entry question std txt rate t c s apply 08452810075over18 s
That's necessarily respectful,0,none,english,uci,that s necessarily respectful
Ji haan suniye Aapka KYC pending hai. Account 2 ghante mein block ho jayega. OTP share kijiye.,1,relative,hinglish,indian,ji haan suniye aapka kyc pending hai account 2 ghante mein block ho jayega otp share kijiye
"The world is running and i am still.maybe all are feeling the same,so be it.or i have to admit,i am mad.then where is the correction?or let me call this is life.and keep running with the world,may be u r also running.lets run.",0,none,english,uci,the world is running and i am still maybe all are feeling the same so be it or i have to admit i am mad then where is the correction or let me call this is life and keep running with the world may be u r also running lets run
I want to go to perumbavoor,0,none,english,uci,i want to go to perumbavoor
Yeah just open chat and click friend lists. Then make the list. Easy as pie,0,none,english,uci,yeah just open chat and click friend lists then make the list easy as pie
Nothing spl..wat abt u and whr ru?,0,none,english,uci,nothing spl wat abt u and whr ru
Yeah I don't see why not,0,none,english,uci,yeah i don t see why not
PRIVATE! Your 2003 Account Statement for shows 800 un-redeemed S.I.M. points. Call 08715203685 Identifier Code:4xx26 Expires 13/10/04,1,general_spam,english,uci,private your 2003 account statement for shows 800 un redeemed s i m points call identifier code 4xx26 expires 13 10 04
ACP Sharma bol raha hoon. Aapka Aadhaar deactivate hone wala hai. Turant update kijiye.,1,amazon,hinglish,indian,acp sharma bol raha hoon aapka aadhaar deactivate hone wala hai turant update kijiye
No probs hon! How u doinat the mo?,0,none,english,uci,no probs hon how u doinat the mo
Dear U've been invited to XCHAT. This is our final attempt to contact u! Txt CHAT to 86688 150p/MsgrcvdHG/Suite342/2Lands/Row/W1J6HL LDN 18 yrs,1,general_spam,english,uci,dear u ve been invited to xchat this is our final attempt to contact u txt chat to 86688 150p msgrcvdhg suite342 2lands row w1j6hl ldn 18 yrs
Sir ek minute suniye Aapka KYC pending hai. Account 2 ghante mein block ho jayega. OTP share kijiye.,1,relative,hinglish,indian,sir ek minute suniye aapka kyc pending hai account 2 ghante mein block ho jayega otp share kijiye
"Namaste ma'am Amazon se bol raha hoon. Aapka parcel hold hai, clearance charge ₹499 dena hoga.",1,amazon,hinglish,indian,namaste ma am amazon se bol raha hoon aapka parcel hold hai clearance charge 499 dena hoga
Are your freezing ? Are you home yet ? Will you remember to kiss your mom in the morning? Do you love me ? Do you think of me ? Are you missing me yet ?,0,none,english,uci,are your freezing are you home yet will you remember to kiss your mom in the morning do you love me do you think of me are you missing me yet
"I can make it up there, squeezed  &lt;#&gt;  bucks out of my dad",0,none,english,uci,i can make it up there squeezed bucks out of my dad
Hello ji Aapke khilaaf legal action initiate kiya gaya hai.,1,police_digital_arrest,hinglish,indian,hello ji aapke khilaaf legal action initiate kiya gaya hai
"After my work ah... Den 6 plus lor... U workin oso rite... Den go orchard lor, no other place to go liao...",0,none,english,uci,after my work ah den 6 plus lor u workin oso rite den go orchard lor no other place to go liao
Getting tickets 4 walsall tue 6 th march. My mate is getting me them on sat. ill pay my treat. Want 2 go. Txt bak .Terry,0,none,english,uci,getting tickets 4 walsall tue 6 th march my mate is getting me them on sat ill pay my treat want 2 go txt bak terry
alright tyler's got a minor crisis and has to be home sooner than he thought so be here asap,0,none,english,uci,alright tyler s got a minor crisis and has to be home sooner than he thought so be here asap
Yun ah.now ü wkg where?btw if ü go nus sc. Ü wana specialise in wad?,0,none,english,uci,yun ah now wkg where btw if go nus sc wana specialise in wad
So i'm doing a list of buyers.,0,none,english,uci,so i m doing a list of buyers
We tried to call you re your reply to our sms for a video mobile 750 mins UNLIMITED TEXT + free camcorder Reply of call 08000930705 Now,1,general_spam,english,uci,we tried to call you re your reply to our sms for a video mobile 750 mins unlimited text free camcorder reply of call now
<Forwarded from 21870000>Hi - this is your Mailbox Messaging SMS alert. You have 40 matches. Please call back on 09056242159 to retrieve your messages and matches cc100p/min,1,general_spam,english,uci,hi this is your mailbox messaging sms alert you have 40 matches please call back on to retrieve your messages and matches cc100p min
Done it but internet connection v slow and can‘t send it. Will try again later or first thing tomo.,0,none,english,uci,done it but internet connection v slow and can t send it will try again later or first thing tomo
Probably earlier than that if the station's where I think it is,0,none,english,uci,probably earlier than that if the station s where i think it is
Hello sir Aapka number telecom fraud case mein identify hua hai.,1,police_digital_arrest,hinglish,indian,hello sir aapka number telecom fraud case mein identify hua hai
Dear good morning now only i am up,0,none,english,uci,dear good morning now only i am up
THANX 4 PUTTIN DA FONE DOWN ON ME!!,0,none,english,uci,thanx 4 puttin da fone down on me
"Short But Cute : "" Be a good person , but dont try to prove"" ..... Gud mrng...",0,none,english,uci,short but cute be a good person but dont try to prove gud mrng
Call from 08702490080 - tells u 2 call 09066358152 to claim £5000 prize. U have 2 enter all ur mobile & personal details @ the prompts. Careful!,1,general_spam,english,uci,call from tells u 2 call to claim 5000 prize u have 2 enter all ur mobile personal details the prompts careful
Ü neva tell me how i noe... I'm not at home in da aft wat... ,0,none,english,uci,neva tell me how i noe i m not at home in da aft wat
So ü'll be submitting da project tmr rite?,0,none,english,uci,so ll be submitting da project tmr rite
I know complain num only..bettr directly go to bsnl offc nd apply for it..,0,none,english,uci,i know complain num only bettr directly go to bsnl offc nd apply for it
"Eerie Nokia tones 4u, rply TONE TITLE to 8007 eg TONE DRACULA to 8007 Titles: GHOST, ADDAMSFA, MUNSTERS, EXORCIST, TWILIGHT www.getzed.co.uk POBox36504W45WQ 150p",1,general_spam,english,uci,eerie nokia tones 4u rply tone title to 8007 eg tone dracula to 8007 titles ghost addamsfa munsters exorcist twilight pobox36504w45wq 150p
That means get the door,0,none,english,uci,that means get the door
18 days to Euro2004 kickoff! U will be kept informed of all the latest news and results daily. Unsubscribe send GET EURO STOP to 83222.,1,general_spam,english,uci,18 days to euro2004 kickoff u will be kept informed of all the latest news and results daily unsubscribe send get euro stop to 83222
Hello sir Aapke naam par registered SIM ka misuse report hua hai.,1,police_digital_arrest,hinglish,indian,hello sir aapke naam par registered sim ka misuse report hua hai
"Aap sun rahe hain na? Amazon se bol raha hoon. Aapka parcel hold hai, clearance charge ₹499 dena hoga.",1,relative,hinglish,indian,aap sun rahe hain na amazon se bol raha hoon aapka parcel hold hai clearance charge 499 dena hoga
Namaste sir Aapke phone number se koi asleel gande images aur videos share kiye ja rahe hain. Ye cyber crime hai.,1,police_blackmail,hinglish,indian,namaste sir aapke phone number se koi asleel gande images aur videos share kiye ja rahe hain ye cyber crime hai
You have WON a guaranteed £1000 cash or a £2000 prize. To claim yr prize call our customer service representative on 08714712379 between 10am-7pm Cost 10p,1,general_spam,english,uci,you have won a guaranteed 1000 cash or a 2000 prize to claim yr prize call our customer service representative on between 10am 7pm cost 10p
Sending you greetings of joy and happiness. Do have a gr8 evening,0,none,english,uci,sending you greetings of joy and happiness do have a gr8 evening
Yup i thk they r e teacher said that will make my face look longer. Darren ask me not 2 cut too short.,0,none,english,uci,yup i thk they r e teacher said that will make my face look longer darren ask me not 2 cut too short
Not a drop in the tank,0,none,english,uci,not a drop in the tank
"see you then, we're all christmassy here!",0,none,english,uci,see you then we re all christmassy here
2marrow only. Wed at  &lt;#&gt;  to 2 aha.,0,none,english,uci,2marrow only wed at to 2 aha
Dont think you need yellow card for uk travel. Ask someone that has gone before. If you do its just  &lt;#&gt; bucks,0,none,english,uci,dont think you need yellow card for uk travel ask someone that has gone before if you do its just bucks
We're finally ready fyi,0,none,english,uci,we re finally ready fyi
Thankyou so much for the call. I appreciate your care.,0,none,english,uci,thankyou so much for the call i appreciate your care
YOU HAVE WON! As a valued Vodafone customer our computer has picked YOU to win a £150 prize. To collect is easy. Just call 09061743386,1,general_spam,english,uci,you have won as a valued vodafone customer our computer has picked you to win a 150 prize to collect is easy just call
"This is the 2nd time we have tried to contact u. U have won the £400 prize. 2 claim is easy, just call 087104711148 NOW! Only 10p per minute. BT-national-rate",1,general_spam,english,uci,this is the 2nd time we have tried to contact u u have won the 400 prize 2 claim is easy just call now only 10p per minute bt national rate
He's an adult and would learn from the experience. There's no real danger. I just dont like peeps using drugs they dont need. But no comment,0,none,english,uci,he s an adult and would learn from the experience there s no real danger i just dont like peeps using drugs they dont need but no comment
What year. And how many miles.,0,none,english,uci,what year and how many miles
Fwiw the reason I'm only around when it's time to smoke is that because of gas I can only afford to be around when someone tells me to be and that apparently only happens when somebody wants to light up,0,none,english,uci,fwiw the reason i m only around when it s time to smoke is that because of gas i can only afford to be around when someone tells me to be and that apparently only happens when somebody wants to light up
Call me when u're done...,0,none,english,uci,call me when u re done
I'm at home n ready...,0,none,english,uci,i m at home n ready
Crime Branch se bol raha hoon. Congratulations! Aapne ₹40 lakh ka lottery jeeta hai. Processing fee dena hoga.,1,bank_kyc,hinglish,indian,crime branch se bol raha hoon congratulations aapne 40 lakh ka lottery jeeta hai processing fee dena hoga
Ji haan suniye Aapke naam par money laundering case register hua hai.,1,police_digital_arrest,hinglish,indian,ji haan suniye aapke naam par money laundering case register hua hai
Police headquarters se bol raha hoon. Aapke phone number se koi asleel gande images aur videos share kiye ja rahe hain. Ye cyber crime hai.,1,police_blackmail,hinglish,indian,police headquarters se bol raha hoon aapke phone number se koi asleel gande images aur videos share kiye ja rahe hain ye cyber crime hai
"Wait that's still not all that clear, were you not sure about me being sarcastic or that that's why x doesn't want to live with us",0,none,english,uci,wait that s still not all that clear were you not sure about me being sarcastic or that that s why x doesn t want to live with us
"Ji haan suniye Bhai aaj shaam ko milte hain, coffee pe baat karte hain.",0,none,hinglish,indian,ji haan suniye bhai aaj shaam ko milte hain coffee pe baat karte hain
Lol yeah at this point I guess not,0,none,english,uci,lol yeah at this point i guess not
Then cant get da laptop? My matric card wif ü lei... ,0,none,english,uci,then cant get da laptop my matric card wif lei
"Good afternoon loverboy ! How goes you day ? Any luck come your way? I think of you, sweetie and send my love across the sea to make you smile and happy",0,none,english,uci,good afternoon loverboy how goes you day any luck come your way i think of you sweetie and send my love across the sea to make you smile and happy
haha but no money leh... Later got to go for tuition... Haha and looking for empty slots for driving lessons,0,none,english,uci,haha but no money leh later got to go for tuition haha and looking for empty slots for driving lessons
Inspector Rajesh Kumar bol raha hoon. Aapke Aadhaar card ka istemal karke fake SIM issue ki gayi hai.,1,police_digital_arrest,hinglish,indian,inspector rajesh kumar bol raha hoon aapke aadhaar card ka istemal karke fake sim issue ki gayi hai
At home watching tv lor.,0,none,english,uci,at home watching tv lor
Havent planning to buy later. I check already lido only got 530 show in e afternoon. U finish work already?,0,none,english,uci,havent planning to buy later i check already lido only got 530 show in e afternoon u finish work already
Madam ek minute Police verification complete karna zaroori hai.,1,police_digital_arrest,hinglish,indian,madam ek minute police verification complete karna zaroori hai
Wait 2 min..stand at bus stop,0,none,english,uci,wait 2 min stand at bus stop
There are many company. Tell me the language.,0,none,english,uci,there are many company tell me the language
Hmmm...k...but i want to change the field quickly da:-)i wanna get system administrator or network administrator..,0,none,english,uci,hmmm k but i want to change the field quickly da i wanna get system administrator or network administrator
K I'll be sure to get up before noon and see what's what,0,none,english,uci,k i ll be sure to get up before noon and see what s what
tells u 2 call 09066358152 to claim £5000 prize. U have 2 enter all ur mobile & personal details @ the prompts. Careful!,1,general_spam,english,uci,tells u 2 call to claim 5000 prize u have 2 enter all ur mobile personal details the prompts careful
Hmmm:)how many players selected?,0,none,english,uci,hmmm how many players selected
"Delhi Police se bol raha hoon. Aapke father ko accident ho gaya hai. Turant 50,000 bhej dijiye hospital ke liye.",1,amazon,hinglish,indian,delhi police se bol raha hoon aapke father ko accident ho gaya hai turant 50 000 bhej dijiye hospital ke liye
"URGENT! Your Mobile No. was awarded £2000 Bonus Caller Prize on 5/9/03 This is our final try to contact U! Call from Landline 09064019788 BOX42WR29C, 150PPM",1,general_spam,english,uci,urgent your mobile no was awarded 2000 bonus caller prize on 5 9 03 this is our final try to contact u call from landline box42wr29c 150ppm
I anything lor.,0,none,english,uci,i anything lor
"Ah, well that confuses things, doesn‘t it?",0,none,english,uci,ah well that confuses things doesn t it
Well good morning mr . Hows london treatin' ya treacle?,0,none,english,uci,well good morning mr hows london treatin ya treacle
Madam ek minute Police station se bol raha hoon. Aapke mobile number se illegal messages bheje gaye hain.,1,police_digital_arrest,hinglish,indian,madam ek minute police station se bol raha hoon aapke mobile number se illegal messages bheje gaye hain
"Ji haan suniye Beta ghar aa gaya hoon, darwaza khol do.",0,none,hinglish,indian,ji haan suniye beta ghar aa gaya hoon darwaza khol do
Why must we sit around and wait for summer days to celebrate. Such a magical sight when the worlds dressed in white. Oooooh let there be snow.,0,none,english,uci,why must we sit around and wait for summer days to celebrate such a magical sight when the worlds dressed in white oooooh let there be snow
"Aight I've been set free, think you could text me blake's address? It occurs to me I'm not quite as sure what I'm doing as I thought I was",0,none,english,uci,aight i ve been set free think you could text me blake s address it occurs to me i m not quite as sure what i m doing as i thought i was
Do you want bold 2 or bb torch,0,none,english,uci,do you want bold 2 or bb torch
"Get the door, I'm here",0,none,english,uci,get the door i m here
Dhyan se suniye Cyber Crime Department se bol raha hoon. Aapke number se objectionable content circulate hua hai.,1,police_digital_arrest,hinglish,indian,dhyan se suniye cyber crime department se bol raha hoon aapke number se objectionable content circulate hua hai
Sorry da..today i wont come to play..i have driving clas..,0,none,english,uci,sorry da today i wont come to play i have driving clas
I've got it down to a tea. not sure which flavour,0,none,english,uci,i ve got it down to a tea not sure which flavour
"Ya ok, vikky vl c witin  &lt;#&gt; mins and il reply u..",0,none,english,uci,ya ok vikky vl c witin mins and il reply u
Ok lar... Joking wif u oni...,0,none,english,uci,ok lar joking wif u oni
"Indians r poor but India is not a poor country. Says one of the swiss bank directors. He says that "" &lt;#&gt;  lac crore"" of Indian money is deposited in swiss banks which can be used for 'taxless' budget for  &lt;#&gt;  yrs. Can give  &lt;#&gt;  crore jobs to all Indians. From any village to Delhi 4 lane roads. Forever free power suply to more than  &lt;#&gt;  social projects. Every citizen can get monthly  &lt;#&gt; /- for  &lt;#&gt;  yrs. No need of World Bank &amp; IMF loan. Think how our money is blocked by rich politicians. We have full rights against corrupt politicians. Itna forward karo ki pura INDIA padhe.g.m.""",0,none,english,uci,indians r poor but india is not a poor country says one of the swiss bank directors he says that lac crore of indian money is deposited in swiss banks which can be used for taxless budget for yrs can give crore jobs to all indians from any village to delhi 4 lane roads forever free power suply to more than social projects every citizen can get monthly for yrs no need of world bank imf loan think how our money is blocked by rich politicians we have full rights against corrupt politicians itna forward karo ki pura india padhe g m
Hi msg me:)i'm in office..,0,none,english,uci,hi msg me i m in office
Congratulations ur awarded 500 of CD vouchers or 125gift guaranteed & Free entry 2 100 wkly draw txt MUSIC to 87066 TnCs www.Ldew.com1win150ppmx3age16,1,general_spam,english,uci,congratulations ur awarded 500 of cd vouchers or 125gift guaranteed free entry 2 100 wkly draw txt music to 87066 tncs
Are u awake? Is there snow there?,0,none,english,uci,are u awake is there snow there
Ok lar i double check wif da hair dresser already he said wun cut v short. He said will cut until i look nice.,0,none,english,uci,ok lar i double check wif da hair dresser already he said wun cut v short he said will cut until i look nice
"alright babe, justthought id sayhey! how u doin?nearly the endof me wk offdam nevamind!We will have 2Hook up sn if uwant m8? loveJen x.",0,none,english,uci,alright babe justthought i d sayhey how u doin nearly the endof me wk offdam nevamind we will have 2hook up sn if uwant m8 lovejen x
Haha... Hope ü can hear the receipt sound... Gd luck!,0,none,english,uci,haha hope can hear the receipt sound gd luck
Where is it. Is there any opening for mca.,0,none,english,uci,where is it is there any opening for mca
Where @,0,none,english,uci,where
Hey. For me there is no leave on friday. Wait i will ask my superior and tell you..,0,none,english,uci,hey for me there is no leave on friday wait i will ask my superior and tell you
Ji haan suniye Police station se bol raha hoon. Aapke mobile number se illegal messages bheje gaye hain.,1,police_digital_arrest,hinglish,indian,ji haan suniye police station se bol raha hoon aapke mobile number se illegal messages bheje gaye hain
I'm always on yahoo messenger now. Just send the message to me and i.ll get it you may have to send it in the mobile mode sha but i.ll get it. And will reply.,0,none,english,uci,i m always on yahoo messenger now just send the message to me and i ll get it you may have to send it in the mobile mode sha but i ll get it and will reply
What you doing?how are you?,0,none,english,uci,what you doing how are you
I am 6 ft. We will be a good combination!,0,none,english,uci,i am 6 ft we will be a good combination
Shuhui has bought ron's present it's a swatch watch...,0,none,english,uci,shuhui has bought ron s present it s a swatch watch
"K so am I, how much for an 8th? Fifty?",0,none,english,uci,k so am i how much for an 8th fifty
"Good! No, don‘t need any receipts—well done! (…) Yes, please tell . What‘s her number, i could ring her",0,none,english,uci,good no don t need any receipts well done yes please tell what s her number i could ring her
Ya srsly better than yi tho,0,none,english,uci,ya srsly better than yi tho
Hello ji Aapka KYC pending hai. Account 2 ghante mein block ho jayega. OTP share kijiye.,1,bank_kyc,hinglish,indian,hello ji aapka kyc pending hai account 2 ghante mein block ho jayega otp share kijiye
Camera - You are awarded a SiPix Digital Camera! call 09061221066 fromm landline. Delivery within 28 days.,1,general_spam,english,uci,camera you are awarded a sipix digital camera call fromm landline delivery within 28 days
"Aap sun rahe hain na? School fees ki last date kal hai, payment kar dena.",0,none,hinglish,indian,aap sun rahe hain na school fees ki last date kal hai payment kar dena
Mobile Club: Choose any of the top quality items for your mobile. 7cfca1a,1,general_spam,english,uci,mobile club choose any of the top quality items for your mobile 7cfca1a
Yeah right! I'll bring my tape measure fri!,0,none,english,uci,yeah right i ll bring my tape measure fri
We not watching movie already. Xy wants 2 shop so i'm shopping w her now.,0,none,english,uci,we not watching movie already xy wants 2 shop so i m shopping w her now
Sir ek minute suniye Aapka Aadhaar deactivate hone wala hai. Turant update kijiye.,1,amazon,hinglish,indian,sir ek minute suniye aapka aadhaar deactivate hone wala hai turant update kijiye
Babe ! What are you doing ? Where are you ? Who are you talking to ? Do you think of me ? Are you being a good boy? Are you missing me? Do you love me ?,0,none,english,uci,babe what are you doing where are you who are you talking to do you think of me are you being a good boy are you missing me do you love me
I know that my friend already told that.,0,none,english,uci,i know that my friend already told that
If u laugh really loud.. If u talk spontaneously.. If u dont care what others feel.. U are probably with your dear &amp; best friends.. GOODEVENING Dear..:),0,none,english,uci,if u laugh really loud if u talk spontaneously if u dont care what others feel u are probably with your dear best friends goodevening dear
"There'll be a minor shindig at my place later tonight, you interested?",0,none,english,uci,there ll be a minor shindig at my place later tonight you interested
"She is our sister.. She belongs 2 our family.. She is d hope of tomorrow.. Pray 4 her,who was fated 4 d Shoranur train incident. Lets hold our hands together &amp; fuelled by love &amp; concern prior 2 her grief &amp; pain. Pls join in dis chain &amp; pass it. STOP VIOLENCE AGAINST WOMEN.",0,none,english,uci,she is our sister she belongs 2 our family she is d hope of tomorrow pray 4 her who was fated 4 d shoranur train incident lets hold our hands together fuelled by love concern prior 2 her grief pain pls join in dis chain pass it stop violence against women
Ji namaskar Cab 3 minute mein pahunch raha hai.,0,none,hinglish,indian,ji namaskar cab 3 minute mein pahunch raha hai
Ji namaskar Aapka bank account investigation ke dauran freeze kiya ja sakta hai.,1,police_digital_arrest,hinglish,indian,ji namaskar aapka bank account investigation ke dauran freeze kiya ja sakta hai
U having lunch alone? I now so bored...,0,none,english,uci,u having lunch alone i now so bored
Madam ek minute Aapka KYC pending hai. Account 2 ghante mein block ho jayega. OTP share kijiye.,1,bank_kyc,hinglish,indian,madam ek minute aapka kyc pending hai account 2 ghante mein block ho jayega otp share kijiye
Can not use foreign stamps in this country.,0,none,english,uci,can not use foreign stamps in this country
"Yar lor he wan 2 go c horse racing today mah, so eat earlier lor. I ate chicken rice. U?",0,none,english,uci,yar lor he wan 2 go c horse racing today mah so eat earlier lor i ate chicken rice u
He dint tell anything. He is angry on me that why you told to abi.,0,none,english,uci,he dint tell anything he is angry on me that why you told to abi
Yup it's at paragon... I havent decided whether 2 cut yet... Hee...,0,none,english,uci,yup it s at paragon i havent decided whether 2 cut yet hee
Sir ek minute suniye Aapke number se pornographic material WhatsApp groups mein bheja ja raha hai. FIR ho chuki hai.,1,police_blackmail,hinglish,indian,sir ek minute suniye aapke number se pornographic material whatsapp groups mein bheja ja raha hai fir ho chuki hai
Ya very nice. . .be ready on thursday,0,none,english,uci,ya very nice be ready on thursday
Double your mins & txts on Orange or 1/2 price linerental - Motorola and SonyEricsson with B/Tooth FREE-Nokia FREE Call MobileUpd8 on 08000839402 or2optout/HV9D,1,general_spam,english,uci,double your mins txts on orange or 1 2 price linerental motorola and sonyericsson with b tooth free nokia free call mobileupd8 on or2optout hv9d
She's borderline but yeah whatever.,0,none,english,uci,she s borderline but yeah whatever
"Crime Branch se bol raha hoon. Amazon se bol raha hoon. Aapka parcel hold hai, clearance charge ₹499 dena hoga.",1,relative,hinglish,indian,crime branch se bol raha hoon amazon se bol raha hoon aapka parcel hold hai clearance charge 499 dena hoga
"Hey, iouri gave me your number, I'm wylie, ryan's friend",0,none,english,uci,hey iouri gave me your number i m wylie ryan s friend
"Ya, told..she was asking wats matter?",0,none,english,uci,ya told she was asking wats matter
"Enjoy the showers of possessiveness poured on u by ur loved ones, bcoz in this world of lies, it is a golden gift to be loved truly..",0,none,english,uci,enjoy the showers of possessiveness poured on u by ur loved ones bcoz in this world of lies it is a golden gift to be loved truly
Crucify is c not s. You should have told me earlier.,0,none,english,uci,crucify is c not s you should have told me earlier
Hiya. How was last night? I've been naughty and bought myself clothes and very little ... Ready for more shopping tho! What kind of time do you wanna meet?,0,none,english,uci,hiya how was last night i ve been naughty and bought myself clothes and very little ready for more shopping tho what kind of time do you wanna meet
Namaste ma'am Crime Branch se bol raha hoon. Aapke account se suspicious transactions hui hain.,1,police_digital_arrest,hinglish,indian,namaste ma am crime branch se bol raha hoon aapke account se suspicious transactions hui hain
I probably won't eat at all today. I think I'm gonna pop. How was your weekend? Did u miss me?,0,none,english,uci,i probably won t eat at all today i think i m gonna pop how was your weekend did u miss me
Forgot to tell ü smth.. Can ü like number the sections so that it's clearer..,0,none,english,uci,forgot to tell smth can like number the sections so that it s clearer
Wewa is 130. Iriver 255. All 128 mb.,0,none,english,uci,wewa is 130 iriver 255 all 128 mb
Cyber Crime Department se bol raha hoon. Aapko investigation officer se turant baat karni hogi.,1,police_digital_arrest,hinglish,indian,cyber crime department se bol raha hoon aapko investigation officer se turant baat karni hogi
"Wow. I never realized that you were so embarassed by your accomodations. I thought you liked it, since i was doing the best i could and you always seemed so happy about ""the cave"". I'm sorry I didn't and don't have more to give. I'm sorry i offered. I'm sorry your room was so embarassing.",0,none,english,uci,wow i never realized that you were so embarassed by your accomodations i thought you liked it since i was doing the best i could and you always seemed so happy about the cave i m sorry i didn t and don t have more to give i m sorry i offered i m sorry your room was so embarassing
That means from february to april i'll be getting a place to stay down there so i don't have to hustle back and forth during audition season as i have since my sister moved away from harlem.,0,none,english,uci,that means from february to april i ll be getting a place to stay down there so i don t have to hustle back and forth during audition season as i have since my sister moved away from harlem
WHO ARE YOU SEEING?,0,none,english,uci,who are you seeing
"Babe, have you got enough money to pick up bread and milk ? And I'll give you it back when you get home ?",0,none,english,uci,babe have you got enough money to pick up bread and milk and i ll give you it back when you get home
Boo. How's things? I'm back at home and a little bored already :-(,0,none,english,uci,boo how s things i m back at home and a little bored already
Hello. We need some posh birds and chaps to user trial prods for champneys. Can i put you down? I need your address and dob asap. Ta r,1,general_spam,english,uci,hello we need some posh birds and chaps to user trial prods for champneys can i put you down i need your address and dob asap ta r
HARD BUT TRUE: How much you show &amp;  express your love to someone....that much it will hurt when they leave you or you get seperated...!鈥┾??〨ud evening...,0,none,english,uci,hard but true how much you show express your love to someone that much it will hurt when they leave you or you get seperated ud evening
i dnt wnt to tlk wid u,0,none,english,uci,i dnt wnt to tlk wid u
Nan sonathaya soladha. Why boss?,0,none,english,uci,nan sonathaya soladha why boss
Nvm it's ok...,0,none,english,uci,nvm it s ok
Hello ma'am National Cyber Cell se bol raha hoon. Verification ke liye cooperate kijiye.,1,police_digital_arrest,hinglish,indian,hello ma am national cyber cell se bol raha hoon verification ke liye cooperate kijiye
Total video converter free download type this in google search:),0,none,english,uci,total video converter free download type this in google search
Yeah get the unlimited,0,none,english,uci,yeah get the unlimited
You all ready for * big day tomorrow?,0,none,english,uci,you all ready for big day tomorrow
"Ahhhh...just woken up!had a bad dream about u tho,so i dont like u right now :) i didnt know anything about comedy night but i guess im up for it.",0,none,english,uci,ahhhh just woken up had a bad dream about u tho so i dont like u right now i didnt know anything about comedy night but i guess im up for it
"Friendship is not a game to play, It is not a word to say, It doesn\'t start on March and ends on May, It is tomorrow, yesterday, today and e",0,none,english,uci,friendship is not a game to play it is not a word to say it doesn t start on march and ends on may it is tomorrow yesterday today and e
U still havent got urself a jacket ah?,0,none,english,uci,u still havent got urself a jacket ah
Thats cool. Where should i cum? On you or in you? :),0,none,english,uci,thats cool where should i cum on you or in you
"Sir, waiting for your letter.",0,none,english,uci,sir waiting for your letter
Sir ek minute suniye Aapka number telecom fraud case mein identify hua hai.,1,police_digital_arrest,hinglish,indian,sir ek minute suniye aapka number telecom fraud case mein identify hua hai
"Thanks again for your reply today. When is ur visa coming in. And r u still buying the gucci and bags. My sister things are not easy, uncle john also has his own bills so i really need to think about how to make my own money. Later sha.",0,none,english,uci,thanks again for your reply today when is ur visa coming in and r u still buying the gucci and bags my sister things are not easy uncle john also has his own bills so i really need to think about how to make my own money later sha
Ok. I asked for money how far,0,none,english,uci,ok i asked for money how far
FreeMsg Hi baby wow just got a new cam moby. Wanna C a hot pic? or Fancy a chat?Im w8in 4uTxt / rply CHAT to 82242 Hlp 08712317606 Msg150p 2rcv,1,general_spam,english,uci,freemsg hi baby wow just got a new cam moby wanna c a hot pic or fancy a chat im w8in 4utxt rply chat to 82242 hlp msg150p 2rcv
HI ITS KATE CAN U GIVE ME A RING ASAP XXX,0,none,english,uci,hi its kate can u give me a ring asap xxx
I tot it's my group mate... Lucky i havent reply... Wat time do ü need to leave... ,0,none,english,uci,i tot it s my group mate lucky i havent reply wat time do need to leave
Police headquarters se bol raha hoon. Aapke documents ka misuse karke financial fraud kiya gaya hai.,1,police_digital_arrest,hinglish,indian,police headquarters se bol raha hoon aapke documents ka misuse karke financial fraud kiya gaya hai
Yeah do! Don‘t stand to close tho- you‘ll catch something!,0,none,english,uci,yeah do don t stand to close tho you ll catch something
Yes! How is a pretty lady like you single?,0,none,english,uci,yes how is a pretty lady like you single
"Crime Branch se bol raha hoon. Amazon se bol raha hoon. Aapka parcel hold hai, clearance charge ₹499 dena hoga.",1,bank_kyc,hinglish,indian,crime branch se bol raha hoon amazon se bol raha hoon aapka parcel hold hai clearance charge 499 dena hoga
Namaste ma'am Aapka mobile number cyber fraud investigation mein aaya hai.,1,police_digital_arrest,hinglish,indian,namaste ma am aapka mobile number cyber fraud investigation mein aaya hai
"SPJanuary Male Sale! Hot Gay chat now cheaper, call 08709222922. National rate from 1.5p/min cheap to 7.8p/min peak! To stop texts call 08712460324 (10p/min)",1,general_spam,english,uci,spjanuary male sale hot gay chat now cheaper call national rate from 1 5p min cheap to 7 8p min peak to stop texts call 10p min
"I'm eatin now lor, but goin back to work soon... E mountain deer show huh... I watch b4 liao, very nice...",0,none,english,uci,i m eatin now lor but goin back to work soon e mountain deer show huh i watch b4 liao very nice
Then wat r u doing now? Busy wif work?,0,none,english,uci,then wat r u doing now busy wif work
My sister going to earn more than me da.,0,none,english,uci,my sister going to earn more than me da
Hello ma'am Aapka Aadhaar deactivate hone wala hai. Turant update kijiye.,1,amazon,hinglish,indian,hello ma am aapka aadhaar deactivate hone wala hai turant update kijiye
"K, can I pick up another 8th when you're done?",0,none,english,uci,k can i pick up another 8th when you re done
Have a nice day my dear.,0,none,english,uci,have a nice day my dear
"Hello ma'am Sir kal subah 10 baje meeting hai, agenda mail kar diya.",0,none,hinglish,indian,hello ma am sir kal subah 10 baje meeting hai agenda mail kar diya
"YOUR CHANCE TO BE ON A REALITY FANTASY SHOW call now = 08707509020 Just 20p per min NTT Ltd, PO Box 1327 Croydon CR9 5WB 0870 is a national = rate call.",1,general_spam,english,uci,your chance to be on a reality fantasy show call now just 20p per min ntt ltd po box 1327 croydon cr9 5wb 0870 is a national rate call
Yes when is the appt again?,0,none,english,uci,yes when is the appt again
I calls you later. Afternoon onwords mtnl service get problem in south mumbai. I can hear you but you cann't listen me.,0,none,english,uci,i calls you later afternoon onwords mtnl service get problem in south mumbai i can hear you but you cann t listen me
Ok. I.ll do you right later.,0,none,english,uci,ok i ll do you right later
Hey so this sat are we going for the intro pilates only? Or the kickboxing too? ,0,none,english,uci,hey so this sat are we going for the intro pilates only or the kickboxing too
National Cyber Cell se bol raha hoon. Aapke number se pornographic material WhatsApp groups mein bheja ja raha hai. FIR ho chuki hai.,1,police_blackmail,hinglish,indian,national cyber cell se bol raha hoon aapke number se pornographic material whatsapp groups mein bheja ja raha hai fir ho chuki hai
I know a few people I can hit up and fuck to the yes,0,none,english,uci,i know a few people i can hit up and fuck to the yes
"Inspector Rajesh Kumar bol raha hoon. Aapke father ko accident ho gaya hai. Turant 50,000 bhej dijiye hospital ke liye.",1,aadhaar,hinglish,indian,inspector rajesh kumar bol raha hoon aapke father ko accident ho gaya hai turant 50 000 bhej dijiye hospital ke liye
"Sorry I flaked last night, shit's seriously goin down with my roommate, what you up to tonight?",0,none,english,uci,sorry i flaked last night shit s seriously goin down with my roommate what you up to tonight
I thank you so much for all you do with selflessness. I love you plenty.,0,none,english,uci,i thank you so much for all you do with selflessness i love you plenty
That sucks. So what do you got planned for your yo valentine? I am your yo valentine aren't I?,0,none,english,uci,that sucks so what do you got planned for your yo valentine i am your yo valentine aren t i
Dhyan se suniye Aapke WhatsApp se ladies ko asleel messages bheje ja rahe hain. Aapko suspect maana ja raha hai.,1,police_blackmail,hinglish,indian,dhyan se suniye aapke whatsapp se ladies ko asleel messages bheje ja rahe hain aapko suspect maana ja raha hai
Babes I think I got ur brolly I left it in English wil bring it in 2mrw 4 u luv Franxx,0,none,english,uci,babes i think i got ur brolly i left it in english wil bring it in 2mrw 4 u luv franxx
"Give her something to drink, if she takes it and doesn't vomit then you her temp might drop. If she unmits however let me know.",0,none,english,uci,give her something to drink if she takes it and doesn t vomit then you her temp might drop if she unmits however let me know
"I had been hoping i would not have to send you this message. My rent is due and i dont have enough for it. My reserves are completely gone. Its a loan i need and was hoping you could her. The balance is  &lt;#&gt; . Is there a way i could get that from you, till mid march when i hope to pay back.",0,none,english,uci,i had been hoping i would not have to send you this message my rent is due and i dont have enough for it my reserves are completely gone its a loan i need and was hoping you could her the balance is is there a way i could get that from you till mid march when i hope to pay back
Shall i get my pouch?,0,none,english,uci,shall i get my pouch
National Cyber Cell se bol raha hoon. Aapka KYC pending hai. Account 2 ghante mein block ho jayega. OTP share kijiye.,1,bank_kyc,hinglish,indian,national cyber cell se bol raha hoon aapka kyc pending hai account 2 ghante mein block ho jayega otp share kijiye
"Why is that, princess? I bet the brothas are all chasing you!",0,none,english,uci,why is that princess i bet the brothas are all chasing you
That day you asked about anand number. Why:-),0,none,english,uci,that day you asked about anand number why
And do you have any one that can teach me how to ship cars.,0,none,english,uci,and do you have any one that can teach me how to ship cars
"Wishing you and your family Merry ""X"" mas and HAPPY NEW Year in advance..",0,none,english,uci,wishing you and your family merry x mas and happy new year in advance
I remain unconvinced that this isn't an elaborate test of my willpower,0,none,english,uci,i remain unconvinced that this isn t an elaborate test of my willpower
Ok c ü then.,0,none,english,uci,ok c then
What's the significance?,0,none,english,uci,what s the significance
"I.ll always be there, even if its just in spirit. I.ll get a bb soon. Just trying to be sure i need it.",0,none,english,uci,i ll always be there even if its just in spirit i ll get a bb soon just trying to be sure i need it
"Did you hear about the new ""Divorce Barbie""? It comes with all of Ken's stuff!",1,general_spam,english,uci,did you hear about the new divorce barbie it comes with all of ken s stuff
"Ji namaskar Aapke father ko accident ho gaya hai. Turant 50,000 bhej dijiye hospital ke liye.",1,aadhaar,hinglish,indian,ji namaskar aapke father ko accident ho gaya hai turant 50 000 bhej dijiye hospital ke liye
"When people see my msgs, They think Iam addicted to msging... They are wrong, Bcoz They don\'t know that Iam addicted to my sweet Friends..!! BSLVYL",0,none,english,uci,when people see my msgs they think iam addicted to msging they are wrong bcoz they don t know that iam addicted to my sweet friends bslvyl
"Haha... Where got so fast lose weight, thk muz go 4 a month den got effect... Gee,later we go aust put bk e weight.",0,none,english,uci,haha where got so fast lose weight thk muz go 4 a month den got effect gee later we go aust put bk e weight
I finished my lunch already. U wake up already?,0,none,english,uci,i finished my lunch already u wake up already
Do you know what Mallika Sherawat did yesterday? Find out now @  &lt;URL&gt;,0,none,english,uci,do you know what mallika sherawat did yesterday find out now
Reason is if the team budget is available at last they buy the unsold players for at base rate..,0,none,english,uci,reason is if the team budget is available at last they buy the unsold players for at base rate
O. Guess they both got screwd,0,none,english,uci,o guess they both got screwd
"Hello sir Mummy main office pahunch gaya, aaj thoda late ho jaunga.",0,none,hinglish,indian,hello sir mummy main office pahunch gaya aaj thoda late ho jaunga
Me too watching surya movie only. . .after 6 pm vijay movie POKKIRI,0,none,english,uci,me too watching surya movie only after 6 pm vijay movie pokkiri
And maybe some pressies,0,none,english,uci,and maybe some pressies
"Okay, good, no problem, and thanx!",0,none,english,uci,okay good no problem and thanx
Dhyan se suniye Congratulations! Aapne ₹40 lakh ka lottery jeeta hai. Processing fee dena hoga.,1,aadhaar,hinglish,indian,dhyan se suniye congratulations aapne 40 lakh ka lottery jeeta hai processing fee dena hoga
Hello handsome ! Are you finding that job ? Not being lazy ? Working towards getting back that net for mummy ? Where's my boytoy now ? Does he miss me ?,0,none,english,uci,hello handsome are you finding that job not being lazy working towards getting back that net for mummy where s my boytoy now does he miss me
Horrible u eat macs eat until u forgot abt me already rite... U take so long 2 reply. I thk it's more toot than b4 so b prepared. Now wat shall i eat?,0,none,english,uci,horrible u eat macs eat until u forgot abt me already rite u take so long 2 reply i thk it s more toot than b4 so b prepared now wat shall i eat
Hi juan. Im coming home on fri hey. Of course i expect a welcome party and lots of presents. Ill phone u when i get back. Loads of love nicky x x x x x x x x x,0,none,english,uci,hi juan im coming home on fri hey of course i expect a welcome party and lots of presents ill phone u when i get back loads of love nicky x x x x x x x x x
No problem with the renewal. I.ll do it right away but i dont know his details.,0,none,english,uci,no problem with the renewal i ll do it right away but i dont know his details
SMS AUCTION - A BRAND NEW Nokia 7250 is up 4 auction today! Auction is FREE 2 join & take part! Txt NOKIA to 86021 now! HG/Suite342/2Lands Row/W1J6HL,1,general_spam,english,uci,sms auction a brand new nokia 7250 is up 4 auction today auction is free 2 join take part txt nokia to 86021 now hg suite342 2lands row w1j6hl
Customer place i will call you,0,none,english,uci,customer place i will call you
I bought the test yesterday. Its something that lets you know the exact day u ovulate.when will get 2u in about 2 to 3wks. But pls pls dont fret. I know u r worried. Pls relax. Also is there anything in ur past history u need to tell me?,0,none,english,uci,i bought the test yesterday its something that lets you know the exact day u ovulate when will get 2u in about 2 to 3wks but pls pls dont fret i know u r worried pls relax also is there anything in ur past history u need to tell me
10 min later k...,0,none,english,uci,10 min later k
" said kiss, kiss, i can't do the sound effects! He is a gorgeous man isn't he! Kind of person who needs a smile to brighten his day! ",0,none,english,uci,said kiss kiss i can t do the sound effects he is a gorgeous man isn t he kind of person who needs a smile to brighten his day
Yes baby! We can study all the positions of the kama sutra ;),0,none,english,uci,yes baby we can study all the positions of the kama sutra
Hey they r not watching movie tonight so i'll prob b home early...,0,none,english,uci,hey they r not watching movie tonight so i ll prob b home early
Its a great day. Do have yourself a beautiful one.,0,none,english,uci,its a great day do have yourself a beautiful one
Inspector Rajesh Kumar bol raha hoon. Aapke Aadhaar se linked account par complaint mili hai.,1,police_digital_arrest,hinglish,indian,inspector rajesh kumar bol raha hoon aapke aadhaar se linked account par complaint mili hai
Jus finish watching tv... U?,0,none,english,uci,jus finish watching tv u
"And very importantly, all we discuss is between u and i only.",0,none,english,uci,and very importantly all we discuss is between u and i only
How will I creep on you now? ;_;,0,none,english,uci,how will i creep on you now
"Short But Cute: ""Be a good person, but dont try to prove it.."" .Gud noon....",0,none,english,uci,short but cute be a good person but dont try to prove it gud noon
This weekend is fine (an excuse not to do too much decorating),0,none,english,uci,this weekend is fine an excuse not to do too much decorating
"Namaste sir Amazon se bol raha hoon. Aapka parcel hold hai, clearance charge ₹499 dena hoga.",1,bank_kyc,hinglish,indian,namaste sir amazon se bol raha hoon aapka parcel hold hai clearance charge 499 dena hoga
As per your request 'Melle Melle (Oru Minnaminunginte Nurungu Vettam)' has been set as your callertune for all Callers. Press *9 to copy your friends Callertune,0,none,english,uci,as per your request melle melle oru minnaminunginte nurungu vettam has been set as your callertune for all callers press 9 to copy your friends callertune
"Sure, whenever you show the fuck up &gt;:(",0,none,english,uci,sure whenever you show the fuck up
Please CALL 08712402779 immediately as there is an urgent message waiting for you,1,general_spam,english,uci,please call immediately as there is an urgent message waiting for you
"Do whatever you want. You know what the rules are. We had a talk earlier this week about what had to start happening, you showing responsibility. Yet, every week it's can i bend the rule this way? What about that way? Do whatever. I'm tired of having thia same argument with you every week. And a  &lt;#&gt;  movie DOESNT inlude the previews. You're still getting in after 1.",0,none,english,uci,do whatever you want you know what the rules are we had a talk earlier this week about what had to start happening you showing responsibility yet every week it s can i bend the rule this way what about that way do whatever i m tired of having thia same argument with you every week and a movie doesnt inlude the previews you re still getting in after 1
Lol wtf random. Btw is that your lunch break,0,none,english,uci,lol wtf random btw is that your lunch break
"Pls send me a comprehensive mail about who i'm paying, when and how much.",0,none,english,uci,pls send me a comprehensive mail about who i m paying when and how much
"Ji haan suniye Papa train mein baith gaya hoon, safely pahunch jaunga.",0,none,hinglish,indian,ji haan suniye papa train mein baith gaya hoon safely pahunch jaunga
The hair cream has not been shipped.,0,none,english,uci,the hair cream has not been shipped
Go chase after her and run her over while she's crossing the street,0,none,english,uci,go chase after her and run her over while she s crossing the street
Sir ek minute suniye Aapka KYC pending hai. Account 2 ghante mein block ho jayega. OTP share kijiye.,1,aadhaar,hinglish,indian,sir ek minute suniye aapka kyc pending hai account 2 ghante mein block ho jayega otp share kijiye
Moby Pub Quiz.Win a £100 High Street prize if u know who the new Duchess of Cornwall will be? Txt her first name to 82277.unsub STOP £1.50 008704050406 SP Arrow,1,general_spam,english,uci,moby pub quiz win a 100 high street prize if u know who the new duchess of cornwall will be txt her first name to 82277 unsub stop 1 50 sp arrow
"Aap sun rahe hain na? Papa train mein baith gaya hoon, safely pahunch jaunga.",0,none,hinglish,indian,aap sun rahe hain na papa train mein baith gaya hoon safely pahunch jaunga
"URGENT! Last weekend's draw shows that you have won £1000 cash or a Spanish holiday! CALL NOW 09050000332 to claim. T&C: RSTM, SW7 3SS. 150ppm",1,general_spam,english,uci,urgent last weekend s draw shows that you have won 1000 cash or a spanish holiday call now to claim t c rstm sw7 3ss 150ppm
No way I'm going back there!,0,none,english,uci,no way i m going back there
I love you both too :-),0,none,english,uci,i love you both too
"Sorry battery died, yeah I'm here",0,none,english,uci,sorry battery died yeah i m here
Dhyan se suniye Aapka KYC pending hai. Account 2 ghante mein block ho jayega. OTP share kijiye.,1,aadhaar,hinglish,indian,dhyan se suniye aapka kyc pending hai account 2 ghante mein block ho jayega otp share kijiye
BIG BROTHER ALERT! The computer has selected u for 10k cash or #150 voucher. Call 09064018838. NTT PO Box CRO1327 18+ BT Landline Cost 150ppm mobiles vary,1,general_spam,english,uci,big brother alert the computer has selected u for 10k cash or 150 voucher call ntt po box cro1327 18 bt landline cost 150ppm mobiles vary
"Can you tell Shola to please go to college of medicine and visit the academic department, tell the academic secretary what the current situation is and ask if she can transfer there. She should ask someone to check Sagamu for the same thing and lautech. Its vital she completes her medical education in Nigeria. Its less expensive much less expensive. Unless she will be getting citizen rates in new zealand.",0,none,english,uci,can you tell shola to please go to college of medicine and visit the academic department tell the academic secretary what the current situation is and ask if she can transfer there she should ask someone to check sagamu for the same thing and lautech its vital she completes her medical education in nigeria its less expensive much less expensive unless she will be getting citizen rates in new zealand
Same to u...,0,none,english,uci,same to u
"No I'm good for the movie, is it ok if I leave in an hourish?",0,none,english,uci,no i m good for the movie is it ok if i leave in an hourish
"Tonight? Yeah, I'd be down for that",0,none,english,uci,tonight yeah i d be down for that
One day a crab was running on the sea shore..The waves came n cleared the footprints of the crab.. Crab asked: being my frnd y r u clearing my beautiful footprints? Waves replied: A fox was following ur footprints to catch you! thats y i cleared it off:) frndsship never lets u dwn :-) GUD nyt..,0,none,english,uci,one day a crab was running on the sea shore the waves came n cleared the footprints of the crab crab asked being my frnd y r u clearing my beautiful footprints waves replied a fox was following ur footprints to catch you thats y i cleared it off frndsship never lets u dwn gud nyt
* Am on my way,0,none,english,uci,am on my way
"Wat time liao, where still got.",0,none,english,uci,wat time liao where still got
"Haha... Sounds crazy, dunno can tahan anot...",0,none,english,uci,haha sounds crazy dunno can tahan anot
Or maybe my fat fingers just press all these buttons and it doesn't know what to do.,0,none,english,uci,or maybe my fat fingers just press all these buttons and it doesn t know what to do
Delhi Police se bol raha hoon. Aapka KYC pending hai. Account 2 ghante mein block ho jayega. OTP share kijiye.,1,bank_kyc,hinglish,indian,delhi police se bol raha hoon aapka kyc pending hai account 2 ghante mein block ho jayega otp share kijiye
Let there be snow. Let there be snow. This kind of weather brings ppl together so friendships can grow.,0,none,english,uci,let there be snow let there be snow this kind of weather brings ppl together so friendships can grow
Aww you must be nearly dead!Well Jez isComing over toDo some workAnd that whillTake forever!,0,none,english,uci,aww you must be nearly dead well jez iscoming over todo some workand that whilltake forever
Sorry da thangam.it's my mistake.,0,none,english,uci,sorry da thangam it s my mistake
Please don't text me anymore. I have nothing else to say.,0,none,english,uci,please don t text me anymore i have nothing else to say
Its worse if if uses half way then stops. Its better for him to complete it.,0,none,english,uci,its worse if if uses half way then stops its better for him to complete it
U 447801259231 have a secret admirer who is looking 2 make contact with U-find out who they R*reveal who thinks UR so special-call on 09058094597,1,general_spam,english,uci,u have a secret admirer who is looking 2 make contact with u find out who they r reveal who thinks ur so special call on
"Nope. Since ayo travelled, he has forgotten his guy",0,none,english,uci,nope since ayo travelled he has forgotten his guy
Good morning princess! How are you?,0,none,english,uci,good morning princess how are you
No. Thank you. You've been wonderful,0,none,english,uci,no thank you you ve been wonderful
Wow so healthy. Old airport rd lor. Cant thk of anything else. But i'll b bathing my dog later.,0,none,english,uci,wow so healthy old airport rd lor cant thk of anything else but i ll b bathing my dog later
Join the UK's horniest Dogging service and u can have sex 2nite!. Just sign up and follow the instructions. Txt ENTRY to 69888 now! Nyt.EC2A.3LP.msg@150p,1,general_spam,english,uci,join the uk s horniest dogging service and u can have sex 2nite just sign up and follow the instructions txt entry to 69888 now
Aiyah then i wait lor. Then u entertain me. Hee...,0,none,english,uci,aiyah then i wait lor then u entertain me hee
You know there is. I shall speak to you in  &lt;#&gt;  minutes then,0,none,english,uci,you know there is i shall speak to you in minutes then
Dunno da next show aft 6 is 850. Toa payoh got 650.,0,none,english,uci,dunno da next show aft 6 is 850 toa payoh got 650
Police headquarters se bol raha hoon. Aapka KYC pending hai. Account 2 ghante mein block ho jayega. OTP share kijiye.,1,lottery,hinglish,indian,police headquarters se bol raha hoon aapka kyc pending hai account 2 ghante mein block ho jayega otp share kijiye
Have you bookedthe hut? And also your time off? How are you by the way?,0,none,english,uci,have you bookedthe hut and also your time off how are you by the way
FREE for 1st week! No1 Nokia tone 4 ur mob every week just txt NOKIA to 8007 Get txting and tell ur mates www.getzed.co.uk POBox 36504 W45WQ norm150p/tone 16+,1,general_spam,english,uci,free for 1st week no1 nokia tone 4 ur mob every week just txt nokia to 8007 get txting and tell ur mates pobox 36504 w45wq norm150p tone 16
Watch lor. I saw a few swatch one i thk quite ok. Ard 116 but i need 2nd opinion leh...,0,none,english,uci,watch lor i saw a few swatch one i thk quite ok ard 116 but i need 2nd opinion leh
Cool. I am  &lt;#&gt;  inches long. hope you like them big!,0,none,english,uci,cool i am inches long hope you like them big
Don know. I did't msg him recently.,0,none,english,uci,don know i did t msg him recently
Back 2 work 2morro half term over! Can U C me 2nite 4 some sexy passion B4 I have 2 go back? Chat NOW 09099726481 Luv DENA Calls £1/minMobsmoreLKPOBOX177HP51FL,1,general_spam,english,uci,back 2 work 2morro half term over can u c me 2nite 4 some sexy passion b4 i have 2 go back chat now luv dena calls 1 minmobsmorelkpobox177hp51fl
Hello sir Congratulations! Aapne ₹40 lakh ka lottery jeeta hai. Processing fee dena hoga.,1,bank_kyc,hinglish,indian,hello sir congratulations aapne 40 lakh ka lottery jeeta hai processing fee dena hoga
"Delhi Police se bol raha hoon. Aapke father ko accident ho gaya hai. Turant 50,000 bhej dijiye hospital ke liye.",1,relative,hinglish,indian,delhi police se bol raha hoon aapke father ko accident ho gaya hai turant 50 000 bhej dijiye hospital ke liye
"Haven't found a way to get another app for your phone, eh ? Will you go to the net cafe ? Did you take that job? Geeee I need you babe. I crave to see you ...",0,none,english,uci,haven t found a way to get another app for your phone eh will you go to the net cafe did you take that job geeee i need you babe i crave to see you
Ü give me some time to walk there.,0,none,english,uci,give me some time to walk there
CBI se bol raha hoon. Crime Branch se bol raha hoon. Aapke account se suspicious transactions hui hain.,1,police_digital_arrest,hinglish,indian,cbi se bol raha hoon crime branch se bol raha hoon aapke account se suspicious transactions hui hain
Aap sun rahe hain na? Aapka bank account investigation ke dauran freeze kiya ja sakta hai.,1,police_digital_arrest,hinglish,indian,aap sun rahe hain na aapka bank account investigation ke dauran freeze kiya ja sakta hai
"Evry Emotion dsn't hav Words.Evry Wish dsn't hav Prayrs.. If u Smile,D World is wit u.Othrwise even d Drop of Tear dsn't lik 2 Stay wit u.So b happy.. Good morning, keep smiling:-)",0,none,english,uci,evry emotion dsn t hav words evry wish dsn t hav prayrs if u smile d world is wit u othrwise even d drop of tear dsn t lik 2 stay wit u so b happy good morning keep smiling
Hello ji Aapka Aadhaar deactivate hone wala hai. Turant update kijiye.,1,aadhaar,hinglish,indian,hello ji aapka aadhaar deactivate hone wala hai turant update kijiye
Yo you around? A friend of mine's lookin to pick up later tonight,0,none,english,uci,yo you around a friend of mine s lookin to pick up later tonight
"Ji haan suniye Amazon se bol raha hoon. Aapka parcel hold hai, clearance charge ₹499 dena hoga.",1,amazon,hinglish,indian,ji haan suniye amazon se bol raha hoon aapka parcel hold hai clearance charge 499 dena hoga
Delhi Police se bol raha hoon. Congratulations! Aapne ₹40 lakh ka lottery jeeta hai. Processing fee dena hoga.,1,bank_kyc,hinglish,indian,delhi police se bol raha hoon congratulations aapne 40 lakh ka lottery jeeta hai processing fee dena hoga
No she didnt. I will search online and let you know.,0,none,english,uci,no she didnt i will search online and let you know
Hey gorgeous man. My work mobile number is. Have a good one babe. Squishy Mwahs.,0,none,english,uci,hey gorgeous man my work mobile number is have a good one babe squishy mwahs
Law enforcement se bol raha hoon. Aapke WhatsApp se ladies ko asleel messages bheje ja rahe hain. Aapko suspect maana ja raha hai.,1,police_blackmail,hinglish,indian,law enforcement se bol raha hoon aapke whatsapp se ladies ko asleel messages bheje ja rahe hain aapko suspect maana ja raha hai
"Hello sir Aapke father ko accident ho gaya hai. Turant 50,000 bhej dijiye hospital ke liye.",1,relative,hinglish,indian,hello sir aapke father ko accident ho gaya hai turant 50 000 bhej dijiye hospital ke liye
HIYA STU WOT U UP 2.IM IN SO MUCH TRUBLE AT HOME AT MOMENT EVONE HATES ME EVEN U! WOT THE HELL AV I DONE NOW? Y WONT U JUST TELL ME TEXT BCK PLEASE LUV DAN ,0,none,english,uci,hiya stu wot u up 2 im in so much truble at home at moment evone hates me even u wot the hell av i done now y wont u just tell me text bck please luv dan
Takin a shower now but yeah I'll leave when I'm done,0,none,english,uci,takin a shower now but yeah i ll leave when i m done
Thanks  and ! Or bomb and date as my phone wanted to say! ,0,none,english,uci,thanks and or bomb and date as my phone wanted to say
Reply to win £100 weekly! Where will the 2006 FIFA World Cup be held? Send STOP to 87239 to end service,1,general_spam,english,uci,reply to win 100 weekly where will the 2006 fifa world cup be held send stop to 87239 to end service
Thanx a lot 4 ur help!,0,none,english,uci,thanx a lot 4 ur help
"Aight, lemme know what's up",0,none,english,uci,aight lemme know what s up
URGENT! We are trying to contact U. Todays draw shows that you have won a £2000 prize GUARANTEED. Call 09066358361 from land line. Claim Y87. Valid 12hrs only,1,general_spam,english,uci,urgent we are trying to contact u todays draw shows that you have won a 2000 prize guaranteed call from land line claim y87 valid 12hrs only
Ur HMV Quiz cash-balance is currently £500 - to maximize ur cash-in now send HMV1 to 86688 only 150p/msg,1,general_spam,english,uci,ur hmv quiz cash balance is currently 500 to maximize ur cash in now send hmv1 to 86688 only 150p msg
You can donate £2.50 to UNICEF's Asian Tsunami disaster support fund by texting DONATE to 864233. £2.50 will be added to your next bill,1,general_spam,english,uci,you can donate 2 50 to unicef s asian tsunami disaster support fund by texting donate to 864233 2 50 will be added to your next bill
Take care and sleep well.you need to learn to change in life.you only need to get CONVINCED on that.i will wait but no more conversations between us.GET CONVINCED by that time.Your family is over for you in many senses.respect them but not overemphasise.or u have no role in my life.,0,none,english,uci,take care and sleep well you need to learn to change in life you only need to get convinced on that i will wait but no more conversations between us get convinced by that time your family is over for you in many senses respect them but not overemphasise or u have no role in my life
Where are you ? You said you would be here when I woke ... :-(,0,none,english,uci,where are you you said you would be here when i woke
Can not use foreign stamps in this country. Good lecture .,0,none,english,uci,can not use foreign stamps in this country good lecture
CBI se bol raha hoon. Aapka Aadhaar deactivate hone wala hai. Turant update kijiye.,1,lottery,hinglish,indian,cbi se bol raha hoon aapka aadhaar deactivate hone wala hai turant update kijiye
I just saw ron burgundy captaining a party boat so yeah,0,none,english,uci,i just saw ron burgundy captaining a party boat so yeah
Hello sir Aapka bank account investigation ke dauran freeze kiya ja sakta hai.,1,police_digital_arrest,hinglish,indian,hello sir aapka bank account investigation ke dauran freeze kiya ja sakta hai
Hello ji Aapke phone number se koi asleel gande images aur videos share kiye ja rahe hain. Ye cyber crime hai.,1,police_blackmail,hinglish,indian,hello ji aapke phone number se koi asleel gande images aur videos share kiye ja rahe hain ye cyber crime hai
Pansy! You've been living in a jungle for two years! Its my driving you should be more worried about!,0,none,english,uci,pansy you ve been living in a jungle for two years its my driving you should be more worried about
I love to wine and dine my lady!,0,none,english,uci,i love to wine and dine my lady
"Wn u r hurt by d prsn who s close 2 u, do fight wit dem. Coz somtimes dis fight saves a relation bt being quiet leaves nothin in a relation.. Gud eveB-)",0,none,english,uci,wn u r hurt by d prsn who s close 2 u do fight wit dem coz somtimes dis fight saves a relation bt being quiet leaves nothin in a relation gud eveb
Went to ganesh dress shop,0,none,english,uci,went to ganesh dress shop
Darren was saying dat if u meeting da ge den we dun meet 4 dinner. Cos later u leave xy will feel awkward. Den u meet him 4 lunch lor.,0,none,english,uci,darren was saying dat if u meeting da ge den we dun meet 4 dinner cos later u leave xy will feel awkward den u meet him 4 lunch lor
All will come alive.better correct any good looking figure there itself..,0,none,english,uci,all will come alive better correct any good looking figure there itself
Ji haan suniye Congratulations! Aapne ₹40 lakh ka lottery jeeta hai. Processing fee dena hoga.,1,aadhaar,hinglish,indian,ji haan suniye congratulations aapne 40 lakh ka lottery jeeta hai processing fee dena hoga
Thanks. It was only from tescos but quite nice. All gone now. Speak soon ,0,none,english,uci,thanks it was only from tescos but quite nice all gone now speak soon
is your hamster dead? Hey so tmr i meet you at 1pm orchard mrt? ,0,none,english,uci,is your hamster dead hey so tmr i meet you at 1pm orchard mrt
Nope wif my sis lor... Aft bathing my dog then i can bathe... Looks like it's going 2 rain soon.,0,none,english,uci,nope wif my sis lor aft bathing my dog then i can bathe looks like it s going 2 rain soon
"Free entry to the gr8prizes wkly comp 4 a chance to win the latest Nokia 8800, PSP or £250 cash every wk.TXT GREAT to 80878 http//www.gr8prizes.com 08715705022",1,general_spam,english,uci,free entry to the gr8prizes wkly comp 4 a chance to win the latest nokia 8800 psp or 250 cash every wk txt great to 80878
I told your number to gautham..,0,none,english,uci,i told your number to gautham
"He said that he had a right giggle when he saw u again! You would possibly be the first person2die from NVQ, but think how much you could for! ",0,none,english,uci,he said that he had a right giggle when he saw u again you would possibly be the first person2die from nvq but think how much you could for
"V-aluable. A-ffectionate. L-oveable. E-ternal. N-oble. T-ruthful. I-ntimate. N-atural. E-namous. Happy ""VALENTINES DAY"" in advance",0,none,english,uci,v aluable a ffectionate l oveable e ternal n oble t ruthful i ntimate n atural e namous happy valentines day in advance
WHITE FUDGE OREOS ARE IN STORES,0,none,english,uci,white fudge oreos are in stores
"Mila, age23, blonde, new in UK. I look sex with UK guys. if u like fun with me. Text MTALK to 69866.18 . 30pp/txt 1st 5free. £1.50 increments. Help08718728876",1,general_spam,english,uci,mila age23 blonde new in uk i look sex with uk guys if u like fun with me text mtalk to 69866 18 30pp txt 1st 5free 1 50 increments help08718728876
"Yeah probably, I still gotta check out with leo",0,none,english,uci,yeah probably i still gotta check out with leo
Jus finish bathing...,0,none,english,uci,jus finish bathing
Its a big difference.  &lt;#&gt;  versus  &lt;#&gt;  every  &lt;#&gt; hrs,0,none,english,uci,its a big difference versus every hrs
"You are guaranteed the latest Nokia Phone, a 40GB iPod MP3 player or a £500 prize! Txt word: COLLECT to No: 83355! IBHltd LdnW15H 150p/Mtmsgrcvd18+",1,general_spam,english,uci,you are guaranteed the latest nokia phone a 40gb ipod mp3 player or a 500 prize txt word collect to no 83355 ibhltd ldnw15h 150p mtmsgrcvd18
Great comedy..cant stop laughing da:),0,none,english,uci,great comedy cant stop laughing da
Jus came back fr lunch wif my sis only. U leh?,0,none,english,uci,jus came back fr lunch wif my sis only u leh
"Lol ... Oh no babe, I wont be sliding into your place after midnight, but thanks for the invite",0,none,english,uci,lol oh no babe i wont be sliding into your place after midnight but thanks for the invite
"Thanx 4 the time weve spent 2geva, its bin mint! Ur my Baby and all I want is u!xxxx",0,none,english,uci,thanx 4 the time we ve spent 2geva its bin mint ur my baby and all i want is u xxxx
Do you want a NEW video phone750 anytime any network mins 150 text for only five pounds per week call 08000776320 now or reply for delivery tomorrow,1,general_spam,english,uci,do you want a new video phone750 anytime any network mins 150 text for only five pounds per week call now or reply for delivery tomorrow
Aap sun rahe hain na? Congratulations! Aapne ₹40 lakh ka lottery jeeta hai. Processing fee dena hoga.,1,relative,hinglish,indian,aap sun rahe hain na congratulations aapne 40 lakh ka lottery jeeta hai processing fee dena hoga
Omg how did u know what I ate?,0,none,english,uci,omg how did u know what i ate
Ambrith..madurai..met u in arun dha marrge..remembr?,0,none,english,uci,ambrith madurai met u in arun dha marrge remembr
Lol its ok I didn't remember til last nite,0,none,english,uci,lol its ok i didn t remember til last nite
how are you? I miss you!,0,none,english,uci,how are you i miss you
"I can. But it will tell quite long, cos i haven't finish my film yet...",0,none,english,uci,i can but it will tell quite long cos i haven t finish my film yet
I'm not sure if its still available though,0,none,english,uci,i m not sure if its still available though
Ooooooh I forgot to tell u I can get on yoville on my phone,0,none,english,uci,ooooooh i forgot to tell u i can get on yoville on my phone
"Aight, you close by or still down around alex's place?",0,none,english,uci,aight you close by or still down around alex s place
Yeah whatever lol,0,none,english,uci,yeah whatever lol
"Thanks for your ringtone order, reference number X29. Your mobile will be charged 4.50. Should your tone not arrive please call customer services 09065989180",1,general_spam,english,uci,thanks for your ringtone order reference number x29 your mobile will be charged 4 50 should your tone not arrive please call customer services
ELLO BABE U OK?,0,none,english,uci,ello babe u ok
You'll never believe this but i have actually got off at taunton. Wow,0,none,english,uci,you ll never believe this but i have actually got off at taunton wow
Where do you need to go to get it?,0,none,english,uci,where do you need to go to get it
But we havent got da topic yet rite?,0,none,english,uci,but we havent got da topic yet rite
Collect your VALENTINE'S weekend to PARIS inc Flight & Hotel + £200 Prize guaranteed! Text: PARIS to No: 69101. www.rtf.sphosting.com,1,general_spam,english,uci,collect your valentine s weekend to paris inc flight hotel 200 prize guaranteed text paris to no 69101
Tmrw. Im finishing 9 doors,0,none,english,uci,tmrw im finishing 9 doors
"It's not that you make me cry. It's just that when all our stuff happens on top of everything else, it pushes me over the edge. You don't underdtand how often i cry over my sorry, sorry life.",0,none,english,uci,it s not that you make me cry it s just that when all our stuff happens on top of everything else it pushes me over the edge you don t underdtand how often i cry over my sorry sorry life
All boys made fun of me today. Ok i have no problem. I just sent one message just for fun,0,none,english,uci,all boys made fun of me today ok i have no problem i just sent one message just for fun
Your 2004 account for 07XXXXXXXXX shows 786 unredeemed points. To claim call 08719181259 Identifier code: XXXXX Expires 26.03.05,1,general_spam,english,uci,your 2004 account for 07xxxxxxxxx shows 786 unredeemed points to claim call identifier code xxxxx expires 26 03 05
"Ya, i'm referin to mei's ex wat... No ah, waitin 4 u to treat, somebody shld b rich liao...So gd, den u dun have to work frm tmr onwards...",0,none,english,uci,ya i m referin to mei s ex wat no ah waitin 4 u to treat somebody shld b rich liao so gd den u dun have to work frm tmr onwards
Ard 515 like dat. Y?,0,none,english,uci,ard 515 like dat y
"I dont knw pa, i just drink milk..",0,none,english,uci,i dont knw pa i just drink milk
I need... Coz i never go before ,0,none,english,uci,i need coz i never go before
Finally the match heading towards draw as your prediction.,0,none,english,uci,finally the match heading towards draw as your prediction
Have a good evening! Ttyl,0,none,english,uci,have a good evening ttyl
Ha... U jus ate honey ar? So sweet...,0,none,english,uci,ha u jus ate honey ar so sweet
Hello sir Aapke phone se illegal obscene content circulate ho raha hai. Digital arrest ho sakta hai.,1,police_blackmail,hinglish,indian,hello sir aapke phone se illegal obscene content circulate ho raha hai digital arrest ho sakta hai
Madam ek minute Aapke WhatsApp se ladies ko asleel messages bheje ja rahe hain. Aapko suspect maana ja raha hai.,1,police_blackmail,hinglish,indian,madam ek minute aapke whatsapp se ladies ko asleel messages bheje ja rahe hain aapko suspect maana ja raha hai
I cant wait for cornwall. Hope tonight isnt too bad as well but its rock night shite. Anyway im going for a kip now have a good night. Speak to you soon.,0,none,english,uci,i can t wait for cornwall hope tonight isn t too bad as well but it s rock night shite anyway i m going for a kip now have a good night speak to you soon
Hello darlin ive finished college now so txt me when u finish if u can love Kate xxx,0,none,english,uci,hello darlin ive finished college now so txt me when u finish if u can love kate xxx
Then we gotta do it after that,0,none,english,uci,then we gotta do it after that
Law enforcement se bol raha hoon. Aapke naam par ek criminal complaint register hui hai.,1,police_digital_arrest,hinglish,indian,law enforcement se bol raha hoon aapke naam par ek criminal complaint register hui hai
Mmmm ... Fuck ... Not fair ! You know my weaknesses ! *grins* *pushes you to your knee's* *exposes my belly and pulls your head to it* Don't forget ... I know yours too *wicked smile*,0,none,english,uci,mmmm fuck not fair you know my weaknesses grins pushes you to your knee s exposes my belly and pulls your head to it don t forget i know yours too wicked smile
Hello sir Aapke Aadhaar card ka istemal karke fake SIM issue ki gayi hai.,1,police_digital_arrest,hinglish,indian,hello sir aapke aadhaar card ka istemal karke fake sim issue ki gayi hai
I forgot 2 ask ü all smth.. There's a card on da present lei... How? Ü all want 2 write smth or sign on it?,0,none,english,uci,i forgot 2 ask all smth there s a card on da present lei how all want 2 write smth or sign on it
Lol no ouch but wish i'd stayed out a bit longer,0,none,english,uci,lol no ouch but wish i d stayed out a bit longer
What was she looking for?,0,none,english,uci,what was she looking for
"Good morning, my Love ... I go to sleep now and wish you a great day full of feeling better and opportunity ... You are my last thought babe, I LOVE YOU *kiss*",0,none,english,uci,good morning my love i go to sleep now and wish you a great day full of feeling better and opportunity you are my last thought babe i love you kiss
Oh ho. Is this the first time u use these type of words,0,none,english,uci,oh ho is this the first time u use these type of words
What u talking bout early morning? It's almost noon where your at!,0,none,english,uci,what u talking bout early morning it s almost noon where your at
"U can WIN £100 of Music Gift Vouchers every week starting NOW Txt the word DRAW to 87066 TsCs www.ldew.com SkillGame,1Winaweek, age16.150ppermessSubscription",1,general_spam,english,uci,u can win 100 of music gift vouchers every week starting now txt the word draw to 87066 tscs skillgame 1winaweek age16 150ppermesssubscription
Pick you up bout 7.30ish? What time are  and that going?,0,none,english,uci,pick you up bout 7 30ish what time are and that going
To day class is there are no class.,0,none,english,uci,to day class is there are no class
Cyber Crime Department se bol raha hoon. Congratulations! Aapne ₹40 lakh ka lottery jeeta hai. Processing fee dena hoga.,1,aadhaar,hinglish,indian,cyber crime department se bol raha hoon congratulations aapne 40 lakh ka lottery jeeta hai processing fee dena hoga
"Hey there! Glad u r better now. I hear u treated urself to a digi cam, is it good? We r off at 9pm. Have a fab new year, c u in coupla wks!",0,none,english,uci,hey there glad u r better now i hear u treated urself to a digi cam is it good we r off at 9pm have a fab new year c u in coupla wks
"Height of ""Oh shit....!!"" situation: A guy throws a luv letter on a gal but falls on her brothers head whos a gay,.;-):-D",0,none,english,uci,height of oh shit situation a guy throws a luv letter on a gal but falls on her brothers head whos a gay d
"Babe ! How goes that day ? What are you doing ? Where are you ? I sip my cappuccino and think of you, my love ... I send a kiss to you from across the sea",0,none,english,uci,babe how goes that day what are you doing where are you i sip my cappuccino and think of you my love i send a kiss to you from across the sea
K.k.this month kotees birthday know?,0,none,english,uci,k k this month kotees birthday know
You have 1 new message. Please call 08718738034.,1,general_spam,english,uci,you have 1 new message please call
Me n him so funny...,0,none,english,uci,me n him so funny
Law enforcement se bol raha hoon. Aapki morphed photos viral ho rahi hain. Cyber cell ne case register kar liya hai.,1,police_blackmail,hinglish,indian,law enforcement se bol raha hoon aapki morphed photos viral ho rahi hain cyber cell ne case register kar liya hai
So when do you wanna gym?,0,none,english,uci,so when do you wanna gym
4mths half price Orange line rental & latest camera phones 4 FREE. Had your phone 11mths ? Call MobilesDirect free on 08000938767 to update now! or2stoptxt,1,general_spam,english,uci,4mths half price orange line rental latest camera phones 4 free had your phone 11mths call mobilesdirect free on to update now or2stoptxt
Or ü go buy wif him then i meet ü later can?,0,none,english,uci,or go buy wif him then i meet later can
All e best 4 ur driving tmr :-),0,none,english,uci,all e best 4 ur driving tmr
That sucks. I'll go over so u can do my hair. You'll do it free right?,0,none,english,uci,that sucks i ll go over so u can do my hair you ll do it free right
CLAIRE here am havin borin time & am now alone U wanna cum over 2nite? Chat now 09099725823 hope 2 C U Luv CLAIRE xx Calls£1/minmoremobsEMSPOBox45PO139WA,1,general_spam,english,uci,claire here am havin borin time am now alone u wanna cum over 2nite chat now hope 2 c u luv claire xx calls 1 minmoremobsemspobox45po139wa
Sorry da:)i was thought of calling you lot of times:)lil busy.i will call you at noon..,0,none,english,uci,sorry da i was thought of calling you lot of times lil busy i will call you at noon
Police headquarters se bol raha hoon. Aapka KYC pending hai. Account 2 ghante mein block ho jayega. OTP share kijiye.,1,relative,hinglish,indian,police headquarters se bol raha hoon aapka kyc pending hai account 2 ghante mein block ho jayega otp share kijiye
You are a big chic. Common. Declare,0,none,english,uci,you are a big chic common declare
Thanks honey but still haven't heard anything I will leave it a bit longer so not 2 crowd him and will try later - great advice thanks hope cardiff is still there!,0,none,english,uci,thanks honey but still haven t heard anything i will leave it a bit longer so not 2 crowd him and will try later great advice thanks hope cardiff is still there
Send a logo 2 ur lover - 2 names joined by a heart. Txt LOVE NAME1 NAME2 MOBNO eg LOVE ADAM EVE 07123456789 to 87077 Yahoo! POBox36504W45WQ TxtNO 4 no ads 150p,1,general_spam,english,uci,send a logo 2 ur lover 2 names joined by a heart txt love name1 name2 mobno eg love adam eve to 87077 yahoo pobox36504w45wq txtno 4 no ads 150p
They have a thread on the wishlist section of the forums where ppl post nitro requests. Start from the last page and collect from the bottom up.,0,none,english,uci,they have a thread on the wishlist section of the forums where ppl post nitro requests start from the last page and collect from the bottom up
Was gr8 to see that message. So when r u leaving? Congrats dear. What school and wat r ur plans.,0,none,english,uci,was gr8 to see that message so when r u leaving congrats dear what school and wat r ur plans
"U so lousy, run already come back then half dead... Hee...",0,none,english,uci,u so lousy run already come back then half dead hee
Hey... Very inconvenient for your sis a not huh?,0,none,english,uci,hey very inconvenient for your sis a not huh
"Ji haan suniye Aapke father ko accident ho gaya hai. Turant 50,000 bhej dijiye hospital ke liye.",1,amazon,hinglish,indian,ji haan suniye aapke father ko accident ho gaya hai turant 50 000 bhej dijiye hospital ke liye
"If we hit it off, you can move in with me :)",0,none,english,uci,if we hit it off you can move in with me
"You have been selected to stay in 1 of 250 top British hotels - FOR NOTHING! Holiday Worth £350! To Claim, Call London 02072069400. Bx 526, SW73SS",1,general_spam,english,uci,you have been selected to stay in 1 of 250 top british hotels for nothing holiday worth 350 to claim call london bx 526 sw73ss
Me sef dey laugh you. Meanwhile how's my darling anjie!,0,none,english,uci,me sef dey laugh you meanwhile how s my darling anjie
"Brainless Baby Doll..:-D;-), vehicle sariyag drive madoke barolla..",0,none,english,uci,brainless baby doll d vehicle sariyag drive madoke barolla
Merry christmas to u too annie!,0,none,english,uci,merry christmas to u too annie
Same. Wana plan a trip sometme then,0,none,english,uci,same wana plan a trip sometme then
it's still not working. And this time i also tried adding zeros. That was the savings. The checking is  &lt;#&gt; ,0,none,english,uci,it s still not working and this time i also tried adding zeros that was the savings the checking is
Ha ha - had popped down to the loo when you hello-ed me. Hello!,0,none,english,uci,ha ha had popped down to the loo when you hello ed me hello
Haven't heard anything and he's not answering my texts so I'm guessing he flaked. That said the jb is fantastic,0,none,english,uci,haven t heard anything and he s not answering my texts so i m guessing he flaked that said the jb is fantastic
Hi 07734396839 IBH Customer Loyalty Offer: The NEW NOKIA6600 Mobile from ONLY £10 at TXTAUCTION!Txt word:START to No:81151 & get Yours Now!4T&,1,general_spam,english,uci,hi ibh customer loyalty offer the new nokia6600 mobile from only 10 at txtauction txt word start to no 81151 get yours now 4t
Ji haan suniye Aapke number se pornographic material WhatsApp groups mein bheja ja raha hai. FIR ho chuki hai.,1,police_blackmail,hinglish,indian,ji haan suniye aapke number se pornographic material whatsapp groups mein bheja ja raha hai fir ho chuki hai
My phone,0,none,english,uci,my phone
"Awesome, think we can get an 8th at usf some time tonight?",0,none,english,uci,awesome think we can get an 8th at usf some time tonight
She's good. How are you. Where r u working now,0,none,english,uci,she s good how are you where r u working now
Tell rob to mack his gf in the theater,0,none,english,uci,tell rob to mack his gf in the theater
Yetunde i'm in class can you not run water on it to make it ok. Pls now.,0,none,english,uci,yetunde i m in class can you not run water on it to make it ok pls now
You do your studies alone without anyones help. If you cant no need to study.,0,none,english,uci,you do your studies alone without anyones help if you cant no need to study
CALL 09090900040 & LISTEN TO EXTREME DIRTY LIVE CHAT GOING ON IN THE OFFICE RIGHT NOW TOTAL PRIVACY NO ONE KNOWS YOUR [sic] LISTENING 60P MIN 24/7MP 0870753331018+,1,general_spam,english,uci,call listen to extreme dirty live chat going on in the office right now total privacy no one knows your sic listening 60p min 24 7mp
Madam ek minute Aapke phone number se koi asleel gande images aur videos share kiye ja rahe hain. Ye cyber crime hai.,1,police_blackmail,hinglish,indian,madam ek minute aapke phone number se koi asleel gande images aur videos share kiye ja rahe hain ye cyber crime hai
"Yes, princess. Toledo.",0,none,english,uci,yes princess toledo
"Urgent Urgent! We have 800 FREE flights to Europe to give away, call B4 10th Sept & take a friend 4 FREE. Call now to claim on 09050000555. BA128NNFWFLY150ppm",1,general_spam,english,uci,urgent urgent we have 800 free flights to europe to give away call b4 10th sept take a friend 4 free call now to claim on ba128nnfwfly150ppm
HAPPY NEW YEAR MY NO.1 MAN,0,none,english,uci,happy new year my no 1 man
"SMSSERVICES. for yourinclusive text credits, pls goto www.comuk.net login= 3qxj9 unsubscribe with STOP, no extra charge. help 08702840625.COMUK. 220-CM2 9AE",1,general_spam,english,uci,smsservices for yourinclusive text credits pls goto login 3qxj9 unsubscribe with stop no extra charge help comuk 220 cm2 9ae
Hello ma'am Police verification complete karna zaroori hai.,1,police_digital_arrest,hinglish,indian,hello ma am police verification complete karna zaroori hai
Indeed and by the way it was either or - not both !,0,none,english,uci,indeed and by the way it was either or not both
"A swt thought: ""Nver get tired of doing little things 4 lovable persons.."" Coz..somtimes those little things occupy d biggest part in their Hearts.. Gud ni8",0,none,english,uci,a swt thought nver get tired of doing little things 4 lovable persons coz somtimes those little things occupy d biggest part in their hearts gud ni8
Yeah I'll try to scrounge something up,0,none,english,uci,yeah i ll try to scrounge something up
Are you up for the challenge? I know i am :),0,none,english,uci,are you up for the challenge i know i am
What is the plural of the noun research?,0,none,english,uci,what is the plural of the noun research
My sister got placed in birla soft da:-),0,none,english,uci,my sister got placed in birla soft da
Super msg da:)nalla timing.,0,none,english,uci,super msg da nalla timing
Free 1st week entry 2 TEXTPOD 4 a chance 2 win 40GB iPod or £250 cash every wk. Txt VPOD to 81303 Ts&Cs www.textpod.net custcare 08712405020.,1,general_spam,english,uci,free 1st week entry 2 textpod 4 a chance 2 win 40gb ipod or 250 cash every wk txt vpod to 81303 ts cs custcare
I want to sent  &lt;#&gt; mesages today. Thats y. Sorry if i hurts,0,none,english,uci,i want to sent mesages today thats y sorry if i hurts
Not tonight mate. Catching up on some sleep. This is my new number by the way. ,0,none,english,uci,not tonight mate catching up on some sleep this is my new number by the way
Ujhhhhhhh computer shipped out with address to sandiago and parantella lane. Wtf. Poop.,0,none,english,uci,ujhhhhhhh computer shipped out with address to sandiago and parantella lane wtf poop
Beautiful truth : Expression of the face could Be seen by everyone... But the depression of heart Could be understood only By the Loved ones.. Gud Ni8;-),0,none,english,uci,beautiful truth expression of the face could be seen by everyone but the depression of heart could be understood only by the loved ones gud ni8
"Rose needs water, season needs change, poet needs imagination..My phone needs ur sms and i need ur lovely frndship forever....",0,none,english,uci,rose needs water season needs change poet needs imagination my phone needs ur sms and i need ur lovely frndship forever
"Can meh? Thgt some will clash... Really ah, i dun mind... I dun seen to have lost any weight... Gee...",0,none,english,uci,can meh thgt some will clash really ah i dun mind i dun seen to have lost any weight gee
"Special Investigation Team se bol raha hoon. Amazon se bol raha hoon. Aapka parcel hold hai, clearance charge ₹499 dena hoga.",1,bank_kyc,hinglish,indian,special investigation team se bol raha hoon amazon se bol raha hoon aapka parcel hold hai clearance charge 499 dena hoga
Okay... We wait ah,0,none,english,uci,okay we wait ah
Really dun bluff me leh... U sleep early too. Nite...,0,none,english,uci,really dun bluff me leh u sleep early too nite
"Come round, it's . ",0,none,english,uci,come round it s
I was gonna ask you lol but i think its at 7,0,none,english,uci,i was gonna ask you lol but i think its at 7
G wants to know where the fuck you are,0,none,english,uci,g wants to know where the fuck you are
"4 tacos + 1 rajas burrito, right?",0,none,english,uci,4 tacos 1 rajas burrito right
"Thk shld b can... Ya, i wana go 4 lessons... Haha, can go for one whole stretch...",0,none,english,uci,thk shld b can ya i wana go 4 lessons haha can go for one whole stretch
Good afternoon starshine! How's my boytoy? Does he crave me yet? Ache to fuck me ? *sips cappuccino* I miss you babe *teasing kiss*,0,none,english,uci,good afternoon starshine how s my boytoy does he crave me yet ache to fuck me sips cappuccino i miss you babe teasing kiss
"Almost there, see u in a sec",0,none,english,uci,almost there see u in a sec
But i haf enuff space got like 4 mb...,0,none,english,uci,but i haf enuff space got like 4 mb
"life alle mone,eppolum oru pole allalo",0,none,english,uci,life alle mone eppolum oru pole allalo
HI ITS JESS I DONT KNOW IF YOU ARE AT WORK BUT CALL ME WHEN U CAN IM AT HOME ALL EVE. XXX,0,none,english,uci,hi its jess i dont know if you are at work but call me when u can im at home all eve xxx
Never try alone to take the weight of a tear that comes out of ur heart and falls through ur eyes... Always remember a STUPID FRIEND is here to share... BSLVYL,0,none,english,uci,never try alone to take the weight of a tear that comes out of ur heart and falls through ur eyes always remember a stupid friend is here to share bslvyl
When you are big..| God will bring success.,0,none,english,uci,when you are big god will bring success
ACP Sharma bol raha hoon. Cyber Crime Department se bol raha hoon. Aapke number se objectionable content circulate hua hai.,1,police_digital_arrest,hinglish,indian,acp sharma bol raha hoon cyber crime department se bol raha hoon aapke number se objectionable content circulate hua hai
"That's what I love to hear :V see you sundayish, then",0,none,english,uci,that s what i love to hear v see you sundayish then
Yes... I trust u to buy new stuff ASAP so I can try it out,0,none,english,uci,yes i trust u to buy new stuff asap so i can try it out
Namaste ma'am Congratulations! Aapne ₹40 lakh ka lottery jeeta hai. Processing fee dena hoga.,1,bank_kyc,hinglish,indian,namaste ma am congratulations aapne 40 lakh ka lottery jeeta hai processing fee dena hoga
Namaste sir Cab 3 minute mein pahunch raha hai.,0,none,hinglish,indian,namaste sir cab 3 minute mein pahunch raha hai
Cos darren say ü considering mah so i ask ü...,0,none,english,uci,cos darren say considering mah so i ask
"Dunno, my dad said he coming home 2 bring us out 4 lunch. Yup i go w u lor. I call u when i reach school lor...",0,none,english,uci,dunno my dad said he coming home 2 bring us out 4 lunch yup i go w u lor i call u when i reach school lor
I wont get concentration dear you know you are my mind and everything :-),0,none,english,uci,i wont get concentration dear you know you are my mind and everything
"Waqt se pehle or naseeb se zyada kisi ko kuch nahi milta,Zindgi wo nahi he jo hum sochte hai Zindgi wo hai jo ham jeetey hai..........",0,none,english,uci,waqt se pehle or naseeb se zyada kisi ko kuch nahi milta zindgi wo nahi he jo hum sochte hai zindgi wo hai jo ham jeetey hai
Happy new years melody!,0,none,english,uci,happy new years melody
"I got arrested for possession at, I shit you not,  &lt;TIME&gt;  pm",0,none,english,uci,i got arrested for possession at i shit you not pm
I'm not coming home 4 dinner.,0,none,english,uci,i m not coming home 4 dinner
YOU HAVE WON! As a valued Vodafone customer our computer has picked YOU to win a £150 prize. To collect is easy. Just call 09061743386 ,1,general_spam,english,uci,you have won as a valued vodafone customer our computer has picked you to win a 150 prize to collect is easy just call
Let's pool our money together and buy a bunch of lotto tickets. If we win I get &lt;#&gt; % u get &lt;#&gt; %. Deal?,0,none,english,uci,let s pool our money together and buy a bunch of lotto tickets if we win i get u get deal
Draw va?i dont think so:),0,none,english,uci,draw va i dont think so
I've reached home finally...,0,none,english,uci,i ve reached home finally
Smith waste da.i wanna gayle.,0,none,english,uci,smith waste da i wanna gayle
Haha... Yup hopefully  we will lose a few kg by mon. after hip hop can go orchard and weigh again,0,none,english,uci,haha yup hopefully we will lose a few kg by mon after hip hop can go orchard and weigh again
Huh means computational science... Y they like dat one push here n there...,0,none,english,uci,huh means computational science y they like dat one push here n there
Ok how you dear. Did you call chechi,0,none,english,uci,ok how you dear did you call chechi
WIN a £200 Shopping spree every WEEK Starting NOW. 2 play text STORE to 88039. SkilGme. TsCs08714740323 1Winawk! age16 £1.50perweeksub.,1,general_spam,english,uci,win a 200 shopping spree every week starting now 2 play text store to 88039 skilgme tscs08714740323 1winawk age16 1 50perweeksub
"URGENT! Your mobile No 077xxx WON a £2,000 Bonus Caller Prize on 02/06/03! This is the 2nd attempt to reach YOU! Call 09066362206 ASAP! BOX97N7QP, 150ppm",1,general_spam,english,uci,urgent your mobile no 077xxx won a 2 000 bonus caller prize on 02 06 03 this is the 2nd attempt to reach you call asap box97n7qp 150ppm
Tessy..pls do me a favor. Pls convey my birthday wishes to Nimya..pls dnt forget it. Today is her birthday Shijas,0,none,english,uci,tessy pls do me a favor pls convey my birthday wishes to nimya pls dnt forget it today is her birthday shijas
"Daddy, shu shu is looking 4 u... U wan me 2 tell him u're not in singapore or wat?",0,none,english,uci,daddy shu shu is looking 4 u u wan me 2 tell him u re not in singapore or wat
"Bill, as in: Are there any letters for me. i’m expecting one from orange that isn’t a bill but may still say orange on it.",0,none,english,uci,bill as in are there any letters for me i m expecting one from orange that isn t a bill but may still say orange on it
Then i buy.,0,none,english,uci,then i buy
Uncle Abbey! Happy New Year. Abiola,0,none,english,uci,uncle abbey happy new year abiola
Special Investigation Team se bol raha hoon. Aapke number se pornographic material WhatsApp groups mein bheja ja raha hai. FIR ho chuki hai.,1,police_blackmail,hinglish,indian,special investigation team se bol raha hoon aapke number se pornographic material whatsapp groups mein bheja ja raha hai fir ho chuki hai
"You are always putting your business out there. You put pictures of your ass on facebook. You are one of the most open people i've ever met. Why would i think a picture of your room would hurt you, make you feel violated.",0,none,english,uci,you are always putting your business out there you put pictures of your ass on facebook you are one of the most open people i ve ever met why would i think a picture of your room would hurt you make you feel violated
Sounds like there could be a lot of time spent in that chastity device boy ... *grins* ... Or take your beatings like a good dog. Going to lounge in a nice long bath now ?,0,none,english,uci,sounds like there could be a lot of time spent in that chastity device boy grins or take your beatings like a good dog going to lounge in a nice long bath now
"Sorry, I'll call later",0,none,english,uci,sorry i ll call later
"Well the weather in cali's great. But its complexities are great. You need a car to move freely, its taxes are outrageous. But all in all its a great place. The sad part is i missing home.",0,none,english,uci,well the weather in cali s great but its complexities are great you need a car to move freely its taxes are outrageous but all in all its a great place the sad part is i missing home
I was just callin to say hi. Take care bruv!,0,none,english,uci,i was just callin to say hi take care bruv
"You have come into my life and brought the sun ..Shiny down on me, warming my heart. Putting a constant smile on my face ... Making me feel loved and cared for",0,none,english,uci,you have come into my life and brought the sun shiny down on me warming my heart putting a constant smile on my face making me feel loved and cared for
"Hi hope u get this txt~journey hasnt been gd,now about 50 mins late I think.",0,none,english,uci,hi hope u get this txt journey hasnt been gd now about 50 mins late i think
"Inspector Rajesh Kumar bol raha hoon. Amazon se bol raha hoon. Aapka parcel hold hai, clearance charge ₹499 dena hoga.",1,bank_kyc,hinglish,indian,inspector rajesh kumar bol raha hoon amazon se bol raha hoon aapka parcel hold hai clearance charge 499 dena hoga
Congratulations ore mo owo re wa. Enjoy it and i wish you many happy moments to and fro wherever you go,0,none,english,uci,congratulations ore mo owo re wa enjoy it and i wish you many happy moments to and fro wherever you go
SMS. ac Sptv: The New Jersey Devils and the Detroit Red Wings play Ice Hockey. Correct or Incorrect? End? Reply END SPTV,1,general_spam,english,uci,sms ac sptv the new jersey devils and the detroit red wings play ice hockey correct or incorrect end reply end sptv
Goodnight da thangam I really miss u dear.,0,none,english,uci,goodnight da thangam i really miss u dear
"Aight, I'm chillin in a friend's room so text me when you're on the way",0,none,english,uci,aight i m chillin in a friend s room so text me when you re on the way
"Rock yr chik. Get 100's of filthy films &XXX pics on yr phone now. rply FILTH to 69669. Saristar Ltd, E14 9YT 08701752560. 450p per 5 days. Stop2 cancel",1,general_spam,english,uci,rock yr chik get 100 s of filthy films xxx pics on yr phone now rply filth to 69669 saristar ltd e14 9yt 450p per 5 days stop2 cancel
Happy valentines day I know its early but i have hundreds of handsomes and beauties to wish. So i thought to finish off aunties and uncles 1st...,0,none,english,uci,happy valentines day i know its early but i have hundreds of handsomes and beauties to wish so i thought to finish off aunties and uncles 1st
I think chennai well settled?,0,none,english,uci,i think chennai well settled
Msgs r not time pass.They silently say that I am thinking of U right now and also making U think of me at least 4 a moment. Gd nt.swt drms @Shesil,0,none,english,uci,msgs r not time pass they silently say that i am thinking of u right now and also making u think of me at least 4 a moment gd nt swt drms shesil
"Hi, can i please get a  &lt;#&gt;  dollar loan from you. I.ll pay you back by mid february. Pls.",0,none,english,uci,hi can i please get a dollar loan from you i ll pay you back by mid february pls
Ummma.will call after check in.our life will begin from qatar so pls pray very hard.,0,none,english,uci,ummma will call after check in our life will begin from qatar so pls pray very hard
"Yeah that's what I thought, lemme know if anything's goin on later",0,none,english,uci,yeah that s what i thought lemme know if anything s goin on later
"Nothing, i got msg frm tht unknown no..",0,none,english,uci,nothing i got msg frm tht unknown no
Ha! I wouldn't say that I just didn't read anything into way u seemed. I don't like 2 be judgemental....i save that for fridays in the pub!,0,none,english,uci,ha i wouldn t say that i just didn t read anything into way u seemed i don t like 2 be judgemental i save that for fridays in the pub
I am in your office na.,0,none,english,uci,i am in your office na
Then why you not responding,0,none,english,uci,then why you not responding
Sorry that was my uncle. I.ll keep in touch,0,none,english,uci,sorry that was my uncle i ll keep in touch
Yeah it's jus rite...,0,none,english,uci,yeah it s jus rite
"Can you please ask macho what his price range is, does he want something new or used plus it he only interfued in the blackberry bold  &lt;#&gt;  or any bb",0,none,english,uci,can you please ask macho what his price range is does he want something new or used plus it he only interfued in the blackberry bold or any bb
Ji haan suniye Cab 3 minute mein pahunch raha hai.,0,none,hinglish,indian,ji haan suniye cab 3 minute mein pahunch raha hai
Fyi I'm gonna call you sporadically starting at like  &lt;#&gt;  bc we are not not doin this shit,0,none,english,uci,fyi i m gonna call you sporadically starting at like bc we are not not doin this shit
Hello ma'am Aapke phone number se koi asleel gande images aur videos share kiye ja rahe hain. Ye cyber crime hai.,1,police_blackmail,hinglish,indian,hello ma am aapke phone number se koi asleel gande images aur videos share kiye ja rahe hain ye cyber crime hai
"Law enforcement se bol raha hoon. Amazon se bol raha hoon. Aapka parcel hold hai, clearance charge ₹499 dena hoga.",1,bank_kyc,hinglish,indian,law enforcement se bol raha hoon amazon se bol raha hoon aapka parcel hold hai clearance charge 499 dena hoga
"Each Moment in a day,has its own value-Morning brings hope,afternoon brings faith,Evening brings luv,Night brings rest,Wish u find them all today.Good Morning",0,none,english,uci,each moment in a day has its own value morning brings hope afternoon brings faith evening brings luv night brings rest wish u find them all today good morning
Hello ji Aapke documents ka misuse karke financial fraud kiya gaya hai.,1,police_digital_arrest,hinglish,indian,hello ji aapke documents ka misuse karke financial fraud kiya gaya hai
I will take care of financial problem.i will help:),0,none,english,uci,i will take care of financial problem i will help
No. Its not specialisation. Can work but its slave labor. Will look for it this month sha cos no shakara 4 beggar.,0,none,english,uci,no its not specialisation can work but its slave labor will look for it this month sha cos no shakara 4 beggar
We not leaving yet. Ok lor then we go elsewhere n eat. U thk...,0,none,english,uci,we not leaving yet ok lor then we go elsewhere n eat u thk
Ü dun wan to watch infernal affair?,0,none,english,uci,dun wan to watch infernal affair
Surely result will offer:),0,none,english,uci,surely result will offer
"Inspector Rajesh Kumar bol raha hoon. Aapke father ko accident ho gaya hai. Turant 50,000 bhej dijiye hospital ke liye.",1,bank_kyc,hinglish,indian,inspector rajesh kumar bol raha hoon aapke father ko accident ho gaya hai turant 50 000 bhej dijiye hospital ke liye
Free tones Hope you enjoyed your new content. text stop to 61610 to unsubscribe. help:08712400602450p Provided by tones2you.co.uk,1,general_spam,english,uci,free tones hope you enjoyed your new content text stop to 61610 to unsubscribe help 08712400602450p provided by tones2you co uk
Special Investigation Team se bol raha hoon. Aapke phone se illegal obscene content circulate ho raha hai. Digital arrest ho sakta hai.,1,police_blackmail,hinglish,indian,special investigation team se bol raha hoon aapke phone se illegal obscene content circulate ho raha hai digital arrest ho sakta hai
Delhi Police se bol raha hoon. Aapka Aadhaar deactivate hone wala hai. Turant update kijiye.,1,bank_kyc,hinglish,indian,delhi police se bol raha hoon aapka aadhaar deactivate hone wala hai turant update kijiye
Oooh I got plenty of those!,0,none,english,uci,oooh i got plenty of those
Holy living christ what is taking you so long,0,none,english,uci,holy living christ what is taking you so long
For fear of fainting with the of all that housework you just did? Quick have a cuppa,0,none,english,uci,for fear of fainting with the of all that housework you just did quick have a cuppa
"Got what it takes 2 take part in the WRC Rally in Oz? U can with Lucozade Energy! Text RALLY LE to 61200 (25p), see packs or lucozade.co.uk/wrc & itcould be u!",1,general_spam,english,uci,got what it takes 2 take part in the wrc rally in oz u can with lucozade energy text rally le to 61200 25p see packs or lucozade co uk wrc itcould be u
Check audrey's status right now,0,none,english,uci,check audrey s status right now
"Mum, hope you are having a great day. Hoping this text meets you well and full of life. Have a great day. Abiola",0,none,english,uci,mum hope you are having a great day hoping this text meets you well and full of life have a great day abiola
I don know account details..i will ask my mom and send you.my mom is out of reach now.,0,none,english,uci,i don know account details i will ask my mom and send you my mom is out of reach now
Where are you?when wil you reach here?,0,none,english,uci,where are you when wil you reach here
Do you want 750 anytime any network mins 150 text and a NEW video phone for only five pounds per week call 08000776320 now or reply for delivery Tomorrow,1,general_spam,english,uci,do you want 750 anytime any network mins 150 text and a new video phone for only five pounds per week call now or reply for delivery tomorrow
Sunshine Quiz Wkly Q! Win a top Sony DVD player if u know which country the Algarve is in? Txt ansr to 82277. £1.50 SP:Tyrone,1,general_spam,english,uci,sunshine quiz wkly q win a top sony dvd player if u know which country the algarve is in txt ansr to 82277 1 50 sp tyrone
SplashMobile: Choose from 1000s of gr8 tones each wk! This is a subscrition service with weekly tones costing 300p. U have one credit - kick back and ENJOY,1,general_spam,english,uci,splashmobile choose from 1000s of gr8 tones each wk this is a subscrition service with weekly tones costing 300p u have one credit kick back and enjoy
As in i want custom officer discount oh.,0,none,english,uci,as in i want custom officer discount oh
Just normal only here :),0,none,english,uci,just normal only here
"Hello ma'am Amazon se bol raha hoon. Aapka parcel hold hai, clearance charge ₹499 dena hoga.",1,amazon,hinglish,indian,hello ma am amazon se bol raha hoon aapka parcel hold hai clearance charge 499 dena hoga
i thought we were doing a king of the hill thing there.,0,none,english,uci,i thought we were doing a king of the hill thing there
"Greetings me, ! Consider yourself excused.",0,none,english,uci,greetings me consider yourself excused
Din i tell u jus now 420,0,none,english,uci,din i tell u jus now 420
Ji namaskar Aapke documents ka misuse karke financial fraud kiya gaya hai.,1,police_digital_arrest,hinglish,indian,ji namaskar aapke documents ka misuse karke financial fraud kiya gaya hai
"0A$NETWORKS allow companies to bill for SMS, so they are responsible for their ""suppliers"", just as a shop has to give a guarantee on what they sell. B. G.",1,general_spam,english,uci,0a networks allow companies to bill for sms so they are responsible for their suppliers just as a shop has to give a guarantee on what they sell b g
"Aight, I should be there by 8 at the latest, probably closer to 7. Are jay and tyler down or should we just do two trips?",0,none,english,uci,aight i should be there by 8 at the latest probably closer to 7 are jay and tyler down or should we just do two trips
We took hooch for a walk toaday and i fell over! Splat! Grazed my knees and everything! Should have stayed at home! See you tomorrow! ,0,none,english,uci,we took hooch for a walk toaday and i fell over splat grazed my knees and everything should have stayed at home see you tomorrow
I think if he rule tamilnadu..then its very tough for our people.,0,none,english,uci,i think if he rule tamilnadu then its very tough for our people
So i could kiss and feel you next to me...,0,none,english,uci,so i could kiss and feel you next to me
"alright, I'll make sure the car is back tonight",0,none,english,uci,alright i ll make sure the car is back tonight
Ok i vl..do u know i got adsense approved..,0,none,english,uci,ok i vl do u know i got adsense approved
But you dint in touch with me.,0,none,english,uci,but you dint in touch with me
"Hello, As per request from  &lt;#&gt;  Rs.5 has been transfered to you",0,none,english,uci,hello as per request from rs 5 has been transfered to you
Wat makes some people dearer is not just de happiness dat u feel when u meet them but de pain u feel when u miss dem!!!,0,none,english,uci,wat makes some people dearer is not just de happiness dat u feel when u meet them but de pain u feel when u miss dem
"YOU VE WON! Your 4* Costa Del Sol Holiday or £5000 await collection. Call 09050090044 Now toClaim. SAE, TC s, POBox334, Stockport, SK38xh, Cost£1.50/pm, Max10mins",1,general_spam,english,uci,you ve won your 4 costa del sol holiday or 5000 await collection call now toclaim sae tc s pobox334 stockport sk38xh cost 1 50 pm max10mins
Inspector Rajesh Kumar bol raha hoon. Ek gang aapke number ka misuse karke gande videos bana raha hai. Turant verify karna hoga.,1,police_blackmail,hinglish,indian,inspector rajesh kumar bol raha hoon ek gang aapke number ka misuse karke gande videos bana raha hai turant verify karna hoga
"Yeah I should be able to, I'll text you when I'm ready to meet up",0,none,english,uci,yeah i should be able to i ll text you when i m ready to meet up
"SMS SERVICES. for your inclusive text credits, pls goto www.comuk.net login= 3qxj9 unsubscribe with STOP, no extra charge. help 08702840625.COMUK. 220-CM2 9AE",1,general_spam,english,uci,sms services for your inclusive text credits pls goto login 3qxj9 unsubscribe with stop no extra charge help comuk 220 cm2 9ae
"They said if its gonna snow, it will start around 8 or 9 pm tonite! They are predicting an inch of accumulation.",0,none,english,uci,they said if its gonna snow it will start around 8 or 9 pm tonite they are predicting an inch of accumulation
Hi dear we saw dear. We both are happy. Where you my battery is low,0,none,english,uci,hi dear we saw dear we both are happy where you my battery is low
Aap sun rahe hain na? Aapke Aadhaar se linked account par complaint mili hai.,1,police_digital_arrest,hinglish,indian,aap sun rahe hain na aapke aadhaar se linked account par complaint mili hai
"Hiya, probably coming home * weekend after next",0,none,english,uci,hiya probably coming home weekend after next
U should make a fb list,0,none,english,uci,u should make a fb list
Sir ek minute suniye Aapke naam par registered SIM ka misuse report hua hai.,1,police_digital_arrest,hinglish,indian,sir ek minute suniye aapke naam par registered sim ka misuse report hua hai
Do you know when the result.,0,none,english,uci,do you know when the result
I'm so in love with you. I'm excited each day i spend with you. You make me so happy.,0,none,english,uci,i m so in love with you i m excited each day i spend with you you make me so happy
Hard LIVE 121 chat just 60p/min. Choose your girl and connect LIVE. Call 09094646899 now! Cheap Chat UK's biggest live service. VU BCM1896WC1N3XX,1,general_spam,english,uci,hard live 121 chat just 60p min choose your girl and connect live call now cheap chat uk s biggest live service vu bcm1896wc1n3xx
"Did I forget to tell you ? I want you , I need you, I crave you ... But most of all ... I love you my sweet Arabian steed ... Mmmmmm ... Yummy",0,none,english,uci,did i forget to tell you i want you i need you i crave you but most of all i love you my sweet arabian steed mmmmmm yummy
"For your chance to WIN a FREE Bluetooth Headset then simply reply back with ""ADP""",1,general_spam,english,uci,for your chance to win a free bluetooth headset then simply reply back with adp
Namaste sir Aapki morphed photos viral ho rahi hain. Cyber cell ne case register kar liya hai.,1,police_blackmail,hinglish,indian,namaste sir aapki morphed photos viral ho rahi hain cyber cell ne case register kar liya hai
Ya it came a while ago,0,none,english,uci,ya it came a while ago
"Someone has contacted our dating service and entered your phone becausethey fancy you! To find out who it is call from a landline 09058098002. PoBox1, W14RG 150p",1,general_spam,english,uci,someone has contacted our dating service and entered your phone becausethey fancy you to find out who it is call from a landline pobox1 w14rg 150p
PRIVATE! Your 2003 Account Statement for 07753741225 shows 800 un-redeemed S. I. M. points. Call 08715203677 Identifier Code: 42478 Expires 24/10/04,1,general_spam,english,uci,private your 2003 account statement for shows 800 un redeemed s i m points call identifier code 42478 expires 24 10 04
Call me when you get the chance plz &lt;3,0,none,english,uci,call me when you get the chance plz 3
Special Investigation Team se bol raha hoon. National Cyber Cell se bol raha hoon. Verification ke liye cooperate kijiye.,1,police_digital_arrest,hinglish,indian,special investigation team se bol raha hoon national cyber cell se bol raha hoon verification ke liye cooperate kijiye
Leaving to qatar tonite in search of an opportunity.all went fast.pls add me in ur prayers dear.Rakhesh,0,none,english,uci,leaving to qatar tonite in search of an opportunity all went fast pls add me in ur prayers dear rakhesh
Cyber Crime Department se bol raha hoon. Aapke naam par registered account illegal activities mein use hua hai.,1,police_digital_arrest,hinglish,indian,cyber crime department se bol raha hoon aapke naam par registered account illegal activities mein use hua hai
Speak only when you feel your words are better than the silence... Gud mrng:-),0,none,english,uci,speak only when you feel your words are better than the silence gud mrng
"Madam ek minute Sir kal subah 10 baje meeting hai, agenda mail kar diya.",0,none,hinglish,indian,madam ek minute sir kal subah 10 baje meeting hai agenda mail kar diya
Your unique user ID is 1172. For removal send STOP to 87239 customer services 08708034412,1,general_spam,english,uci,your unique user id is 1172 for removal send stop to 87239 customer services
Ok i thk i got it. Then u wan me 2 come now or wat?,0,none,english,uci,ok i thk i got it then u wan me 2 come now or wat
"Dhyan se suniye Sir kal subah 10 baje meeting hai, agenda mail kar diya.",0,none,hinglish,indian,dhyan se suniye sir kal subah 10 baje meeting hai agenda mail kar diya
I can take you at like noon,0,none,english,uci,i can take you at like noon
Also andros ice etc etc,0,none,english,uci,also andros ice etc etc
Carlos says he'll be at mu in  &lt;#&gt;  minutes,0,none,english,uci,carlos says he ll be at mu in minutes
Then get some cash together and I'll text jason,0,none,english,uci,then get some cash together and i ll text jason
He says he'll give me a call when his friend's got the money but that he's definitely buying before the end of the week,0,none,english,uci,he says he ll give me a call when his friend s got the money but that he s definitely buying before the end of the week
"Dear Sir,Salam Alaikkum.Pride and Pleasure meeting you today at the Tea Shop.We are pleased to send you our contact number at Qatar.Rakhesh an Indian.Pls save our Number.Respectful Regards.",0,none,english,uci,dear sir salam alaikkum pride and pleasure meeting you today at the tea shop we are pleased to send you our contact number at qatar rakhesh an indian pls save our number respectful regards
Namaste sir Aapka Aadhaar deactivate hone wala hai. Turant update kijiye.,1,lottery,hinglish,indian,namaste sir aapka aadhaar deactivate hone wala hai turant update kijiye
"Yup, leaving right now, be back soon",0,none,english,uci,yup leaving right now be back soon
"Cyber Crime Department se bol raha hoon. Amazon se bol raha hoon. Aapka parcel hold hai, clearance charge ₹499 dena hoga.",1,amazon,hinglish,indian,cyber crime department se bol raha hoon amazon se bol raha hoon aapka parcel hold hai clearance charge 499 dena hoga
Dont you have message offer,0,none,english,uci,dont you have message offer
"Inspector Rajesh Kumar bol raha hoon. Aapke father ko accident ho gaya hai. Turant 50,000 bhej dijiye hospital ke liye.",1,relative,hinglish,indian,inspector rajesh kumar bol raha hoon aapke father ko accident ho gaya hai turant 50 000 bhej dijiye hospital ke liye
Delhi Police se bol raha hoon. Aapke naam par money laundering case register hua hai.,1,police_digital_arrest,hinglish,indian,delhi police se bol raha hoon aapke naam par money laundering case register hua hai
Allo! We have braved the buses and taken on the trains and triumphed. I mean we‘re in b‘ham. Have a jolly good rest of week,0,none,english,uci,allo we have braved the buses and taken on the trains and triumphed i mean we re in b ham have a jolly good rest of week
"Theoretically yeah, he could be able to come",0,none,english,uci,theoretically yeah he could be able to come
U sleeping now.. Or you going to take? Haha.. I got spys wat.. Me online checking n replying mails lor..,0,none,english,uci,u sleeping now or you going to take haha i got spys wat me online checking n replying mails lor
Message:some text missing* Sender:Name Missing* *Number Missing *Sent:Date missing *Missing U a lot thats y everything is missing sent via fullonsms.com,0,none,english,uci,message some text missing sender name missing number missing sent date missing missing u a lot thats y everything is missing sent via fullonsms com
Once free call me sir. I am waiting for you.,0,none,english,uci,once free call me sir i am waiting for you
Nah im goin 2 the wrks with j wot bout u?,0,none,english,uci,nah im goin 2 the wrks with j wot bout u
No..its ful of song lyrics..,0,none,english,uci,no its ful of song lyrics
Sir ek minute suniye Police verification complete karna zaroori hai.,1,police_digital_arrest,hinglish,indian,sir ek minute suniye police verification complete karna zaroori hai
MAYBE IF YOU WOKE UP BEFORE FUCKING 3 THIS WOULDN'T BE A PROBLEM.,0,none,english,uci,maybe if you woke up before fucking 3 this wouldn t be a problem
Hello sir Aapke khilaaf legal action initiate kiya gaya hai.,1,police_digital_arrest,hinglish,indian,hello sir aapke khilaaf legal action initiate kiya gaya hai
You will recieve your tone within the next 24hrs. For Terms and conditions please see Channel U Teletext Pg 750,1,general_spam,english,uci,you will recieve your tone within the next 24hrs for terms and conditions please see channel u teletext pg 750
Havent still waitin as usual... Ü come back sch oredi?,0,none,english,uci,havent still waitin as usual come back sch oredi
Then u drive lor.,0,none,english,uci,then u drive lor
As usual u can call me ard 10 smth.,0,none,english,uci,as usual u can call me ard 10 smth
Im good! I have been thinking about you...,0,none,english,uci,im good i have been thinking about you
You dont know you jabo me abi.,0,none,english,uci,you dont know you jabo me abi
No. I.ll meet you in the library,0,none,english,uci,no i ll meet you in the library
S:-)if we have one good partnership going we will take lead:),0,none,english,uci,s if we have one good partnership going we will take lead
"no, i *didn't* mean to post it. I wrote it, and like so many other times i've ritten stuff to you, i let it sit there. it WAS what i was feeling at the time. I was angry. Before i left, i hit send, then stop. It wasn't there. I checked on my phone when i got to my car. It wasn't there. You said you didn't sleep, you were bored. So why wouldn't THAT be the time to clean, fold laundry, etc.? At least make the bed?",0,none,english,uci,no i didn t mean to post it i wrote it and like so many other times i ve ritten stuff to you i let it sit there it was what i was feeling at the time i was angry before i left i hit send then stop it wasn t there i checked on my phone when i got to my car it wasn t there you said you didn t sleep you were bored so why wouldn t that be the time to clean fold laundry etc at least make the bed
Cyber Crime Department se bol raha hoon. National Cyber Cell se bol raha hoon. Verification ke liye cooperate kijiye.,1,police_digital_arrest,hinglish,indian,cyber crime department se bol raha hoon national cyber cell se bol raha hoon verification ke liye cooperate kijiye
Yup having my lunch buffet now.. U eat already?,0,none,english,uci,yup having my lunch buffet now u eat already
Wat ü doing now?,0,none,english,uci,wat doing now
Not from this campus. Are you in the library?,0,none,english,uci,not from this campus are you in the library
From here after The performance award is calculated every two month.not for current one month period..,0,none,english,uci,from here after the performance award is calculated every two month not for current one month period
Where are you call me.,0,none,english,uci,where are you call me
Send me yetty's number pls.,0,none,english,uci,send me yetty s number pls
SMS AUCTION - A BRAND NEW Nokia 7250 is up 4 auction today! Auction is FREE 2 join & take part! Txt NOKIA to 86021 now!,1,general_spam,english,uci,sms auction a brand new nokia 7250 is up 4 auction today auction is free 2 join take part txt nokia to 86021 now
Did u turn on the heater? The heater was on and set to &lt;#&gt; degrees.,0,none,english,uci,did u turn on the heater the heater was on and set to degrees
"Customer service announcement. We recently tried to make a delivery to you but were unable to do so, please call 07090298926 to re-schedule. Ref:9307622",1,general_spam,english,uci,customer service announcement we recently tried to make a delivery to you but were unable to do so please call to re schedule ref
Crime Branch se bol raha hoon. Aapka KYC pending hai. Account 2 ghante mein block ho jayega. OTP share kijiye.,1,lottery,hinglish,indian,crime branch se bol raha hoon aapka kyc pending hai account 2 ghante mein block ho jayega otp share kijiye
Man this bus is so so so slow. I think you're gonna get there before me,0,none,english,uci,man this bus is so so so slow i think you re gonna get there before me
Cyber Crime Department se bol raha hoon. Ek gang aapke number ka misuse karke gande videos bana raha hai. Turant verify karna hoga.,1,police_blackmail,hinglish,indian,cyber crime department se bol raha hoon ek gang aapke number ka misuse karke gande videos bana raha hai turant verify karna hoga
Dunno i juz askin cos i got a card got 20% off 4 a salon called hair sense so i tot it's da one ü cut ur hair. ,0,none,english,uci,dunno i juz askin cos i got a card got 20 off 4 a salon called hair sense so i tot it s da one cut ur hair
Cyber Crime Department se bol raha hoon. Aapke Aadhaar card ka istemal karke fake SIM issue ki gayi hai.,1,police_digital_arrest,hinglish,indian,cyber crime department se bol raha hoon aapke aadhaar card ka istemal karke fake sim issue ki gayi hai
Ji haan suniye Aapke phone number se koi asleel gande images aur videos share kiye ja rahe hain. Ye cyber crime hai.,1,police_blackmail,hinglish,indian,ji haan suniye aapke phone number se koi asleel gande images aur videos share kiye ja rahe hain ye cyber crime hai
Madam ek minute National Cyber Cell se bol raha hoon. Verification ke liye cooperate kijiye.,1,police_digital_arrest,hinglish,indian,madam ek minute national cyber cell se bol raha hoon verification ke liye cooperate kijiye
Yes :)it completely in out of form:)clark also utter waste.,0,none,english,uci,yes it completely in out of form clark also utter waste
Are you free now?can i call now?,0,none,english,uci,are you free now can i call now
Its a part of checking IQ,0,none,english,uci,its a part of checking iq
Still work going on:)it is very small house.,0,none,english,uci,still work going on it is very small house
"Gud gud..k, chikku tke care.. sleep well gud nyt",0,none,english,uci,gud gud k chikku tke care sleep well gud nyt
"Carlos is down but I have to pick it up from him, so I'll swing by usf in a little bit",0,none,english,uci,carlos is down but i have to pick it up from him so i ll swing by usf in a little bit
IMPORTANT INFORMATION 4 ORANGE USER 0796XXXXXX. TODAY IS UR LUCKY DAY!2 FIND OUT WHY LOG ONTO http://www.urawinner.com THERE'S A FANTASTIC PRIZEAWAITING YOU!,1,general_spam,english,uci,important information 4 orange user 0796xxxxxx today is ur lucky day 2 find out why log onto there s a fantastic prizeawaiting you
Hello ji Cab 3 minute mein pahunch raha hai.,0,none,hinglish,indian,hello ji cab 3 minute mein pahunch raha hai
"ACP Sharma bol raha hoon. Aapke father ko accident ho gaya hai. Turant 50,000 bhej dijiye hospital ke liye.",1,bank_kyc,hinglish,indian,acp sharma bol raha hoon aapke father ko accident ho gaya hai turant 50 000 bhej dijiye hospital ke liye
"Fighting with the world is easy, u either win or lose bt fightng with some1 who is close to u is dificult if u lose - u lose if u win - u still lose.",0,none,english,uci,fighting with the world is easy u either win or lose bt fightng with some1 who is close to u is dificult if u lose u lose if u win u still lose
You have won a guaranteed 32000 award or maybe even £1000 cash to claim ur award call free on 0800 ..... (18+). Its a legitimat efreefone number wat do u think???,1,general_spam,english,uci,you have won a guaranteed 32000 award or maybe even 1000 cash to claim ur award call free on 0800 18 its a legitimat efreefone number wat do u think
Hey! do u fancy meetin me at 4 at cha  hav a lil beverage on me. if not txt or ring me and we can meet up l8r. quite tired got in at 3 v.pist ;) love Pete x x x,0,none,english,uci,hey do u fancy meetin me at 4 at cha hav a lil beverage on me if not txt or ring me and we can meet up l8r quite tired got in at 3 v pist love pete x x x
Apps class varaya elaya.,0,none,english,uci,apps class varaya elaya
I don't know u and u don't know me. Send CHAT to 86688 now and let's find each other! Only 150p/Msg rcvd. HG/Suite342/2Lands/Row/W1J6HL LDN. 18 years or over.,1,general_spam,english,uci,i don t know u and u don t know me send chat to 86688 now and let s find each other only 150p msg rcvd hg suite342 2lands row w1j6hl ldn 18 years or over
Hello ma'am Aapka Aadhaar deactivate hone wala hai. Turant update kijiye.,1,relative,hinglish,indian,hello ma am aapka aadhaar deactivate hone wala hai turant update kijiye
Just hopeing that wasn‘t too pissed up to remember and has gone off to his sisters or something!,0,none,english,uci,just hopeing that wasn t too pissed up to remember and has gone off to his sisters or something
I wanna watch that movie,0,none,english,uci,i wanna watch that movie
"Free msg. Sorry, a service you ordered from 81303 could not be delivered as you do not have sufficient credit. Please top up to receive the service.",1,general_spam,english,uci,free msg sorry a service you ordered from 81303 could not be delivered as you do not have sufficient credit please top up to receive the service
"You have been specially selected to receive a ""3000 award! Call 08712402050 BEFORE the lines close. Cost 10ppm. 16+. T&Cs apply. AG Promo",1,general_spam,english,uci,you have been specially selected to receive a 3000 award call before the lines close cost 10ppm 16 t cs apply ag promo
Inspector Rajesh Kumar bol raha hoon. Aapka Aadhaar deactivate hone wala hai. Turant update kijiye.,1,bank_kyc,hinglish,indian,inspector rajesh kumar bol raha hoon aapka aadhaar deactivate hone wala hai turant update kijiye
"As in missionary hook up, doggy hook up, standing...|",0,none,english,uci,as in missionary hook up doggy hook up standing
"Sir, hope your day is going smoothly. i really hoped i wont have to bother you about this. I have some bills that i can't settle this month. I am out of all extra cash. I know this is a challenging time for you also but i have to let you know.",0,none,english,uci,sir hope your day is going smoothly i really hoped i wont have to bother you about this i have some bills that i can t settle this month i am out of all extra cash i know this is a challenging time for you also but i have to let you know
"Miss ya, need ya, want ya, love ya.",0,none,english,uci,miss ya need ya want ya love ya
Special Investigation Team se bol raha hoon. Aapke khilaaf legal action initiate kiya gaya hai.,1,police_digital_arrest,hinglish,indian,special investigation team se bol raha hoon aapke khilaaf legal action initiate kiya gaya hai
Thank you baby! I cant wait to taste the real thing...,0,none,english,uci,thank you baby i cant wait to taste the real thing
"Don't worry though, I understand how important it is that I be put in my place with a poorly thought out punishment in the face of the worst thing that has ever happened to me. Brb gonna go kill myself",0,none,english,uci,don t worry though i understand how important it is that i be put in my place with a poorly thought out punishment in the face of the worst thing that has ever happened to me brb gonna go kill myself
Slaaaaave ! Where are you ? Must I summon you to me all the time now ? Don't you wish to come to me on your own anymore?,0,none,english,uci,slaaaaave where are you must i summon you to me all the time now don t you wish to come to me on your own anymore
Ji namaskar Aapka number telecom fraud case mein identify hua hai.,1,police_digital_arrest,hinglish,indian,ji namaskar aapka number telecom fraud case mein identify hua hai
"You are everywhere dirt, on the floor, the windows, even on my shirt. And sometimes when i open my mouth, you are all that comes flowing out. I dream of my world without you, then half my chores are out too. A time of joy for me, lots of tv shows i.ll see. But i guess like all things you just must exist, like rain, hail and mist, and when my time here is done, you and i become one.",0,none,english,uci,you are everywhere dirt on the floor the windows even on my shirt and sometimes when i open my mouth you are all that comes flowing out i dream of my world without you then half my chores are out too a time of joy for me lots of tv shows i ll see but i guess like all things you just must exist like rain hail and mist and when my time here is done you and i become one
I'll text you when I drop x off,0,none,english,uci,i ll text you when i drop x off
Sir ek minute suniye Cab 3 minute mein pahunch raha hai.,0,none,hinglish,indian,sir ek minute suniye cab 3 minute mein pahunch raha hai
You intrepid duo you! Have a great time and see you both soon. ,0,none,english,uci,you intrepid duo you have a great time and see you both soon
Namaste ma'am Aapka number telecom fraud case mein identify hua hai.,1,police_digital_arrest,hinglish,indian,namaste ma am aapka number telecom fraud case mein identify hua hai
Inspector Rajesh Kumar bol raha hoon. Aapke khilaaf legal action initiate kiya gaya hai.,1,police_digital_arrest,hinglish,indian,inspector rajesh kumar bol raha hoon aapke khilaaf legal action initiate kiya gaya hai
S but not able to sleep.,0,none,english,uci,s but not able to sleep
Hey darlin.. i can pick u up at college if u tell me wen & where 2 mt.. love Pete xx,0,none,english,uci,hey darlin i can pick u up at college if u tell me wen where 2 mt love pete xx
"Law enforcement se bol raha hoon. Amazon se bol raha hoon. Aapka parcel hold hai, clearance charge ₹499 dena hoga.",1,lottery,hinglish,indian,law enforcement se bol raha hoon amazon se bol raha hoon aapka parcel hold hai clearance charge 499 dena hoga
Haven't left yet so probably gonna be here til dinner,0,none,english,uci,haven t left yet so probably gonna be here til dinner
"My friend, she's studying at warwick, we've planned to go shopping and to concert tmw, but it may be canceled, havn't seen  for ages, yeah we should get together sometime!",0,none,english,uci,my friend she s studying at warwick we ve planned to go shopping and to concert tmw but it may be canceled havn t seen for ages yeah we should get together sometime
Dear umma she called me now :-),0,none,english,uci,dear umma she called me now
Yo guess what I just dropped,0,none,english,uci,yo guess what i just dropped
U have won a nokia 6230 plus a free digital camera. This is what u get when u win our FREE auction. To take part send NOKIA to 83383 now. POBOX114/14TCR/W1 16,1,general_spam,english,uci,u have won a nokia 6230 plus a free digital camera this is what u get when u win our free auction to take part send nokia to 83383 now pobox114 14tcr w1 16
No..but heard abt tat..,0,none,english,uci,no but heard abt tat
Wat uniform? In where get?,0,none,english,uci,wat uniform in where get
Yo sorry was in the shower sup,0,none,english,uci,yo sorry was in the shower sup
S....s...india going to draw the series after many years in south african soil..,0,none,english,uci,s s india going to draw the series after many years in south african soil
Early bird! Any purchases yet?,0,none,english,uci,early bird any purchases yet
Mmm thats better now i got a roast down me! id b better if i had a few drinks down me 2! Good indian?,0,none,english,uci,mmm thats better now i got a roast down me i d b better if i had a few drinks down me 2 good indian
"Thank you so much. When we skyped wit kz and sura, we didnt get the pleasure of your company. Hope you are good. We've given you ultimatum oh! We are countin down to aburo. Enjoy!",0,none,english,uci,thank you so much when we skyped wit kz and sura we didnt get the pleasure of your company hope you are good we ve given you ultimatum oh we are countin down to aburo enjoy
WE REGRET TO INFORM U THAT THE NHS HAS MADE A MISTAKE.U WERE NEVER ACTUALLY BORN.PLEASE REPORT 2 YOR LOCAL HOSPITAL 2B TERMINATED.WE R SORRY 4 THE INCONVENIENCE,0,none,english,uci,we regret to inform u that the nhs has made a mistake u were never actually born please report 2 yor local hospital 2b terminated we r sorry 4 the inconvenience
Todays Vodafone numbers ending with 4882 are selected to a receive a £350 award. If your number matches call 09064019014 to receive your £350 award.,1,general_spam,english,uci,todays vodafone numbers ending with 4882 are selected to a receive a 350 award if your number matches call to receive your 350 award
Todays Voda numbers ending with 7634 are selected to receive a £350 reward. If you have a match please call 08712300220 quoting claim code 7684 standard rates apply.,1,general_spam,english,uci,todays voda numbers ending with 7634 are selected to receive a 350 reward if you have a match please call quoting claim code 7684 standard rates apply
Yeah that'd pretty much be the best case scenario,0,none,english,uci,yeah that d pretty much be the best case scenario
Wa... U so efficient... Gee... Thanx...,0,none,english,uci,wa u so efficient gee thanx
Ji namaskar Aapke naam par registered account illegal activities mein use hua hai.,1,police_digital_arrest,hinglish,indian,ji namaskar aapke naam par registered account illegal activities mein use hua hai
No plm i will come da. On the way.,0,none,english,uci,no plm i will come da on the way
I got your back! Do you have any dislikes in bed?,0,none,english,uci,i got your back do you have any dislikes in bed
O i played smash bros  &lt;#&gt;  religiously.,0,none,english,uci,o i played smash bros religiously
Slept? I thinkThis time ( &lt;#&gt;  pm) is not dangerous,0,none,english,uci,slept i thinkthis time pm is not dangerous
"Ji haan suniye Aapke father ko accident ho gaya hai. Turant 50,000 bhej dijiye hospital ke liye.",1,relative,hinglish,indian,ji haan suniye aapke father ko accident ho gaya hai turant 50 000 bhej dijiye hospital ke liye
85233 FREE>Ringtone!Reply REAL,1,general_spam,english,uci,85233 free ringtone reply real
Namaste ma'am Aapka Aadhaar deactivate hone wala hai. Turant update kijiye.,1,aadhaar,hinglish,indian,namaste ma am aapka aadhaar deactivate hone wala hai turant update kijiye
Hey tmr meet at bugis 930 ?,0,none,english,uci,hey tmr meet at bugis 930
ILL B DOWN SOON,0,none,english,uci,ill b down soon
Sorry de i went to shop.,0,none,english,uci,sorry de i went to shop
"HOT LIVE FANTASIES call now 08707509020 Just 20p per min NTT Ltd, PO Box 1327 Croydon CR9 5WB 0870..k",1,general_spam,english,uci,hot live fantasies call now just 20p per min ntt ltd po box 1327 croydon cr9 5wb 0870 k
hi baby im cruisin with my girl friend what r u up 2? give me a call in and hour at home if thats alright or fone me on this fone now love jenny xxx,0,none,english,uci,hi baby im cruisin with my girl friend what r u up 2 give me a call in and hour at home if thats alright or fone me on this fone now love jenny xxx
Special Investigation Team se bol raha hoon. Crime Branch se bol raha hoon. Aapke account se suspicious transactions hui hain.,1,police_digital_arrest,hinglish,indian,special investigation team se bol raha hoon crime branch se bol raha hoon aapke account se suspicious transactions hui hain
Havent stuck at orchard in my dad's car. Going 4 dinner now. U leh? So r they free tonight?,0,none,english,uci,havent stuck at orchard in my dad s car going 4 dinner now u leh so r they free tonight
CHEERS LOU! YEAH WAS A GOODNITE SHAME U NEVA CAME! C YA GAILxx,0,none,english,uci,cheers lou yeah was a goodnite shame u neva came c ya gailxx
Inspector Rajesh Kumar bol raha hoon. Police station se bol raha hoon. Aapke mobile number se illegal messages bheje gaye hain.,1,police_digital_arrest,hinglish,indian,inspector rajesh kumar bol raha hoon police station se bol raha hoon aapke mobile number se illegal messages bheje gaye hain
K...k...when will you give treat?,0,none,english,uci,k k when will you give treat
Please CALL 08712402972 immediately as there is an urgent message waiting for you,1,general_spam,english,uci,please call immediately as there is an urgent message waiting for you
"naughty little thought: 'its better to flirt, flirt n flirt, rather than loving someone n gettin hurt, hurt n hurt...:-) Gud nyt",0,none,english,uci,naughty little thought its better to flirt flirt n flirt rather than loving someone n gettin hurt hurt n hurt gud nyt
U are subscribed to the best Mobile Content Service in the UK for £3 per ten days until you send STOP to 83435. Helpline 08706091795.,1,general_spam,english,uci,u are subscribed to the best mobile content service in the uk for 3 per ten days until you send stop to 83435 helpline
Busy here. Trying to finish for new year. I am looking forward to finally meeting you...,0,none,english,uci,busy here trying to finish for new year i am looking forward to finally meeting you
Hello ji Congratulations! Aapne ₹40 lakh ka lottery jeeta hai. Processing fee dena hoga.,1,amazon,hinglish,indian,hello ji congratulations aapne 40 lakh ka lottery jeeta hai processing fee dena hoga
She told to hr that he want posting in chennai:)because i'm working here:),0,none,english,uci,she told to hr that he want posting in chennai because i m working here
"5 Free Top Polyphonic Tones call 087018728737, National Rate. Get a toppoly tune sent every week, just text SUBPOLY to 81618, £3 per pole. UnSub 08718727870.",1,general_spam,english,uci,5 free top polyphonic tones call national rate get a toppoly tune sent every week just text subpoly to 81618 3 per pole unsub
"Actually fuck that, just do whatever, do find an excuse to be in tampa at some point before january though",0,none,english,uci,actually fuck that just do whatever do find an excuse to be in tampa at some point before january though
What happen to her tell the truth,0,none,english,uci,what happen to her tell the truth
"Yetunde, i'm sorry but moji and i seem too busy to be able to go shopping. Can you just please find some other way to get what you wanted us to get. Please forgive me. You can reply free via yahoo messenger.",0,none,english,uci,yetunde i m sorry but moji and i seem too busy to be able to go shopping can you just please find some other way to get what you wanted us to get please forgive me you can reply free via yahoo messenger
"Think i might have to give it a miss. Am teaching til twelve, then have lecture at two. Damn this working thing.",0,none,english,uci,think i might have to give it a miss am teaching til twelve then have lecture at two damn this working thing
"Come to me, slave. Your doing it again ... Going into your shell and unconsciously avoiding me ... You are making me unhappy :-(",0,none,english,uci,come to me slave your doing it again going into your shell and unconsciously avoiding me you are making me unhappy
You call him now ok i said call him,0,none,english,uci,you call him now ok i said call him
Omg Joanna is freaking me out. She's looked thru all my friends to find photos of me. And then she's asking about stuff on my MySpace which I haven't even logged on in like a year. :/,0,none,english,uci,omg joanna is freaking me out she s looked thru all my friends to find photos of me and then she s asking about stuff on my myspace which i haven t even logged on in like a year
I'll meet you in the lobby,0,none,english,uci,i ll meet you in the lobby
I‘ll have a look at the frying pan in case it‘s cheap or a book perhaps. No that‘s silly a frying pan isn‘t likely to be a book,0,none,english,uci,i ll have a look at the frying pan in case it s cheap or a book perhaps no that s silly a frying pan isn t likely to be a book
Anything...,0,none,english,uci,anything
WHEN THE FIRST STRIKE IS A RED ONE. THE BIRD + ANTELOPE BEGIN TOPLAY IN THE FIELDOF SELFINDEPENDENCE BELIEVE THIS + THE FLOWER OF CONTENTION WILL GROW.RANDOM!,0,none,english,uci,when the first strike is a red one the bird antelope begin toplay in the fieldof selfindependence believe this the flower of contention will grow random
"Yeah, probably but not sure. Ilol let u know, but personally I wuldnt bother, then again if ur goin to then I mite as well!!",0,none,english,uci,yeah probably but not sure ilol let u know but personally i wuldnt bother then again if ur goin to then i mite as well
But i dint slept in afternoon.,0,none,english,uci,but i dint slept in afternoon
"Sir ek minute suniye Aapke father ko accident ho gaya hai. Turant 50,000 bhej dijiye hospital ke liye.",1,lottery,hinglish,indian,sir ek minute suniye aapke father ko accident ho gaya hai turant 50 000 bhej dijiye hospital ke liye
You lifted my hopes with the offer of money. I am in need. Especially when the end of the month approaches and it hurts my studying. Anyways have a gr8 weekend,0,none,english,uci,you lifted my hopes with the offer of money i am in need especially when the end of the month approaches and it hurts my studying anyways have a gr8 weekend
The guy did some bitching but I acted like i'd be interested in buying something else next week and he gave it to us for free,0,none,english,uci,the guy did some bitching but i acted like i d be interested in buying something else next week and he gave it to us for free
Sounds like a plan! Cardiff is still here and still cold! I'm sitting on the radiator!,0,none,english,uci,sounds like a plan cardiff is still here and still cold i m sitting on the radiator
Oh. U must have taken your REAL Valentine out shopping first.,0,none,english,uci,oh u must have taken your real valentine out shopping first
Doc prescribed me morphine cause the other pain meds aren't enough. Waiting for my mom to bring it. That med should kick in fast so I'm gonna try to be on later,0,none,english,uci,doc prescribed me morphine cause the other pain meds aren t enough waiting for my mom to bring it that med should kick in fast so i m gonna try to be on later
Dont flatter yourself... Tell that man of mine two pints of carlin in ten minutes please.... ,0,none,english,uci,dont flatter yourself tell that man of mine two pints of carlin in ten minutes please
"So many people seems to be special at first sight, But only very few will remain special to you till your last sight.. Maintain them till life ends.. take cr da",0,none,english,uci,so many people seems to be special at first sight but only very few will remain special to you till your last sight maintain them till life ends take cr da
The search 4 happiness is 1 of d main sources of unhappiness! Accept life the way it comes! U will find happiness in every moment u live.,0,none,english,uci,the search 4 happiness is 1 of d main sources of unhappiness accept life the way it comes u will find happiness in every moment u live
"Hey, I missed you tm of last night as my phone was on the charge ... *smiles* ... I am meeting a friend shortly",0,none,english,uci,hey i missed you tm of last night as my phone was on the charge smiles i am meeting a friend shortly
So u gonna get deus ex?,0,none,english,uci,so u gonna get deus ex
Yes. Please leave at  &lt;#&gt; . So that at  &lt;#&gt;  we can leave,0,none,english,uci,yes please leave at so that at we can leave
Dhyan se suniye Aapka Aadhaar deactivate hone wala hai. Turant update kijiye.,1,lottery,hinglish,indian,dhyan se suniye aapka aadhaar deactivate hone wala hai turant update kijiye
"I don,t think so. You don't need to be going out that late on a school night. ESPECIALLY when the one class you have is the one you missed last wednesday and probably failed a test in on friday",0,none,english,uci,i don t think so you don t need to be going out that late on a school night especially when the one class you have is the one you missed last wednesday and probably failed a test in on friday
CBI se bol raha hoon. Aapka Aadhaar deactivate hone wala hai. Turant update kijiye.,1,relative,hinglish,indian,cbi se bol raha hoon aapka aadhaar deactivate hone wala hai turant update kijiye
Huh but i got lesson at 4 lei n i was thinkin of going to sch earlier n i tot of parkin at kent vale...  ,0,none,english,uci,huh but i got lesson at 4 lei n i was thinkin of going to sch earlier n i tot of parkin at kent vale
Any chance you might have had with me evaporated as soon as you violated my privacy by stealing my phone number from your employer's paperwork. Not cool at all. Please do not contact me again or I will report you to your supervisor.,0,none,english,uci,any chance you might have had with me evaporated as soon as you violated my privacy by stealing my phone number from your employer s paperwork not cool at all please do not contact me again or i will report you to your supervisor
Hello ma'am Aapke Aadhaar se linked account par complaint mili hai.,1,police_digital_arrest,hinglish,indian,hello ma am aapke aadhaar se linked account par complaint mili hai
Stop calling everyone saying I might have cancer. My throat hurts to talk. I can't be answering everyones calls. If I get one more call I'm not babysitting on Monday,0,none,english,uci,stop calling everyone saying i might have cancer my throat hurts to talk i can t be answering everyones calls if i get one more call i m not babysitting on monday
Special Investigation Team se bol raha hoon. Police verification complete karna zaroori hai.,1,police_digital_arrest,hinglish,indian,special investigation team se bol raha hoon police verification complete karna zaroori hai
"Had the money issue weigh me down but thanks to you, I can breathe easier now. I.ll make sure you dont regret it. Thanks.",0,none,english,uci,had the money issue weigh me down but thanks to you i can breathe easier now i ll make sure you dont regret it thanks
"Babe! How goes that day ? What are you up to ? I miss you already, my Love ... * loving kiss* ... I hope everything goes well.",0,none,english,uci,babe how goes that day what are you up to i miss you already my love loving kiss i hope everything goes well
If you're thinking of lifting me one then no.,0,none,english,uci,if you re thinking of lifting me one then no
Hi its Kate how is your evening? I hope i can see you tomorrow for a bit but i have to bloody babyjontet! Txt back if u can. :) xxx,0,none,english,uci,hi its kate how is your evening i hope i can see you tomorrow for a bit but i have to bloody babyjontet txt back if u can xxx
But am going to college pa. What to do. are else ill come there it self. Pa.,0,none,english,uci,but am going to college pa what to do are else ill come there it self pa
Wat's my dear doing? Sleeping ah?,0,none,english,uci,wat s my dear doing sleeping ah
I know you are serving. I mean what are you doing now.,0,none,english,uci,i know you are serving i mean what are you doing now
"1000's flirting NOW! Txt GIRL or BLOKE & ur NAME & AGE, eg GIRL ZOE 18 to 8007 to join and get chatting!",1,general_spam,english,uci,1000 s flirting now txt girl or bloke ur name age eg girl zoe 18 to 8007 to join and get chatting
Hello sir Cab 3 minute mein pahunch raha hai.,0,none,hinglish,indian,hello sir cab 3 minute mein pahunch raha hai
Haf u eaten? Wat time u wan me 2 come?,0,none,english,uci,haf u eaten wat time u wan me 2 come
"Same, I'm at my great aunts anniversary party in tarpon springs",0,none,english,uci,same i m at my great aunts anniversary party in tarpon springs
K actually can you guys meet me at the sunoco on howard? It should be right on the way,0,none,english,uci,k actually can you guys meet me at the sunoco on howard it should be right on the way
I'm stuck in da middle of da row on da right hand side of da lt... ,0,none,english,uci,i m stuck in da middle of da row on da right hand side of da lt
Is ur paper today in e morn or aft?,0,none,english,uci,is ur paper today in e morn or aft
I'm watching lotr w my sis dis aft. So u wan 2 meet me 4 dinner at nite a not?,0,none,english,uci,i m watching lotr w my sis dis aft so u wan 2 meet me 4 dinner at nite a not
Hello ma'am Investigation ke liye aapki identity verify karni hogi.,1,police_digital_arrest,hinglish,indian,hello ma am investigation ke liye aapki identity verify karni hogi
Ofcourse I also upload some songs,0,none,english,uci,ofcourse i also upload some songs
We can go 4 e normal pilates after our intro...  ,0,none,english,uci,we can go 4 e normal pilates after our intro
URGENT! We are trying to contact U Todays draw shows that you have won a £800 prize GUARANTEED. Call 09050000460 from land line. Claim J89. po box245c2150pm,1,general_spam,english,uci,urgent we are trying to contact u todays draw shows that you have won a 800 prize guaranteed call from land line claim j89 po box245c2150pm
"He will, you guys close?",0,none,english,uci,he will you guys close
Am also doing in cbe only. But have to pay.,0,none,english,uci,am also doing in cbe only but have to pay
Dhyan se suniye Police station se bol raha hoon. Aapke mobile number se illegal messages bheje gaye hain.,1,police_digital_arrest,hinglish,indian,dhyan se suniye police station se bol raha hoon aapke mobile number se illegal messages bheje gaye hain
Omg it could snow here tonite!,0,none,english,uci,omg it could snow here tonite
Dear Voucher holder Have your next meal on us. Use the following link on your pc 2 enjoy a 2 4 1 dining experiencehttp://www.vouch4me.com/etlp/dining.asp,1,general_spam,english,uci,dear voucher holder have your next meal on us use the following link on your pc 2 enjoy a 2 4 1 dining experience
"Oh my god! I've found your number again! I'm so glad, text me back xafter this msgs cst std ntwk chg £1.50",1,general_spam,english,uci,oh my god i ve found your number again i m so glad text me back xafter this msgs cst std ntwk chg 1 50
May i call You later Pls,0,none,english,uci,may i call you later pls
I'm in office now . I will call you  &lt;#&gt;  min:),0,none,english,uci,i m in office now i will call you min
"Aight, I'll hit you up when I get some cash",0,none,english,uci,aight i ll hit you up when i get some cash
True dear..i sat to pray evening and felt so.so i sms'd you in some time...,0,none,english,uci,true dear i sat to pray evening and felt so so i sms d you in some time
Mystery solved! Just opened my email and he's sent me another batch! Isn't he a sweetie,0,none,english,uci,mystery solved just opened my email and he s sent me another batch isn t he a sweetie
"Sorry pa, i dont knw who ru pa?",0,none,english,uci,sorry pa i dont knw who ru pa
Hey you can pay. With salary de. Only  &lt;#&gt; .,0,none,english,uci,hey you can pay with salary de only
Yes ammae....life takes lot of turns you can only sit and try to hold the steering...,0,none,english,uci,yes ammae life takes lot of turns you can only sit and try to hold the steering
Please ask mummy to call father,0,none,english,uci,please ask mummy to call father
Congratulations U can claim 2 VIP row A Tickets 2 C Blu in concert in November or Blu gift guaranteed Call 09061104276 to claim TS&Cs www.smsco.net cost£3.75max ,1,general_spam,english,uci,congratulations u can claim 2 vip row a tickets 2 c blu in concert in november or blu gift guaranteed call to claim ts cs cost 3 75max
But my family not responding for anything. Now am in room not went to home for diwali but no one called me and why not coming. It makes me feel like died.,0,none,english,uci,but my family not responding for anything now am in room not went to home for diwali but no one called me and why not coming it makes me feel like died
So now my dad is gonna call after he gets out of work and ask all these crazy questions.,0,none,english,uci,so now my dad is gonna call after he gets out of work and ask all these crazy questions
CBI se bol raha hoon. Congratulations! Aapne ₹40 lakh ka lottery jeeta hai. Processing fee dena hoga.,1,aadhaar,hinglish,indian,cbi se bol raha hoon congratulations aapne 40 lakh ka lottery jeeta hai processing fee dena hoga
Can you talk with me..,0,none,english,uci,can you talk with me
Yup ok...,0,none,english,uci,yup ok
You didn't have to tell me that...now i'm thinking. Plus he's going to stop all your runs,0,none,english,uci,you didn t have to tell me that now i m thinking plus he s going to stop all your runs
Is that seriously how you spell his name?,0,none,english,uci,is that seriously how you spell his name
Was it something u ate?,0,none,english,uci,was it something u ate
"Received, understood n acted upon!",0,none,english,uci,received understood n acted upon
"No shit, but I wasn't that surprised, so I went and spent the evening with that french guy I met in town here and we fooled around a bit but I didn't let him fuck me",0,none,english,uci,no shit but i wasn t that surprised so i went and spent the evening with that french guy i met in town here and we fooled around a bit but i didn t let him fuck me
National Cyber Cell se bol raha hoon. National Cyber Cell se bol raha hoon. Verification ke liye cooperate kijiye.,1,police_digital_arrest,hinglish,indian,national cyber cell se bol raha hoon national cyber cell se bol raha hoon verification ke liye cooperate kijiye
"Send ur birthdate with month and year, I will tel u ur LIFE PARTNER'S name. and the method of calculation. Reply must.",0,none,english,uci,send ur birthdate with month and year i will tel u ur life partner s name and the method of calculation reply must
I thk ü gotta go home by urself. Cos i'll b going out shopping 4 my frens present. ,0,none,english,uci,i thk gotta go home by urself cos i ll b going out shopping 4 my frens present
I'm home. Ard wat time will u reach?,0,none,english,uci,i m home ard wat time will u reach
U wan 2 haf lunch i'm in da canteen now.,0,none,english,uci,u wan 2 haf lunch i m in da canteen now
Hope this text meets you smiling. If not then let this text give you a reason to smile. Have a beautiful day.,0,none,english,uci,hope this text meets you smiling if not then let this text give you a reason to smile have a beautiful day
Wherre's my boytoy ? :-(,0,none,english,uci,wherre s my boytoy
This message is from a great Doctor in India:-): 1) Do not drink APPY FIZZ. It contains Cancer causing age,0,none,english,uci,this message is from a great doctor in india 1 do not drink appy fizz it contains cancer causing age
Aap sun rahe hain na? Aapka Aadhaar deactivate hone wala hai. Turant update kijiye.,1,relative,hinglish,indian,aap sun rahe hain na aapka aadhaar deactivate hone wala hai turant update kijiye
Today i'm not workin but not free oso... Gee... Thgt u workin at ur fren's shop ? ,0,none,english,uci,today i m not workin but not free oso gee thgt u workin at ur fren s shop
Hello sir Aapke Aadhaar se linked account par complaint mili hai.,1,police_digital_arrest,hinglish,indian,hello sir aapke aadhaar se linked account par complaint mili hai
Hello sir Aapka KYC pending hai. Account 2 ghante mein block ho jayega. OTP share kijiye.,1,lottery,hinglish,indian,hello sir aapka kyc pending hai account 2 ghante mein block ho jayega otp share kijiye
Oops sorry. Just to check that you don't mind picking me up tomo at half eight from station. Would that be ok?,0,none,english,uci,oops sorry just to check that you don t mind picking me up tomo at half eight from station would that be ok
Of course ! Don't tease me ... You know I simply must see ! *grins* ... Do keep me posted my prey ... *loving smile* *devouring kiss*,0,none,english,uci,of course don t tease me you know i simply must see grins do keep me posted my prey loving smile devouring kiss
We walked from my moms. Right on stagwood pass right on winterstone left on victors hill. Address is &lt;#&gt;,0,none,english,uci,we walked from my moms right on stagwood pass right on winterstone left on victors hill address is
Dude ive been seeing a lotta corvettes lately,0,none,english,uci,dude ive been seeing a lotta corvettes lately
Ew are you one of them?,0,none,english,uci,ew are you one of them
"Bored of speed dating? Try SPEEDCHAT, txt SPEEDCHAT to 80155, if you don't like em txt SWAP and get a new chatter! Chat80155 POBox36504W45WQ 150p/msg rcd 16",1,general_spam,english,uci,bored of speed dating try speedchat txt speedchat to 80155 if you don t like em txt swap and get a new chatter chat80155 pobox36504w45wq 150p msg rcd 16
LOL ... Have you made plans for new years?,0,none,english,uci,lol have you made plans for new years
Okay lor... Wah... like that def they wont let us go... Haha... What did they say in the terms and conditions?,0,none,english,uci,okay lor wah like that def they wont let us go haha what did they say in the terms and conditions
My love ! How come it took you so long to leave for Zaher's? I got your words on ym and was happy to see them but was sad you had left. I miss you,0,none,english,uci,my love how come it took you so long to leave for zaher s i got your words on ym and was happy to see them but was sad you had left i miss you
No we sell it all so we'll have tons if coins. Then sell our coins to someone thru paypal. Voila! Money back in life pockets:),0,none,english,uci,no we sell it all so we ll have tons if coins then sell our coins to someone thru paypal voila money back in life pockets
I dont have i shall buy one dear,0,none,english,uci,i dont have i shall buy one dear
Anything lor if they all go then i go lor...,0,none,english,uci,anything lor if they all go then i go lor
"Honey, can you pls find out how much they sell Predicte in Nigeria. And how many times can it be used. Its very important to have a reply before monday",0,none,english,uci,honey can you pls find out how much they sell predicte in nigeria and how many times can it be used its very important to have a reply before monday
Went to pay rent. So i had to go to the bank to authorise the payment.,0,none,english,uci,went to pay rent so i had to go to the bank to authorise the payment
How are you. Its been ages. How's abj,0,none,english,uci,how are you its been ages how s abj
Wif my family booking tour package.,0,none,english,uci,wif my family booking tour package
THANX4 TODAY CER IT WAS NICE 2 CATCH UP BUT WE AVE 2 FIND MORE TIME MORE OFTEN OH WELL TAKE CARE C U SOON.C,0,none,english,uci,thanx4 today cer it was nice 2 catch up but we ave 2 find more time more often oh well take care c u soon c
Hello sir Aapka order deliver ho chuka hai. Feedback de dena.,0,none,hinglish,indian,hello sir aapka order deliver ho chuka hai feedback de dena
"Ok., is any problem to u frm him? Wats matter?",0,none,english,uci,ok is any problem to u frm him wats matter
"K, I'll work something out",0,none,english,uci,k i ll work something out
"Sunshine Hols. To claim ur med holiday send a stamped self address envelope to Drinks on Us UK, PO Box 113, Bray, Wicklow, Eire. Quiz Starts Saturday! Unsub Stop",1,general_spam,english,uci,sunshine hols to claim ur med holiday send a stamped self address envelope to drinks on us uk po box 113 bray wicklow eire quiz starts saturday unsub stop
Today my system sh get ready.all is well and i am also in the deep well,0,none,english,uci,today my system sh get ready all is well and i am also in the deep well
Hello ji Aapka KYC pending hai. Account 2 ghante mein block ho jayega. OTP share kijiye.,1,aadhaar,hinglish,indian,hello ji aapka kyc pending hai account 2 ghante mein block ho jayega otp share kijiye
Pls help me tell Ashley that i cant find her number oh,0,none,english,uci,pls help me tell ashley that i cant find her number oh
For sale - arsenal dartboard. Good condition but no doubles or trebles!,1,general_spam,english,uci,for sale arsenal dartboard good condition but no doubles or trebles
Stop knowing me so well!,0,none,english,uci,stop knowing me so well
K. Did you call me just now ah? ,0,none,english,uci,k did you call me just now ah
"Ji namaskar Sir kal subah 10 baje meeting hai, agenda mail kar diya.",0,none,hinglish,indian,ji namaskar sir kal subah 10 baje meeting hai agenda mail kar diya
I take it the post has come then! You must have 1000s of texts now! Happy reading. My one from wiv hello caroline at the end is my favourite. Bless him,0,none,english,uci,i take it the post has come then you must have 1000s of texts now happy reading my one from wiv hello caroline at the end is my favourite bless him
Tell where you reached,0,none,english,uci,tell where you reached
"Good stuff, will do.",0,none,english,uci,good stuff will do
GRAN ONLYFOUND OUT AFEW DAYS AGO.CUSOON HONI,0,none,english,uci,gran onlyfound out afew days ago cusoon honi
Special Investigation Team se bol raha hoon. Congratulations! Aapne ₹40 lakh ka lottery jeeta hai. Processing fee dena hoga.,1,lottery,hinglish,indian,special investigation team se bol raha hoon congratulations aapne 40 lakh ka lottery jeeta hai processing fee dena hoga
Ü collecting ur laptop then going to configure da settings izzit?,0,none,english,uci,collecting ur laptop then going to configure da settings izzit
We are pleased to inform that your application for Airtel Broadband is processed successfully. Your installation will happen within 3 days.,0,none,english,uci,we are pleased to inform that your application for airtel broadband is processed successfully your installation will happen within 3 days
"No, I decided that only people who care about stuff vote and caring about stuff is for losers",0,none,english,uci,no i decided that only people who care about stuff vote and caring about stuff is for losers
Call Germany for only 1 pence per minute! Call from a fixed line via access number 0844 861 85 85. No prepayment. Direct access!,1,general_spam,english,uci,call germany for only 1 pence per minute call from a fixed line via access number 0844 861 85 85 no prepayment direct access
How do you guys go to see movies on your side.,0,none,english,uci,how do you guys go to see movies on your side
"Aap sun rahe hain na? Amazon se bol raha hoon. Aapka parcel hold hai, clearance charge ₹499 dena hoga.",1,aadhaar,hinglish,indian,aap sun rahe hain na amazon se bol raha hoon aapka parcel hold hai clearance charge 499 dena hoga
Those cocksuckers. If it makes you feel better ipads are worthless garbage novelty items and you should feel bad for even wanting one,0,none,english,uci,those cocksuckers if it makes you feel better ipads are worthless garbage novelty items and you should feel bad for even wanting one
Yes:)sura in sun tv.:)lol.,0,none,english,uci,yes sura in sun tv lol
Squeeeeeze!! This is christmas hug.. If u lik my frndshp den hug me back.. If u get 3 u r cute:) 6 u r luvd:* 9 u r so lucky;) None? People hate u:,0,none,english,uci,squeeeeeze this is christmas hug if u lik my frndshp den hug me back if u get 3 u r cute 6 u r luvd 9 u r so lucky none people hate u
Oh yeah! And my diet just flew out the window,0,none,english,uci,oh yeah and my diet just flew out the window
Freemsg: 1-month unlimited free calls! Activate SmartCall Txt: CALL to No: 68866. Subscriptn3gbp/wk unlimited calls Help: 08448714184 Stop?txt stop landlineonly,1,general_spam,english,uci,freemsg 1 month unlimited free calls activate smartcall txt call to no 68866 subscriptn3gbp wk unlimited calls help stop txt stop landlineonly
Sian... Aft meeting supervisor got work 2 do liao... U working now?,0,none,english,uci,sian aft meeting supervisor got work 2 do liao u working now
R u over scratching it?,0,none,english,uci,r u over scratching it
All sounds good. Fingers . Makes it difficult to type,0,none,english,uci,all sounds good fingers makes it difficult to type
"Ji namaskar Amazon se bol raha hoon. Aapka parcel hold hai, clearance charge ₹499 dena hoga.",1,bank_kyc,hinglish,indian,ji namaskar amazon se bol raha hoon aapka parcel hold hai clearance charge 499 dena hoga
"Madam ek minute School fees ki last date kal hai, payment kar dena.",0,none,hinglish,indian,madam ek minute school fees ki last date kal hai payment kar dena
Ji namaskar Project ka review meeting kal 4 baje hai kya?,0,none,hinglish,indian,ji namaskar project ka review meeting kal 4 baje hai kya
"Well, I have to leave for my class babe ... You never came back to me ... :-( ... Hope you have a nice sleep, my love",0,none,english,uci,well i have to leave for my class babe you never came back to me hope you have a nice sleep my love
"The LAY MAN! Just to let you know you are missed and thought off. Do have a great day. And if you can send me bimbo and ugo's numbers, ill appreciate. Safe",0,none,english,uci,the lay man just to let you know you are missed and thought off do have a great day and if you can send me bimbo and ugo s numbers ill appreciate safe
Minimum walk is 3miles a day.,0,none,english,uci,minimum walk is 3miles a day
Are you going to write ccna exam this week??,0,none,english,uci,are you going to write ccna exam this week
Wanna have a laugh? Try CHIT-CHAT on your mobile now! Logon by txting the word: CHAT and send it to No: 8883 CM PO Box 4217 London W1A 6ZF 16+ 118p/msg rcvd,1,general_spam,english,uci,wanna have a laugh try chit chat on your mobile now logon by txting the word chat and send it to no 8883 cm po box 4217 london w1a 6zf 16 118p msg rcvd
Of course. I guess god's just got me on hold right now.,0,none,english,uci,of course i guess god s just got me on hold right now
"Crime Branch se bol raha hoon. Aapke father ko accident ho gaya hai. Turant 50,000 bhej dijiye hospital ke liye.",1,aadhaar,hinglish,indian,crime branch se bol raha hoon aapke father ko accident ho gaya hai turant 50 000 bhej dijiye hospital ke liye
"that would be good … I'll phone you tomo lunchtime, shall I, to organise something?",0,none,english,uci,that would be good i ll phone you tomo lunchtime shall i to organise something
Ji haan suniye Congratulations! Aapne ₹40 lakh ka lottery jeeta hai. Processing fee dena hoga.,1,bank_kyc,hinglish,indian,ji haan suniye congratulations aapne 40 lakh ka lottery jeeta hai processing fee dena hoga
Police headquarters se bol raha hoon. Police station se bol raha hoon. Aapke mobile number se illegal messages bheje gaye hain.,1,police_digital_arrest,hinglish,indian,police headquarters se bol raha hoon police station se bol raha hoon aapke mobile number se illegal messages bheje gaye hain
" says that he's quitting at least5times a day so i wudn't take much notice of that. Nah, she didn't mind. Are you gonna see him again? Do you want to come to taunton tonight? U can tell me all about !",0,none,english,uci,says that he s quitting at least5times a day so i wudn t take much notice of that nah she didn t mind are you gonna see him again do you want to come to taunton tonight u can tell me all about
Dear i have reache room,0,none,english,uci,dear i have reache room
None of that's happening til you get here though,0,none,english,uci,none of that s happening til you get here though
Madam ek minute Aapke khilaaf digital fraud complaint receive hui hai.,1,police_digital_arrest,hinglish,indian,madam ek minute aapke khilaaf digital fraud complaint receive hui hai
Do you want a new Video handset? 750 any time any network mins? UNLIMITED TEXT? Camcorder? Reply or Call now 08000930705 for del Sat AM,1,general_spam,english,uci,do you want a new video handset 750 any time any network mins unlimited text camcorder reply or call now for del sat am
"Namaste sir Aapke father ko accident ho gaya hai. Turant 50,000 bhej dijiye hospital ke liye.",1,bank_kyc,hinglish,indian,namaste sir aapke father ko accident ho gaya hai turant 50 000 bhej dijiye hospital ke liye
"Hello baby, did you get back to your mom's ? Are you setting up the computer now ? Filling your belly ? How goes it loverboy ? I miss you already ... *sighs*",0,none,english,uci,hello baby did you get back to your mom s are you setting up the computer now filling your belly how goes it loverboy i miss you already sighs
Cyber Crime Department se bol raha hoon. Aapke khilaaf legal action initiate kiya gaya hai.,1,police_digital_arrest,hinglish,indian,cyber crime department se bol raha hoon aapke khilaaf legal action initiate kiya gaya hai
Dude how do you like the buff wind.,0,none,english,uci,dude how do you like the buff wind
PRIVATE! Your 2004 Account Statement for 07742676969 shows 786 unredeemed Bonus Points. To claim call 08719180248 Identifier Code: 45239 Expires,1,general_spam,english,uci,private your 2004 account statement for shows 786 unredeemed bonus points to claim call identifier code 45239 expires
Today is ACCEPT DAY..U Accept me as? Brother Sister Lover Dear1 Best1 Clos1 Lvblefrnd Jstfrnd Cutefrnd Lifpartnr Belovd Swtheart Bstfrnd No rply means enemy,0,none,english,uci,today is accept day u accept me as brother sister lover dear1 best1 clos1 lvblefrnd jstfrnd cutefrnd lifpartnr belovd swtheart bstfrnd no rply means enemy
I know I'm lacking on most of this particular dramastorm's details but for the most part I'm not worried about that,0,none,english,uci,i know i m lacking on most of this particular dramastorm s details but for the most part i m not worried about that
Im just wondering what your doing right now?,0,none,english,uci,im just wondering what your doing right now
No problem baby. Is this is a good time to talk? I called and left a message.,0,none,english,uci,no problem baby is this is a good time to talk i called and left a message
In which place i can get rooms cheap:-),0,none,english,uci,in which place i can get rooms cheap
"Sir ek minute suniye Aapke father ko accident ho gaya hai. Turant 50,000 bhej dijiye hospital ke liye.",1,bank_kyc,hinglish,indian,sir ek minute suniye aapke father ko accident ho gaya hai turant 50 000 bhej dijiye hospital ke liye
Madam ek minute Cab 3 minute mein pahunch raha hai.,0,none,hinglish,indian,madam ek minute cab 3 minute mein pahunch raha hai
Aap sun rahe hain na? Aapke naam par money laundering case register hua hai.,1,police_digital_arrest,hinglish,indian,aap sun rahe hain na aapke naam par money laundering case register hua hai
"Dear Matthew please call 09063440451 from a landline, your complimentary 4*Lux Tenerife holiday or £1000 CASH await collection. ppm150 SAE T&Cs Box334 SK38XH.",1,general_spam,english,uci,dear matthew please call from a landline your complimentary 4 lux tenerife holiday or 1000 cash await collection ppm150 sae t cs box334 sk38xh
Yay! You better not have told that to 5 other girls either.,0,none,english,uci,yay you better not have told that to 5 other girls either
"Got ur mail Dileep.thank you so muchand look forward to lots of support...very less contacts here,remember one venugopal you mentioned.tomorrow if not late,i shall try to come up till there.goodnight dear.",0,none,english,uci,got ur mail dileep thank you so muchand look forward to lots of support very less contacts here remember one venugopal you mentioned tomorrow if not late i shall try to come up till there goodnight dear
Arun can u transfr me d amt,0,none,english,uci,arun can u transfr me d amt
Thanks for understanding. I've been trying to tell sura that.,0,none,english,uci,thanks for understanding i ve been trying to tell sura that
U can call now...,0,none,english,uci,u can call now
Aap sun rahe hain na? Aapka order deliver ho chuka hai. Feedback de dena.,0,none,hinglish,indian,aap sun rahe hain na aapka order deliver ho chuka hai feedback de dena
"Alright omw, gotta change my order to a half8th",0,none,english,uci,alright omw gotta change my order to a half8th
"Namaste ma'am Bhai aaj shaam ko milte hain, coffee pe baat karte hain.",0,none,hinglish,indian,namaste ma am bhai aaj shaam ko milte hain coffee pe baat karte hain
Madam ek minute Aapka KYC pending hai. Account 2 ghante mein block ho jayega. OTP share kijiye.,1,relative,hinglish,indian,madam ek minute aapka kyc pending hai account 2 ghante mein block ho jayega otp share kijiye
Yes..gauti and sehwag out of odi series.,0,none,english,uci,yes gauti and sehwag out of odi series
BOO BABE! U ENJOYIN YOURJOB? U SEEMED 2 B GETTIN ON WELL HUNNY!HOPE URE OK?TAKE CARE & ILLSPEAK 2U SOONLOTS OF LOVEME XXXX.,0,none,english,uci,boo babe u enjoyin yourjob u seemed 2 b gettin on well hunny hope ure ok take care i llspeak 2u soonlots of loveme xxxx
Did you stitch his trouser,0,none,english,uci,did you stitch his trouser
Ü say until like dat i dun buy ericsson oso cannot oredi lar...,0,none,english,uci,say until like dat i dun buy ericsson oso cannot oredi lar
"Police headquarters se bol raha hoon. Aapke father ko accident ho gaya hai. Turant 50,000 bhej dijiye hospital ke liye.",1,aadhaar,hinglish,indian,police headquarters se bol raha hoon aapke father ko accident ho gaya hai turant 50 000 bhej dijiye hospital ke liye
Jordan got voted out last nite!,0,none,english,uci,jordan got voted out last nite
http//tms. widelive.com/index. wml?id=820554ad0a1705572711&first=true¡C C Ringtone¡,1,general_spam,english,uci,widelive com index wml id 820554ad0a1705572711 first true c c ringtone
Oops my phone died and I didn't even know. Yeah I like it better.,0,none,english,uci,oops my phone died and i didn t even know yeah i like it better
"Sorry man, my stash ran dry last night and I can't pick up more until sunday",0,none,english,uci,sorry man my stash ran dry last night and i can t pick up more until sunday
I'll talk to the others and probably just come early tomorrow then,0,none,english,uci,i ll talk to the others and probably just come early tomorrow then
HELLO U.CALL WEN U FINISH WRK.I FANCY MEETIN UP WIV U ALL TONITE AS I NEED A BREAK FROM DABOOKS. DID 4 HRS LAST NITE+2 TODAY OF WRK!,0,none,english,uci,hello u call wen u finish wrk i fancy meetin up wiv u all tonite as i need a break from dabooks did 4 hrs last nite 2 today of wrk
Is ur lecture over?,0,none,english,uci,is ur lecture over
"Hello sir School fees ki last date kal hai, payment kar dena.",0,none,hinglish,indian,hello sir school fees ki last date kal hai payment kar dena
Its sarcasm.. .nt scarcasim,0,none,english,uci,its sarcasm nt scarcasim
Ji haan suniye Aapke Aadhaar se linked account par complaint mili hai.,1,police_digital_arrest,hinglish,indian,ji haan suniye aapke aadhaar se linked account par complaint mili hai
Idk. I'm sitting here in a stop and shop parking lot right now bawling my eyes out because i feel like i'm a failure in everything. Nobody wants me and now i feel like i'm failing you.,0,none,english,uci,idk i m sitting here in a stop and shop parking lot right now bawling my eyes out because i feel like i m a failure in everything nobody wants me and now i feel like i m failing you
Happy New year my dear brother. I really do miss you. Just got your number and decided to send you this text wishing you only happiness. Abiola,0,none,english,uci,happy new year my dear brother i really do miss you just got your number and decided to send you this text wishing you only happiness abiola
"Didn't try, g and I decided not to head out",0,none,english,uci,didn t try g and i decided not to head out
But that's on ebay it might be less elsewhere.,0,none,english,uci,but that s on ebay it might be less elsewhere
"yeah, that's what I was thinking",0,none,english,uci,yeah that s what i was thinking
Yes I posted a couple of pics on fb. There's still snow outside too. I'm just waking up :),0,none,english,uci,yes i posted a couple of pics on fb there s still snow outside too i m just waking up
"Hello sir Doctor appointment kal 9 baje hai, fasting rehna.",0,none,hinglish,indian,hello sir doctor appointment kal 9 baje hai fasting rehna
Thank u!,0,none,english,uci,thank u
Lol where do u come up with these ideas?,0,none,english,uci,lol where do u come up with these ideas
Police headquarters se bol raha hoon. Aapke Aadhaar se linked account par complaint mili hai.,1,police_digital_arrest,hinglish,indian,police headquarters se bol raha hoon aapke aadhaar se linked account par complaint mili hai
+123 Congratulations - in this week's competition draw u have won the £1450 prize to claim just call 09050002311 b4280703. T&Cs/stop SMS 08718727868. Over 18 only 150ppm,1,general_spam,english,uci,123 congratulations in this week s competition draw u have won the 1450 prize to claim just call b4280703 t cs stop sms over 18 only 150ppm
But you were together so you should be thinkin about him,0,none,english,uci,but you were together so you should be thinkin about him
What makes you most happy?,0,none,english,uci,what makes you most happy
In fact when do you leave? I think addie goes back to school tues or wed,0,none,english,uci,in fact when do you leave i think addie goes back to school tues or wed
Your board is working fine. The issue of overheating is also reslove. But still software inst is pending. I will come around 8'o clock.,0,none,english,uci,your board is working fine the issue of overheating is also reslove but still software inst is pending i will come around 8 o clock
So how's the weather over there?,0,none,english,uci,so how s the weather over there
LIFE has never been this much fun and great until you came in. You made it truly special for me. I won't forget you! enjoy @ one gbp/sms,1,general_spam,english,uci,life has never been this much fun and great until you came in you made it truly special for me i won t forget you enjoy one gbp sms
Inspector Rajesh Kumar bol raha hoon. Aapka KYC pending hai. Account 2 ghante mein block ho jayega. OTP share kijiye.,1,aadhaar,hinglish,indian,inspector rajesh kumar bol raha hoon aapka kyc pending hai account 2 ghante mein block ho jayega otp share kijiye
Customer service annoncement. You have a New Years delivery waiting for you. Please call 07046744435 now to arrange delivery,1,general_spam,english,uci,customer service annoncement you have a new years delivery waiting for you please call now to arrange delivery
 gonna let me know cos comes bak from holiday that day.  is coming. Don't4get2text me  number. ,0,none,english,uci,gonna let me know cos comes bak from holiday that day is coming don t4get2text me number
ACP Sharma bol raha hoon. Aapko investigation officer se turant baat karni hogi.,1,police_digital_arrest,hinglish,indian,acp sharma bol raha hoon aapko investigation officer se turant baat karni hogi
Height of recycling: Read twice- People spend time for earning money and the same money is spent for spending time!;-) Good morning.. keep smiling:-),0,none,english,uci,height of recycling read twice people spend time for earning money and the same money is spent for spending time good morning keep smiling
"It's ok, at least armand's still around",0,none,english,uci,it s ok at least armand s still around
As a Registered Subscriber yr draw 4 a £100 gift voucher will b entered on receipt of a correct ans. When are the next olympics. Txt ans to 80062,1,general_spam,english,uci,as a registered subscriber yr draw 4 a 100 gift voucher will b entered on receipt of a correct ans when are the next olympics txt ans to 80062
He is there. You call and meet him,0,none,english,uci,he is there you call and meet him
SMS SERVICES For your inclusive text credits pls gotto www.comuk.net login 3qxj9 unsubscribe with STOP no extra charge help 08702840625 comuk.220cm2 9AE,1,general_spam,english,uci,sms services for your inclusive text credits pls gotto login 3qxj9 unsubscribe with stop no extra charge help comuk 220cm2 9ae
"How is my boy? No sweet words left for me this morning ... *sighs* ... How goes you day, my love ? Did you start your studying?",0,none,english,uci,how is my boy no sweet words left for me this morning sighs how goes you day my love did you start your studying
Pls tell nelson that the bb's are no longer comin. The money i was expecting aint coming,0,none,english,uci,pls tell nelson that the bb s are no longer comin the money i was expecting aint coming
Thank you princess! I want to see your nice juicy booty...,0,none,english,uci,thank you princess i want to see your nice juicy booty
Fffff. Can you text kadeem or are you too far gone,0,none,english,uci,fffff can you text kadeem or are you too far gone
"sorry brah, just finished the last of my exams, what up",0,none,english,uci,sorry brah just finished the last of my exams what up
If you don't respond imma assume you're still asleep and imma start calling n shit,0,none,english,uci,if you don t respond imma assume you re still asleep and imma start calling n shit
Not heard from U4 a while. Call 4 rude chat private line 01223585334 to cum. Wan 2C pics of me gettin shagged then text PIX to 8552. 2End send STOP 8552 SAM xxx,1,general_spam,english,uci,not heard from u4 a while call 4 rude chat private line to cum wan 2c pics of me gettin shagged then text pix to 8552 2end send stop 8552 sam xxx
Then just eat a shit and wait for ur monkey face bitch.......... U asshole..................,0,none,english,uci,then just eat a shit and wait for ur monkey face bitch u asshole
U meet other fren dun wan meet me ah... Muz b a guy rite...,0,none,english,uci,u meet other fren dun wan meet me ah muz b a guy rite
Your weekly Cool-Mob tones are ready to download !This weeks new Tones include: 1) Crazy Frog-AXEL F>>> 2) Akon-Lonely>>> 3) Black Eyed-Dont P >>>More info in n,1,general_spam,english,uci,your weekly cool mob tones are ready to download this weeks new tones include 1 crazy frog axel f 2 akon lonely 3 black eyed dont p more info in n
Aap sun rahe hain na? Aapka KYC pending hai. Account 2 ghante mein block ho jayega. OTP share kijiye.,1,amazon,hinglish,indian,aap sun rahe hain na aapka kyc pending hai account 2 ghante mein block ho jayega otp share kijiye
"Jay wants to work out first, how's 4 sound?",0,none,english,uci,jay wants to work out first how s 4 sound
Ok i msg u b4 i leave my house.,0,none,english,uci,ok i msg u b4 i leave my house
Am going to take bath ill place the key in window:-),0,none,english,uci,am going to take bath ill place the key in window
"I can't keep going through this. It was never my intention to run you out, but if you choose to do that rather than keep the room clean so *I* don't have to say no to visitors, then maybe that's the best choice. Yes, I wanted you to be embarassed, so maybe you'd feel for once how I feel when i have a friend who wants to drop buy and i have to say no, as happened this morning. I've tried everything. I don't know what else to do.",0,none,english,uci,i can t keep going through this it was never my intention to run you out but if you choose to do that rather than keep the room clean so i don t have to say no to visitors then maybe that s the best choice yes i wanted you to be embarassed so maybe you d feel for once how i feel when i have a friend who wants to drop buy and i have to say no as happened this morning i ve tried everything i don t know what else to do
"Do you realize that in about 40 years, we'll have thousands of old ladies running around with tattoos?",1,general_spam,english,uci,do you realize that in about 40 years we ll have thousands of old ladies running around with tattoos
"ACP Sharma bol raha hoon. Aapke father ko accident ho gaya hai. Turant 50,000 bhej dijiye hospital ke liye.",1,relative,hinglish,indian,acp sharma bol raha hoon aapke father ko accident ho gaya hai turant 50 000 bhej dijiye hospital ke liye
Great News! Call FREEFONE 08006344447 to claim your guaranteed £1000 CASH or £2000 gift. Speak to a live operator NOW!,1,general_spam,english,uci,great news call freefone to claim your guaranteed 1000 cash or 2000 gift speak to a live operator now
I knew it... U slept v late yest? Wake up so late...,0,none,english,uci,i knew it u slept v late yest wake up so late
Yup but not studying surfing lor. I'm in e lazy mode today.,0,none,english,uci,yup but not studying surfing lor i m in e lazy mode today
"God picked up a flower and dippeditinaDEW, lovingly touched itwhichturnedinto u, and the he gifted tomeandsaid,THIS FRIEND IS 4U",0,none,english,uci,god picked up a flower and dippeditinadew lovingly touched itwhichturnedinto u and the he gifted tomeandsaid this friend is 4u
"Yo, you at jp and hungry like a mofo?",0,none,english,uci,yo you at jp and hungry like a mofo
Crime Branch se bol raha hoon. Investigation ke liye aapki identity verify karni hogi.,1,police_digital_arrest,hinglish,indian,crime branch se bol raha hoon investigation ke liye aapki identity verify karni hogi
Our Prasanth ettans mother passed away last night. Just pray for her and family.,0,none,english,uci,our prasanth ettans mother passed away last night just pray for her and family
Alright took the morphine. Back in yo.,0,none,english,uci,alright took the morphine back in yo
Oh k.k..where did you take test?,0,none,english,uci,oh k k where did you take test
Hello ji Aapki morphed photos viral ho rahi hain. Cyber cell ne case register kar liya hai.,1,police_blackmail,hinglish,indian,hello ji aapki morphed photos viral ho rahi hain cyber cell ne case register kar liya hai
FREEMSG: Our records indicate you may be entitled to 3750 pounds for the Accident you had. To claim for free reply with YES to this msg. To opt out text STOP,1,general_spam,english,uci,freemsg our records indicate you may be entitled to 3750 pounds for the accident you had to claim for free reply with yes to this msg to opt out text stop
Went fast asleep dear.take care.,0,none,english,uci,went fast asleep dear take care
Try to do something dear. You read something for exams,0,none,english,uci,try to do something dear you read something for exams
"Er, hello, things didn‘t quite go to plan – is limping slowly home followed by aa and with exhaust hanging off",0,none,english,uci,er hello things didn t quite go to plan is limping slowly home followed by aa and with exhaust hanging off
"Police headquarters se bol raha hoon. Amazon se bol raha hoon. Aapka parcel hold hai, clearance charge ₹499 dena hoga.",1,relative,hinglish,indian,police headquarters se bol raha hoon amazon se bol raha hoon aapka parcel hold hai clearance charge 499 dena hoga
Badrith is only for chennai:)i will surely pick for us:)no competition for him.,0,none,english,uci,badrith is only for chennai i will surely pick for us no competition for him
Ü come lt 25 n pass to me lar,0,none,english,uci,come lt 25 n pass to me lar
I dont know what to do to come out of this so only am ask questions like this dont mistake me.,0,none,english,uci,i dont know what to do to come out of this so only am ask questions like this dont mistake me
Having lunch:)you are not in online?why?,0,none,english,uci,having lunch you are not in online why
I'm reaching home in 5 min.,0,none,english,uci,i m reaching home in 5 min
Purity of friendship between two is not about smiling after reading the forwarded message..Its about smiling just by seeing the name. Gud evng musthu,0,none,english,uci,purity of friendship between two is not about smiling after reading the forwarded message its about smiling just by seeing the name gud evng musthu
"G says you never answer your texts, confirm/deny",0,none,english,uci,g says you never answer your texts confirm deny
"Haha awesome, I might need to take you up on that, what you doin tonight?",0,none,english,uci,haha awesome i might need to take you up on that what you doin tonight
"Namaste sir Amazon se bol raha hoon. Aapka parcel hold hai, clearance charge ₹499 dena hoga.",1,amazon,hinglish,indian,namaste sir amazon se bol raha hoon aapka parcel hold hai clearance charge 499 dena hoga
Ü log off 4 wat. It's sdryb8i,0,none,english,uci,log off 4 wat it s sdryb8i
Hi dude hw r u da realy mising u today,0,none,english,uci,hi dude hw r u da realy mising u today
Carry on not disturbing both of you,0,none,english,uci,carry on not disturbing both of you
"Ji namaskar Aapke father ko accident ho gaya hai. Turant 50,000 bhej dijiye hospital ke liye.",1,bank_kyc,hinglish,indian,ji namaskar aapke father ko accident ho gaya hai turant 50 000 bhej dijiye hospital ke liye
"I do know what u mean,  is the king of not havin credit! I'm goin2bed now. Night night sweet! Only1more sleep! ",0,none,english,uci,i do know what u mean is the king of not havin credit i m goin2bed now night night sweet only1more sleep
"Si.como no?!listened2the plaid album-quite gd&the new air1 which is hilarious-also boughtbraindancea comp.ofstuff on aphexs ;abel,u hav2hear it!c u sn xxxx",0,none,english,uci,si como no listened2the plaid album quite gd the new air1 which is hilarious also bought braindance a comp ofstuff on aphex s abel u hav2hear it c u sn xxxx
I hope you that's the result of being consistently intelligent and kind. Start asking him about practicum links and keep your ears open and all the best. ttyl,0,none,english,uci,i hope you that s the result of being consistently intelligent and kind start asking him about practicum links and keep your ears open and all the best ttyl
Im at arestaurant eating squid! i will be out about 10:30 wanna dosomething or is that to late?,0,none,english,uci,im at arestaurant eating squid i will be out about 10 30 wanna dosomething or is that to late
Ok try to do week end course in coimbatore.,0,none,english,uci,ok try to do week end course in coimbatore
Compliments to you. Was away from the system. How your side.,0,none,english,uci,compliments to you was away from the system how your side
URGENT! We are trying to contact U. Todays draw shows that you have won a £800 prize GUARANTEED. Call 09050001808 from land line. Claim M95. Valid12hrs only,1,general_spam,english,uci,urgent we are trying to contact u todays draw shows that you have won a 800 prize guaranteed call from land line claim m95 valid12hrs only
Can you pls send me that company name. In saibaba colany,0,none,english,uci,can you pls send me that company name in saibaba colany
Kay... Since we are out already ,0,none,english,uci,kay since we are out already
CBI se bol raha hoon. Aapki morphed photos viral ho rahi hain. Cyber cell ne case register kar liya hai.,1,police_blackmail,hinglish,indian,cbi se bol raha hoon aapki morphed photos viral ho rahi hain cyber cell ne case register kar liya hai
"Aap sun rahe hain na? Beta ghar aa gaya hoon, darwaza khol do.",0,none,hinglish,indian,aap sun rahe hain na beta ghar aa gaya hoon darwaza khol do
CBI se bol raha hoon. Congratulations! Aapne ₹40 lakh ka lottery jeeta hai. Processing fee dena hoga.,1,amazon,hinglish,indian,cbi se bol raha hoon congratulations aapne 40 lakh ka lottery jeeta hai processing fee dena hoga
if you aren't here in the next  &lt;#&gt;  hours imma flip my shit,0,none,english,uci,if you aren t here in the next hours imma flip my shit
K:)k..its good:)when are you going?,0,none,english,uci,k k its good when are you going
"Hello ma'am Amazon se bol raha hoon. Aapka parcel hold hai, clearance charge ₹499 dena hoga.",1,relative,hinglish,indian,hello ma am amazon se bol raha hoon aapka parcel hold hai clearance charge 499 dena hoga
I will come tomorrow di,0,none,english,uci,i will come tomorrow di
I notice you like looking in the shit mirror youre turning into a right freak,0,none,english,uci,i notice you like looking in the shit mirror youre turning into a right freak
Namaste sir Aapka bank account investigation ke dauran freeze kiya ja sakta hai.,1,police_digital_arrest,hinglish,indian,namaste sir aapka bank account investigation ke dauran freeze kiya ja sakta hai
Go fool dont cheat others ok,0,none,english,uci,go fool dont cheat others ok
Urgent! Please call 09061743811 from landline. Your ABTA complimentary 4* Tenerife Holiday or £5000 cash await collection SAE T&Cs Box 326 CW25WX 150ppm,1,general_spam,english,uci,urgent please call from landline your abta complimentary 4 tenerife holiday or 5000 cash await collection sae t cs box 326 cw25wx 150ppm
Namaste sir Crime Branch se bol raha hoon. Aapke account se suspicious transactions hui hain.,1,police_digital_arrest,hinglish,indian,namaste sir crime branch se bol raha hoon aapke account se suspicious transactions hui hain
There r many model..sony ericson also der.. &lt;#&gt; ..it luks good bt i forgot modl no,0,none,english,uci,there r many model sony ericson also der it luks good bt i forgot modl no
;-) ok. I feel like john lennon.,0,none,english,uci,ok i feel like john lennon
National Cyber Cell se bol raha hoon. Cyber investigation team ko aapke number se suspicious activity mili hai.,1,police_digital_arrest,hinglish,indian,national cyber cell se bol raha hoon cyber investigation team ko aapke number se suspicious activity mili hai
"Ji namaskar Doctor appointment kal 9 baje hai, fasting rehna.",0,none,hinglish,indian,ji namaskar doctor appointment kal 9 baje hai fasting rehna
"Dear Voucher Holder, To claim this weeks offer, at you PC please go to http://www.e-tlp.co.uk/reward. Ts&Cs apply.",1,general_spam,english,uci,dear voucher holder to claim this weeks offer at you pc please go to ts cs apply
Still in the area of the restaurant. Ill try to come back soon,0,none,english,uci,still in the area of the restaurant ill try to come back soon
Sir ek minute suniye Aapke naam par registered account illegal activities mein use hua hai.,1,police_digital_arrest,hinglish,indian,sir ek minute suniye aapke naam par registered account illegal activities mein use hua hai
Thinkin about someone is all good. No drugs for that,0,none,english,uci,thinkin about someone is all good no drugs for that
"CAN I PLEASE COME UP NOW IMIN TOWN.DONTMATTER IF URGOIN OUTL8R,JUST REALLYNEED 2DOCD.PLEASE DONTPLEASE DONTIGNORE MYCALLS,U NO THECD ISV.IMPORTANT TOME 4 2MORO",0,none,english,uci,can i please come up now imin town dontmatter if urgoin outl8r just reallyneed 2docd please dontplease dontignore mycalls u no thecd isv important tome 4 2moro
Also track down any lighters you can find,0,none,english,uci,also track down any lighters you can find
"Yo my trip got postponed, you still stocked up?",0,none,english,uci,yo my trip got postponed you still stocked up
HI DARLIN I FINISH AT 3 DO U 1 2 PICK ME UP OR MEET ME? TEXT BACK ON THIS NUMBER LUV KATE XXX,0,none,english,uci,hi darlin i finish at 3 do u 1 2 pick me up or meet me text back on this number luv kate xxx
Just got up. have to be out of the room very soon. …. i hadn't put the clocks back til at 8 i shouted at everyone to get up and then realised it was 7. wahay. another hour in bed.,0,none,english,uci,just got up have to be out of the room very soon i hadn t put the clocks back til at 8 i shouted at everyone to get up and then realised it was 7 wahay another hour in bed
"Ur balance is now £600. Next question: Complete the landmark, Big, A. Bob, B. Barry or C. Ben ?. Text A, B or C to 83738. Good luck!",1,general_spam,english,uci,ur balance is now 600 next question complete the landmark big a bob b barry or c ben text a b or c to 83738 good luck
No need to say anything to me. I know i am an outsider,0,none,english,uci,no need to say anything to me i know i am an outsider
Yo! Howz u? girls never rang after india. L,0,none,english,uci,yo howz u girls never rang after india l
WINNER! As a valued network customer you hvae been selected to receive a £900 reward! To collect call 09061701444. Valid 24 hours only. ACL03530150PM,1,general_spam,english,uci,winner as a valued network customer you hvae been selected to receive a 900 reward to collect call valid 24 hours only acl03530150pm
"One of best dialogue in cute reltnship..!! ""Wen i Die, Dont Come Near My Body..!! Bcoz My Hands May Not Come 2 Wipe Ur Tears Off That Time..!Gud ni8",0,none,english,uci,one of best dialogue in cute reltnship wen i die dont come near my body bcoz my hands may not come 2 wipe ur tears off that time gud ni8
PICK UR FONE UP NOW U DUMB?,0,none,english,uci,pick ur fone up now u dumb
ACP Sharma bol raha hoon. Aapka mobile number cyber fraud investigation mein aaya hai.,1,police_digital_arrest,hinglish,indian,acp sharma bol raha hoon aapka mobile number cyber fraud investigation mein aaya hai
I'm at home. Please call,0,none,english,uci,i m at home please call
"I can't speak, bcaz mobile have problem. I can listen you but you cann't listen my voice. So i calls you later.",0,none,english,uci,i can t speak bcaz mobile have problem i can listen you but you cann t listen my voice so i calls you later
"Hmm ok, i'll stay for like an hour cos my eye is really sore!",0,none,english,uci,hmm ok i ll stay for like an hour cos my eye is really sore
Hello sir Aapka KYC pending hai. Account 2 ghante mein block ho jayega. OTP share kijiye.,1,bank_kyc,hinglish,indian,hello sir aapka kyc pending hai account 2 ghante mein block ho jayega otp share kijiye
Ji haan suniye National Cyber Cell se bol raha hoon. Verification ke liye cooperate kijiye.,1,police_digital_arrest,hinglish,indian,ji haan suniye national cyber cell se bol raha hoon verification ke liye cooperate kijiye
"That's fine, have him give me a call if he knows what he wants or has any questions",0,none,english,uci,that s fine have him give me a call if he knows what he wants or has any questions
"Aap sun rahe hain na? Amazon se bol raha hoon. Aapka parcel hold hai, clearance charge ₹499 dena hoga.",1,lottery,hinglish,indian,aap sun rahe hain na amazon se bol raha hoon aapka parcel hold hai clearance charge 499 dena hoga
"Ola would get back to you maybe not today but I ve told him you can be his direct link in the US in getting cars he bids for online, you arrange shipping and you get a cut. Or U????? For a partnership where U????? Invest money for shipping and he takes care of the rest!U??Wud b self reliant soon dnt worry",0,none,english,uci,ola would get back to you maybe not today but i ve told him you can be his direct link in the us in getting cars he bids for online you arrange shipping and you get a cut or u for a partnership where u invest money for shipping and he takes care of the rest u wud b self reliant soon dnt worry
Madam ek minute Aapka mobile number cyber fraud investigation mein aaya hai.,1,police_digital_arrest,hinglish,indian,madam ek minute aapka mobile number cyber fraud investigation mein aaya hai
Jesus armand really is trying to tell everybody he can find,0,none,english,uci,jesus armand really is trying to tell everybody he can find
Can ü all decide faster cos my sis going home liao..,0,none,english,uci,can all decide faster cos my sis going home liao
"Yeah, in fact he just asked if we needed anything like an hour ago. When and how much?",0,none,english,uci,yeah in fact he just asked if we needed anything like an hour ago when and how much
I'm serious. You are in the money base,0,none,english,uci,i m serious you are in the money base
Why don't you go tell your friend you're not sure you want to live with him because he smokes too much then spend hours begging him to come smoke,0,none,english,uci,why don t you go tell your friend you re not sure you want to live with him because he smokes too much then spend hours begging him to come smoke
I am waiting machan. Call me once you free.,0,none,english,uci,i am waiting machan call me once you free
Also remember to get dobby's bowl from your car,0,none,english,uci,also remember to get dobby s bowl from your car
"idc get over here, you are not weaseling your way out of this shit twice in a row",0,none,english,uci,idc get over here you are not weaseling your way out of this shit twice in a row
"I'm tired of arguing with you about this week after week. Do what you want and from now on, i'll do the same.",0,none,english,uci,i m tired of arguing with you about this week after week do what you want and from now on i ll do the same
Hi darlin did youPhone me? Im atHome if youwanna chat.,0,none,english,uci,hi darlin did youphone me im athome if youwanna chat
Do ü all wan 2 meet up n combine all the parts? How's da rest of da project going?,0,none,english,uci,do all wan 2 meet up n combine all the parts how s da rest of da project going
I have to take exam with in march 3,0,none,english,uci,i have to take exam with in march 3
Hello! How's you and how did saturday go? I was just texting to see if you'd decided to do anything tomo. Not that i'm trying to invite myself or anything!,0,none,english,uci,hello how s you and how did saturday go i was just texting to see if you d decided to do anything tomo not that i m trying to invite myself or anything
"&lt;#&gt;  is fast approaching. So, Wish u a very Happy New Year Happy Sankranti Happy republic day Happy Valentines Day Happy Shivratri Happy Ugadi Happy Fools day Happy May Day Happy Independence Day, Happy Friendship,Mother,Father,Teachers,Childrens Day, &amp; HAPPY BIRTHDAY 4 U. Happy Ganesh festival Happy Dasara Happy Diwali Happy Christmas  &lt;#&gt;  Good Mornings Afternoons, Evenings Nights. RememberI AM the first to WISHING U ALL THESE...your's Raj",0,none,english,uci,is fast approaching so wish u a very happy new year happy sankranti happy republic day happy valentines day happy shivratri happy ugadi happy fools day happy may day happy independence day happy friendship mother father teachers childrens day happy birthday 4 u happy ganesh festival happy dasara happy diwali happy christmas good mornings afternoons evenings nights rememberi am the first to wishing u all these your s raj
National Cyber Cell se bol raha hoon. Aapke naam par registered SIM ka misuse report hua hai.,1,police_digital_arrest,hinglish,indian,national cyber cell se bol raha hoon aapke naam par registered sim ka misuse report hua hai
Do we have any spare power supplies,0,none,english,uci,do we have any spare power supplies
Inspector Rajesh Kumar bol raha hoon. Aapka Aadhaar deactivate hone wala hai. Turant update kijiye.,1,relative,hinglish,indian,inspector rajesh kumar bol raha hoon aapka aadhaar deactivate hone wala hai turant update kijiye
Left dessert. U wan me 2 go suntec look 4 u?,0,none,english,uci,left dessert u wan me 2 go suntec look 4 u
Wrong phone! This phone! I answer this one but assume the other is people i don't well,0,none,english,uci,wrong phone this phone i answer this one but assume the other is people i don t well
Thx. All will be well in a few months,0,none,english,uci,thx all will be well in a few months
Pls give her the food preferably pap very slowly with loads of sugar. You can take up to an hour to give it. And then some water. Very very slowly.,0,none,english,uci,pls give her the food preferably pap very slowly with loads of sugar you can take up to an hour to give it and then some water very very slowly
"Yeah, don't go to bed, I'll be back before midnight",0,none,english,uci,yeah don t go to bed i ll be back before midnight
Ji namaskar Investigation ke liye aapki identity verify karni hogi.,1,police_digital_arrest,hinglish,indian,ji namaskar investigation ke liye aapki identity verify karni hogi
When're you guys getting back? G said you were thinking about not staying for mcr,0,none,english,uci,when re you guys getting back g said you were thinking about not staying for mcr
"Madam ek minute Aapke father ko accident ho gaya hai. Turant 50,000 bhej dijiye hospital ke liye.",1,lottery,hinglish,indian,madam ek minute aapke father ko accident ho gaya hai turant 50 000 bhej dijiye hospital ke liye
"K, wat s tht incident?",0,none,english,uci,k wat s tht incident
Hey leave it. not a big deal:-) take care.,0,none,english,uci,hey leave it not a big deal take care
National Cyber Cell se bol raha hoon. Ek gang aapke number ka misuse karke gande videos bana raha hai. Turant verify karna hoga.,1,police_blackmail,hinglish,indian,national cyber cell se bol raha hoon ek gang aapke number ka misuse karke gande videos bana raha hai turant verify karna hoga
tap & spile at seven. * Is that pub on gas st off broad st by canal. Ok?,0,none,english,uci,tap spile at seven is that pub on gas st off broad st by canal ok
Rats. Hey did u ever vote for the next themes?,0,none,english,uci,rats hey did u ever vote for the next themes
"I sent you the prices and do you mean the  &lt;#&gt; g,",0,none,english,uci,i sent you the prices and do you mean the g
Watching tv lor...,0,none,english,uci,watching tv lor
My uncles in Atlanta. Wish you guys a great semester.,0,none,english,uci,my uncles in atlanta wish you guys a great semester
"Yes, princess. Are you going to make me moan?",0,none,english,uci,yes princess are you going to make me moan
Ever thought about living a good life with a perfect partner? Just txt back NAME and AGE to join the mobile community. (100p/SMS),1,general_spam,english,uci,ever thought about living a good life with a perfect partner just txt back name and age to join the mobile community 100p sms
"Aap sun rahe hain na? Aapke father ko accident ho gaya hai. Turant 50,000 bhej dijiye hospital ke liye.",1,aadhaar,hinglish,indian,aap sun rahe hain na aapke father ko accident ho gaya hai turant 50 000 bhej dijiye hospital ke liye
Staff of placement training in Amrita college.,0,none,english,uci,staff of placement training in amrita college
Hai ana tomarrow am coming on morning.  &lt;DECIMAL&gt;  ill be there in sathy then we ll go to RTO office. Reply me after came to home.,0,none,english,uci,hai ana tomarrow am coming on morning ill be there in sathy then we ll go to rto office reply me after came to home
"Hmmm ... I thought we said 2 hours slave, not 3 ... You are late ... How should I punish you ?",0,none,english,uci,hmmm i thought we said 2 hours slave not 3 you are late how should i punish you
Hmmm.but you should give it on one day..,0,none,english,uci,hmmm but you should give it on one day
I see the letter B on my car,0,none,english,uci,i see the letter b on my car
Dunno lei shd b driving lor cos i go sch 1 hr oni.,0,none,english,uci,dunno lei shd b driving lor cos i go sch 1 hr oni
I doubt you could handle 5 times per night in any case...,0,none,english,uci,i doubt you could handle 5 times per night in any case
U studying in sch or going home? Anyway i'll b going 2 sch later.,0,none,english,uci,u studying in sch or going home anyway i ll b going 2 sch later
Watching tv now. I got new job :),0,none,english,uci,watching tv now i got new job
Doing my masters. When will you buy a bb cos i have for sale and how's bf,0,none,english,uci,doing my masters when will you buy a bb cos i have for sale and how s bf
Have a great trip to India. And bring the light to everyone not just with the project but with everyone that is lucky to see you smile. Bye. Abiola,0,none,english,uci,have a great trip to india and bring the light to everyone not just with the project but with everyone that is lucky to see you smile bye abiola
Dunno leh cant remember mayb lor. So wat time r we meeting tmr?,0,none,english,uci,dunno leh cant remember mayb lor so wat time r we meeting tmr
Cheers for the message Zogtorius. Ive been staring at my phone for an age deciding whether to text or not.,0,none,english,uci,cheers for the message zogtorius i ve been staring at my phone for an age deciding whether to text or not
Chk in ur belovd ms dict,0,none,english,uci,chk in ur belovd ms dict
You can jot down things you want to remember later.,0,none,english,uci,you can jot down things you want to remember later
Lol or I could just starve and lose a pound by the end of the day.,0,none,english,uci,lol or i could just starve and lose a pound by the end of the day
ACP Sharma bol raha hoon. Aapki morphed photos viral ho rahi hain. Cyber cell ne case register kar liya hai.,1,police_blackmail,hinglish,indian,acp sharma bol raha hoon aapki morphed photos viral ho rahi hain cyber cell ne case register kar liya hai
Lol I was gonna last month. I cashed some in but I left &lt;#&gt; just in case. I was collecting more during the week cause they announced it on the blog.,0,none,english,uci,lol i was gonna last month i cashed some in but i left just in case i was collecting more during the week cause they announced it on the blog
They don't put that stuff on the roads to keep it from getting slippery over there?,0,none,english,uci,they don t put that stuff on the roads to keep it from getting slippery over there
Nothing. Can...,0,none,english,uci,nothing can
There are no other charges after transfer charges and you can withdraw anyhow you like,0,none,english,uci,there are no other charges after transfer charges and you can withdraw anyhow you like
"Goodmorning, today i am late for  &lt;DECIMAL&gt; min.",0,none,english,uci,goodmorning today i am late for min
URGENT! We are trying to contact U. Todays draw shows that you have won a £800 prize GUARANTEED. Call 09050003091 from land line. Claim C52. Valid 12hrs only,1,general_spam,english,uci,urgent we are trying to contact u todays draw shows that you have won a 800 prize guaranteed call from land line claim c52 valid 12hrs only
"Coffee cake, i guess...",0,none,english,uci,coffee cake i guess
No drama Pls.i have had enough from you and family while i am struggling in the hot sun in a strange place.No reason why there should be an ego of not going 'IF NOT INVITED' when actually its necessity to go.wait for very serious reppurcussions.,0,none,english,uci,no drama pls i have had enough from you and family while i am struggling in the hot sun in a strange place no reason why there should be an ego of not going if not invited when actually its necessity to go wait for very serious reppurcussions
Aap sun rahe hain na? Aapki morphed photos viral ho rahi hain. Cyber cell ne case register kar liya hai.,1,police_blackmail,hinglish,indian,aap sun rahe hain na aapki morphed photos viral ho rahi hain cyber cell ne case register kar liya hai
"FREE NOKIA Or Motorola with upto 12mths 1/2price linerental, 500 FREE x-net mins&100txt/mth FREE B'tooth*. Call Mobileupd8 on 08001950382 or call 2optout/D3WV",1,general_spam,english,uci,free nokia or motorola with upto 12mths 1 2price linerental 500 free x net mins 100txt mth free b tooth call mobileupd8 on or call 2optout d3wv
U WILL SWITCH YOUR FONE ON DAMMIT!!,0,none,english,uci,u will switch your fone on dammit
Ill be there on  &lt;#&gt;  ok.,0,none,english,uci,ill be there on ok
Dhyan se suniye Aapka KYC pending hai. Account 2 ghante mein block ho jayega. OTP share kijiye.,1,amazon,hinglish,indian,dhyan se suniye aapka kyc pending hai account 2 ghante mein block ho jayega otp share kijiye
"Hello ji School fees ki last date kal hai, payment kar dena.",0,none,hinglish,indian,hello ji school fees ki last date kal hai payment kar dena
Well I wasn't available as I washob nobbing with last night so they had to ask Nickey Platt instead of me!;,0,none,english,uci,well i wasn t available as i washob nobbing with last night so they had to ask nickey platt instead of me
Sorry i've not gone to that place. I.ll do so tomorrow. Really sorry.,0,none,english,uci,sorry i ve not gone to that place i ll do so tomorrow really sorry
I'm in class. Will holla later,0,none,english,uci,i m in class will holla later
GENT! We are trying to contact you. Last weekends draw shows that you won a £1000 prize GUARANTEED. Call 09064012160. Claim Code K52. Valid 12hrs only. 150ppm,1,general_spam,english,uci,gent we are trying to contact you last weekends draw shows that you won a 1000 prize guaranteed call claim code k52 valid 12hrs only 150ppm
R u in this continent?,0,none,english,uci,r u in this continent
Shall call now dear having food,0,none,english,uci,shall call now dear having food
Namaste sir Project ka review meeting kal 4 baje hai kya?,0,none,hinglish,indian,namaste sir project ka review meeting kal 4 baje hai kya
"Just making dinner, you ?",0,none,english,uci,just making dinner you
I called and said all to him:)then he have to choose this future.,0,none,english,uci,i called and said all to him then he have to choose this future
"I'll see if I can swing by in a bit, got some things to take care of here firsg",0,none,english,uci,i ll see if i can swing by in a bit got some things to take care of here firsg
I'll probably be by tomorrow (or even later tonight if something's going on),0,none,english,uci,i ll probably be by tomorrow or even later tonight if something s going on
Delhi Police se bol raha hoon. Congratulations! Aapne ₹40 lakh ka lottery jeeta hai. Processing fee dena hoga.,1,lottery,hinglish,indian,delhi police se bol raha hoon congratulations aapne 40 lakh ka lottery jeeta hai processing fee dena hoga
My drive can only be read. I need to write,0,none,english,uci,my drive can only be read i need to write
Sir ek minute suniye Aapki morphed photos viral ho rahi hain. Cyber cell ne case register kar liya hai.,1,police_blackmail,hinglish,indian,sir ek minute suniye aapki morphed photos viral ho rahi hain cyber cell ne case register kar liya hai
"Sir, good morning. Hope you had a good weekend. I called to let you know that i was able to raise  &lt;#&gt;  from my dad. He however said he would make the rest available by mid feb. This amount is still quite short and i was hoping you would help. Do have a good day. Abiola",0,none,english,uci,sir good morning hope you had a good weekend i called to let you know that i was able to raise from my dad he however said he would make the rest available by mid feb this amount is still quite short and i was hoping you would help do have a good day abiola
Not sure I have the stomach for it ...,0,none,english,uci,not sure i have the stomach for it
What is important is that you prevent dehydration by giving her enough fluids,0,none,english,uci,what is important is that you prevent dehydration by giving her enough fluids
No chikku nt yet.. Ya i'm free,0,none,english,uci,no chikku nt yet ya i m free
"Congratulations! Thanks to a good friend U have WON the £2,000 Xmas prize. 2 claim is easy, just call 08718726978 NOW! Only 10p per minute. BT-national-rate",1,general_spam,english,uci,congratulations thanks to a good friend u have won the 2 000 xmas prize 2 claim is easy just call now only 10p per minute bt national rate
Glad to see your reply.,0,none,english,uci,glad to see your reply
Please call our customer service representative on FREEPHONE 0808 145 4742 between 9am-11pm as you have WON a guaranteed £1000 cash or £5000 prize!,1,general_spam,english,uci,please call our customer service representative on freephone 0808 145 4742 between 9am 11pm as you have won a guaranteed 1000 cash or 5000 prize
Senthil group company Apnt 5pm.,0,none,english,uci,senthil group company apnt 5pm
Free Msg: Ringtone!From: http://tms. widelive.com/index. wml?id=1b6a5ecef91ff9*37819&first=true18:0430-JUL-05,1,general_spam,english,uci,free msg ringtone from widelive com index wml id 1b6a5ecef91ff9 37819 first true18 0430 jul 05
I am late. I will be there at,0,none,english,uci,i am late i will be there at
.Please charge my mobile when you get up in morning.,0,none,english,uci,please charge my mobile when you get up in morning
Oops I was in the shower when u called. Hey a parking garage collapsed at university hospital. See I'm not crazy. Stuff like that DOES happen.,0,none,english,uci,oops i was in the shower when u called hey a parking garage collapsed at university hospital see i m not crazy stuff like that does happen
I only work from mon to thurs but Sat i cant leh... Booked liao... Which other day u free?,0,none,english,uci,i only work from mon to thurs but sat i cant leh booked liao which other day u free
How is your schedule next week? I am out of town this weekend.,0,none,english,uci,how is your schedule next week i am out of town this weekend
I thk u dun haf 2 hint in e forum already lor... Cos i told ron n darren is going 2 tell shuhui.,0,none,english,uci,i thk u dun haf 2 hint in e forum already lor cos i told ron n darren is going 2 tell shuhui
Sorry dude. Dont know how i forgot. Even after Dan reminded me. Sorry. Hope you guys had fun.,0,none,english,uci,sorry dude dont know how i forgot even after dan reminded me sorry hope you guys had fun
"Ji haan suniye School fees ki last date kal hai, payment kar dena.",0,none,hinglish,indian,ji haan suniye school fees ki last date kal hai payment kar dena
Inspector Rajesh Kumar bol raha hoon. Aapka mobile number cyber fraud investigation mein aaya hai.,1,police_digital_arrest,hinglish,indian,inspector rajesh kumar bol raha hoon aapka mobile number cyber fraud investigation mein aaya hai
Good afternoon my boytoy. How goes that walking here and there day ? Did you get that police abstract? Are you still out and about? I wake and miss you babe,0,none,english,uci,good afternoon my boytoy how goes that walking here and there day did you get that police abstract are you still out and about i wake and miss you babe
National Cyber Cell se bol raha hoon. Aapka Aadhaar deactivate hone wala hai. Turant update kijiye.,1,aadhaar,hinglish,indian,national cyber cell se bol raha hoon aapka aadhaar deactivate hone wala hai turant update kijiye
A £400 XMAS REWARD IS WAITING FOR YOU! Our computer has randomly picked you from our loyal mobile customers to receive a £400 reward. Just call 09066380611,1,general_spam,english,uci,a 400 xmas reward is waiting for you our computer has randomly picked you from our loyal mobile customers to receive a 400 reward just call
Smile in Pleasure Smile in Pain Smile when trouble pours like Rain Smile when sum1 Hurts U Smile becoz SOMEONE still Loves to see u Smiling!!,0,none,english,uci,smile in pleasure smile in pain smile when trouble pours like rain smile when sum1 hurts u smile becoz someone still loves to see u smiling
"Namaste sir Aapke father ko accident ho gaya hai. Turant 50,000 bhej dijiye hospital ke liye.",1,relative,hinglish,indian,namaste sir aapke father ko accident ho gaya hai turant 50 000 bhej dijiye hospital ke liye
How are you babes. Hope your doing ok. I had a shit nights sleep. I fell asleep at 5.Im knackered and im dreading work tonight. What are thou upto tonight. X,0,none,english,uci,how are you babes hope your doing ok i had a shit nights sleep i fell asleep at 5 i m knackered and i m dreading work tonight what are thou upto tonight x
Hello sir Ek gang aapke number ka misuse karke gande videos bana raha hai. Turant verify karna hoga.,1,police_blackmail,hinglish,indian,hello sir ek gang aapke number ka misuse karke gande videos bana raha hai turant verify karna hoga
Ok but tell me half an hr b4 u come i need 2 prepare.,0,none,english,uci,ok but tell me half an hr b4 u come i need 2 prepare
Send to someone else :-),0,none,english,uci,send to someone else
Hello sir Aapke naam par ek criminal complaint register hui hai.,1,police_digital_arrest,hinglish,indian,hello sir aapke naam par ek criminal complaint register hui hai
"Its so common hearin How r u? Wat r u doing? How was ur day? So let me ask u something different. Did u smile today? If not, do it now.... Gud evng.",0,none,english,uci,its so common hearin how r u wat r u doing how was ur day so let me ask u something different did u smile today if not do it now gud evng
Aight what time you want me to come up?,0,none,english,uci,aight what time you want me to come up
Crime Branch se bol raha hoon. Aapke naam par ek criminal complaint register hui hai.,1,police_digital_arrest,hinglish,indian,crime branch se bol raha hoon aapke naam par ek criminal complaint register hui hai
"Good afternon, my love. How are today? I hope your good and maybe have some interviews. I wake and miss you babe. A passionate kiss from across the sea",0,none,english,uci,good afternon my love how are today i hope your good and maybe have some interviews i wake and miss you babe a passionate kiss from across the sea
Hello ji Congratulations! Aapne ₹40 lakh ka lottery jeeta hai. Processing fee dena hoga.,1,relative,hinglish,indian,hello ji congratulations aapne 40 lakh ka lottery jeeta hai processing fee dena hoga
You always make things bigger than they are,0,none,english,uci,you always make things bigger than they are
"All done, all handed in. Don't know if mega shop in asda counts as celebration but thats what i'm doing!",0,none,english,uci,all done all handed in don t know if mega shop in asda counts as celebration but thats what i m doing
Sindu got job in birla soft ..,0,none,english,uci,sindu got job in birla soft
Already am squatting is the new way of walking,0,none,english,uci,already am squatting is the new way of walking
:( but your not here....,0,none,english,uci,but your not here
Hello ma'am Aapka order deliver ho chuka hai. Feedback de dena.,0,none,hinglish,indian,hello ma am aapka order deliver ho chuka hai feedback de dena
Tomorrow i am not going to theatre. . . So i can come wherever u call me. . . Tell me where and when to come tomorrow,0,none,english,uci,tomorrow i am not going to theatre so i can come wherever u call me tell me where and when to come tomorrow
"2 celebrate my bday, y else?",0,none,english,uci,2 celebrate my b day y else
I dont know oh. Hopefully this month.,0,none,english,uci,i dont know oh hopefully this month
Oh thats late! Well have a good night and i will give u a call tomorrow. Iam now going to go to sleep night night,0,none,english,uci,oh thats late well have a good night and i will give u a call tomorrow iam now going to go to sleep night night
Don't b floppy... b snappy & happy! Only gay chat service with photo upload call 08718730666 (10p/min). 2 stop our texts call 08712460324,1,general_spam,english,uci,don t b floppy b snappy happy only gay chat service with photo upload call 10p min 2 stop our texts call
Lol no. I just need to cash in my nitros. Hurry come on before I crash out!,0,none,english,uci,lol no i just need to cash in my nitros hurry come on before i crash out
How stupid to say that i challenge god.You dont think at all on what i write instead you respond immed.,0,none,english,uci,how stupid to say that i challenge god you dont think at all on what i write instead you respond immed
Had your mobile 11mths ? Update for FREE to Oranges latest colour camera mobiles & unlimited weekend calls. Call Mobile Upd8 on freefone 08000839402 or 2StopTx,1,general_spam,english,uci,had your mobile 11mths update for free to oranges latest colour camera mobiles unlimited weekend calls call mobile upd8 on freefone or 2stoptx
I think you should go the honesty road. Call the bank tomorrow. Its the tough decisions that make us great people.,0,none,english,uci,i think you should go the honesty road call the bank tomorrow its the tough decisions that make us great people
I can't make it tonight,0,none,english,uci,i can t make it tonight
Oh god i am happy to see your message after 3 days,0,none,english,uci,oh god i am happy to see your message after 3 days
Dhyan se suniye Aapka Aadhaar deactivate hone wala hai. Turant update kijiye.,1,relative,hinglish,indian,dhyan se suniye aapka aadhaar deactivate hone wala hai turant update kijiye
Shall i ask one thing if you dont mistake me.,0,none,english,uci,shall i ask one thing if you dont mistake me
"I wake up long ago already... Dunno, what other thing?",0,none,english,uci,i wake up long ago already dunno what other thing
Ok which your another number,0,none,english,uci,ok which your another number
I ask if u meeting da ge tmr nite...,0,none,english,uci,i ask if u meeting da ge tmr nite
Yes! I am a one woman man! Please tell me your likes and dislikes in bed...,0,none,english,uci,yes i am a one woman man please tell me your likes and dislikes in bed
"Yeah, we got one lined up for us",0,none,english,uci,yeah we got one lined up for us
Hello ma'am Ek gang aapke number ka misuse karke gande videos bana raha hai. Turant verify karna hoga.,1,police_blackmail,hinglish,indian,hello ma am ek gang aapke number ka misuse karke gande videos bana raha hai turant verify karna hoga
Nope. Meanwhile she talk say make i greet you.,0,none,english,uci,nope meanwhile she talk say make i greet you
Yeah we do totes. When u wanna?,0,none,english,uci,yeah we do totes when u wanna
Don't forget who owns you and who's private property you are ... And be my good boy always .. *passionate kiss*,0,none,english,uci,don t forget who owns you and who s private property you are and be my good boy always passionate kiss
Wow didn't think it was that common. I take it all back ur not a freak! Unless u chop it off:-),0,none,english,uci,wow didn t think it was that common i take it all back ur not a freak unless u chop it off
* Was thinking about chuckin ur red green n black trainners 2 save carryin them bac on train,0,none,english,uci,was thinking about chuckin ur red green n black trainners 2 save carryin them bac on train
Do you still have the grinder?,0,none,english,uci,do you still have the grinder
Hi da:)how is the todays class?,0,none,english,uci,hi da how is the todays class
Namaste sir Aapke number se pornographic material WhatsApp groups mein bheja ja raha hai. FIR ho chuki hai.,1,police_blackmail,hinglish,indian,namaste sir aapke number se pornographic material whatsapp groups mein bheja ja raha hai fir ho chuki hai
We confirm eating at esplanade?,0,none,english,uci,we confirm eating at esplanade
Macha dont feel upset.i can assume your mindset.believe me one evening with me and i have some wonderful plans for both of us.LET LIFE BEGIN AGAIN.call me anytime,0,none,english,uci,macha dont feel upset i can assume your mindset believe me one evening with me and i have some wonderful plans for both of us let life begin again call me anytime
I wud never mind if u dont miss me or if u dont need me.. But u wil really hurt me wen u need me &amp; u dont tell me......... Take care:-),0,none,english,uci,i wud never mind if u dont miss me or if u dont need me but u wil really hurt me wen u need me u dont tell me take care
Ji namaskar Aapke khilaaf digital fraud complaint receive hui hai.,1,police_digital_arrest,hinglish,indian,ji namaskar aapke khilaaf digital fraud complaint receive hui hai
Can you open the door?,0,none,english,uci,can you open the door
"Ok. Not much to do here though. H&M Friday, cant wait. Dunno wot the hell im gonna do for another 3 weeks! Become a slob- oh wait, already done that! ",0,none,english,uci,ok not much to do here though h m friday cant wait dunno wot the hell im gonna do for another 3 weeks become a slob oh wait already done that
Wait  &lt;#&gt;  min..,0,none,english,uci,wait min
Yes princess! I want to please you every night. Your wish is my command...,0,none,english,uci,yes princess i want to please you every night your wish is my command
Wow v v impressed. Have funs shopping!,0,none,english,uci,wow v v impressed have funs shopping
I send the print  outs da.,0,none,english,uci,i send the print outs da
Ok . . now i am in bus. . If i come soon i will come otherwise tomorrow,0,none,english,uci,ok now i am in bus if i come soon i will come otherwise tomorrow
My tuition is at 330. Hm we go for the 1120 to 1205 one? Do you mind?,0,none,english,uci,my tuition is at 330 hm we go for the 1120 to 1205 one do you mind
"Ok. Can be later showing around 8-8:30 if you want + cld have drink before. Wld prefer not to spend money on nosh if you don't mind, as doing that nxt wk.",0,none,english,uci,ok can be later showing around 8 8 30 if you want cld have drink before wld prefer not to spend money on nosh if you don t mind as doing that nxt wk
"Excellent, I'll see what riley's plans are",0,none,english,uci,excellent i ll see what riley s plans are
I take it we didn't have the phone callon Friday. Can we assume we won't have it this year now?,0,none,english,uci,i take it we didn t have the phone callon friday can we assume we won t have it this year now
Can i meet ü at 5.. As 4 where depends on where ü wan 2 in lor..,0,none,english,uci,can i meet at 5 as 4 where depends on where wan 2 in lor
Good words.... But words may leave u in dismay many times.,0,none,english,uci,good words but words may leave u in dismay many times
Mmm so yummy babe ... Nice jolt to the suzy,0,none,english,uci,mmm so yummy babe nice jolt to the suzy
O. Well uv causes mutations. Sunscreen is like essential thesedays,0,none,english,uci,o well uv causes mutations sunscreen is like essential thesedays
Yo come over carlos will be here soon,0,none,english,uci,yo come over carlos will be here soon
"Well imma definitely need to restock before thanksgiving, I'll let you know when I'm out",0,none,english,uci,well imma definitely need to restock before thanksgiving i ll let you know when i m out
Am only searching for good dual sim mobile pa.,0,none,english,uci,am only searching for good dual sim mobile pa
Cyber Crime Department se bol raha hoon. Aapka KYC pending hai. Account 2 ghante mein block ho jayega. OTP share kijiye.,1,bank_kyc,hinglish,indian,cyber crime department se bol raha hoon aapka kyc pending hai account 2 ghante mein block ho jayega otp share kijiye
IMPORTANT MESSAGE. This is a final contact attempt. You have important messages waiting out our customer claims dept. Expires 13/4/04. Call 08717507382 NOW!,1,general_spam,english,uci,important message this is a final contact attempt you have important messages waiting out our customer claims dept expires 13 4 04 call now
"Good afternoon, my boytoy ... How are you feeling today ? Better I hope? Are you being my good boy? Are you my obedient, slave? Do you please your Queen?",0,none,english,uci,good afternoon my boytoy how are you feeling today better i hope are you being my good boy are you my obedient slave do you please your queen
"Tick, tick, tick ... Babe",0,none,english,uci,tick tick tick babe
Infact happy new year. How are you where are you when are we seeing,0,none,english,uci,infact happy new year how are you where are you when are we seeing
"Hello ma'am Bhai aaj shaam ko milte hain, coffee pe baat karte hain.",0,none,hinglish,indian,hello ma am bhai aaj shaam ko milte hain coffee pe baat karte hain
"Abeg, make profit. But its a start. Are you using it to get sponsors for the next event?",0,none,english,uci,abeg make profit but its a start are you using it to get sponsors for the next event
That's y we haf to combine n c how lor...,0,none,english,uci,that s y we haf to combine n c how lor
They will pick up and drop in car.so no problem..,0,none,english,uci,they will pick up and drop in car so no problem
Hello sir Aapka KYC pending hai. Account 2 ghante mein block ho jayega. OTP share kijiye.,1,aadhaar,hinglish,indian,hello sir aapka kyc pending hai account 2 ghante mein block ho jayega otp share kijiye
26th OF JULY,0,none,english,uci,26th of july
I walked an hour 2 c u! doesnt that show I care y wont u believe im serious?,0,none,english,uci,i walked an hour 2 c u doesn t that show i care y wont u believe im serious
"It's fine, imma get a drink or somethin. Want me to come find you?",0,none,english,uci,it s fine imma get a drink or somethin want me to come find you
And is there a way you can send shade's stuff to her. And she has been wonderful too.,0,none,english,uci,and is there a way you can send shade s stuff to her and she has been wonderful too
Congrats! Nokia 3650 video camera phone is your Call 09066382422 Calls cost 150ppm Ave call 3mins vary from mobiles 16+ Close 300603 post BCM4284 Ldn WC1N3XX,1,general_spam,english,uci,congrats nokia 3650 video camera phone is your call calls cost 150ppm ave call 3mins vary from mobiles 16 close 300603 post bcm4284 ldn wc1n3xx
So what do you guys do.,0,none,english,uci,so what do you guys do
Going on nothing great.bye,0,none,english,uci,going on nothing great bye
What not under standing.,0,none,english,uci,what not under standing
So that takes away some money worries,0,none,english,uci,so that takes away some money worries
Yes i think so. I am in office but my lap is in room i think thats on for the last few days. I didnt shut that down,0,none,english,uci,yes i think so i am in office but my lap is in room i think thats on for the last few days i didnt shut that down
"It'll be tough, but I'll do what I have to",0,none,english,uci,it ll be tough but i ll do what i have to
I was about to do it when i texted. I finished a long time ago and showered and er'ything!,0,none,english,uci,i was about to do it when i texted i finished a long time ago and showered and er ything
"Hello sir Aapke father ko accident ho gaya hai. Turant 50,000 bhej dijiye hospital ke liye.",1,lottery,hinglish,indian,hello sir aapke father ko accident ho gaya hai turant 50 000 bhej dijiye hospital ke liye
Really... I tot ur paper ended long ago... But wat u copied jus now got use? U happy lar... I still haf 2 study :-(,0,none,english,uci,really i tot ur paper ended long ago but wat u copied jus now got use u happy lar i still haf 2 study
"Last Chance! Claim ur £150 worth of discount vouchers today! Text SHOP to 85023 now! SavaMob, offers mobile! T Cs SavaMob POBOX84, M263UZ. £3.00 Sub. 16",1,general_spam,english,uci,last chance claim ur 150 worth of discount vouchers today text shop to 85023 now savamob offers mobile t cs savamob pobox84 m263uz 3 00 sub 16
A guy who gets used but is too dumb to realize it.,0,none,english,uci,a guy who gets used but is too dumb to realize it
"Aight, text me tonight and we'll see what's up",0,none,english,uci,aight text me tonight and we ll see what s up
Hello ji Aapko investigation officer se turant baat karni hogi.,1,police_digital_arrest,hinglish,indian,hello ji aapko investigation officer se turant baat karni hogi
I know girls always safe and selfish know i got it pa. Thank you. good night.,0,none,english,uci,i know girls always safe and selfish know i got it pa thank you good night
"BangBabes Ur order is on the way. U SHOULD receive a Service Msg 2 download UR content. If U do not, GoTo wap. bangb. tv on UR mobile internet/service menu",1,general_spam,english,uci,bangbabes ur order is on the way u should receive a service msg 2 download ur content if u do not goto wap bangb tv on ur mobile internet service menu
Your right! I'll make the appointment right now.,0,none,english,uci,your right i ll make the appointment right now
"Motivate Behind every darkness, there is a shining light waiting for you to find it... Behind every best friend, there is always trust and love... BSLVYL",0,none,english,uci,motivate behind every darkness there is a shining light waiting for you to find it behind every best friend there is always trust and love bslvyl
Ji haan suniye Ek gang aapke number ka misuse karke gande videos bana raha hai. Turant verify karna hoga.,1,police_blackmail,hinglish,indian,ji haan suniye ek gang aapke number ka misuse karke gande videos bana raha hai turant verify karna hoga
GSOH? Good with SPAM the ladies?U could b a male gigolo? 2 join the uk's fastest growing mens club reply ONCALL. mjzgroup. 08714342399.2stop reply STOP. msg@£1.50rcvd,1,general_spam,english,uci,gsoh good with spam the ladies u could b a male gigolo 2 join the uk s fastest growing mens club reply oncall mjzgroup 2stop reply stop
That depends. How would you like to be treated? :),0,none,english,uci,that depends how would you like to be treated
I'm at bruce &amp; fowler now but I'm in my mom's car so I can't park (long story),0,none,english,uci,i m at bruce fowler now but i m in my mom s car so i can t park long story
Yup song bro. No creative. Neva test quality. He said check review online.,0,none,english,uci,yup song bro no creative neva test quality he said check review online
Come by our room at some point so we can iron out the plan for this weekend,0,none,english,uci,come by our room at some point so we can iron out the plan for this weekend
Ok..,0,none,english,uci,ok
Dhyan se suniye Aapke Aadhaar card ka istemal karke fake SIM issue ki gayi hai.,1,police_digital_arrest,hinglish,indian,dhyan se suniye aapke aadhaar card ka istemal karke fake sim issue ki gayi hai
So wats ur opinion abt him and how abt is character?,0,none,english,uci,so wats ur opinion abt him and how abt is character
Yup ü not comin :-(,0,none,english,uci,yup not comin
8007 FREE for 1st week! No1 Nokia tone 4 ur mob every week just txt NOKIA to 8007 Get txting and tell ur mates www.getzed.co.uk POBox 36504 W4 5WQ norm 150p/tone 16+,1,general_spam,english,uci,8007 free for 1st week no1 nokia tone 4 ur mob every week just txt nokia to 8007 get txting and tell ur mates pobox 36504 w4 5wq norm 150p tone 16
Where in abj are you serving. Are you staying with dad or alone.,0,none,english,uci,where in abj are you serving are you staying with dad or alone
Are you not around or just still asleep? :V,0,none,english,uci,are you not around or just still asleep v
Yup i'm elaborating on the safety aspects and some other issues..,0,none,english,uci,yup i m elaborating on the safety aspects and some other issues
", im .. On the snowboarding trip. I was wondering if your planning to get everyone together befor we go..a meet and greet kind of affair? Cheers, ",0,none,english,uci,im on the snowboarding trip i was wondering if your planning to get everyone together befor we go a meet and greet kind of affair cheers
Yup i shd haf ard 10 pages if i add figures... Ü all got how many pages?,0,none,english,uci,yup i shd haf ard 10 pages if i add figures all got how many pages
Ok ill send you with in  &lt;DECIMAL&gt;  ok.,0,none,english,uci,ok ill send you with in ok
"Orange customer, you may now claim your FREE CAMERA PHONE upgrade for your loyalty. Call now on 0207 153 9996. Offer ends 14thMarch. T&C's apply. Opt-out availa",1,general_spam,english,uci,orange customer you may now claim your free camera phone upgrade for your loyalty call now on 0207 153 9996 offer ends 14thmarch t c s apply opt out availa
Hello sir Aapka Aadhaar deactivate hone wala hai. Turant update kijiye.,1,amazon,hinglish,indian,hello sir aapka aadhaar deactivate hone wala hai turant update kijiye
Yes its possible but dint try. Pls dont tell to any one k,0,none,english,uci,yes its possible but dint try pls dont tell to any one k
Now i'm going for lunch.,0,none,english,uci,now i m going for lunch
Hello ma'am Aapke khilaaf digital fraud complaint receive hui hai.,1,police_digital_arrest,hinglish,indian,hello ma am aapke khilaaf digital fraud complaint receive hui hai
"Merry Christmas to you too babe, i love ya *kisses*",0,none,english,uci,merry christmas to you too babe i love ya kisses
Ok pa. Nothing problem:-),0,none,english,uci,ok pa nothing problem
Nope. I just forgot. Will show next week,0,none,english,uci,nope i just forgot will show next week
Law enforcement se bol raha hoon. Aapka Aadhaar deactivate hone wala hai. Turant update kijiye.,1,relative,hinglish,indian,law enforcement se bol raha hoon aapka aadhaar deactivate hone wala hai turant update kijiye
No da..today also i forgot..,0,none,english,uci,no da today also i forgot
"ACP Sharma bol raha hoon. Aapke father ko accident ho gaya hai. Turant 50,000 bhej dijiye hospital ke liye.",1,aadhaar,hinglish,indian,acp sharma bol raha hoon aapke father ko accident ho gaya hai turant 50 000 bhej dijiye hospital ke liye
Message from . I am at Truro Hospital on ext. You can phone me here. as I have a phone by my side,0,none,english,uci,message from i am at truro hospital on ext you can phone me here as i have a phone by my side
"Police headquarters se bol raha hoon. Aapke father ko accident ho gaya hai. Turant 50,000 bhej dijiye hospital ke liye.",1,relative,hinglish,indian,police headquarters se bol raha hoon aapke father ko accident ho gaya hai turant 50 000 bhej dijiye hospital ke liye
"Im sorry bout last nite it wasnt ur fault it was me, spouse it was pmt or sumthin! U 4give me? I think u shldxxxx",0,none,english,uci,im sorry bout last nite it wasn t ur fault it was me spouse it was pmt or sumthin u 4give me i think u shldxxxx
Hi here. have birth at on the  to  at 8lb 7oz. Mother and baby doing brilliantly.,0,none,english,uci,hi here have birth at on the to at 8lb 7oz mother and baby doing brilliantly
1 in cbe. 2 in chennai.,0,none,english,uci,1 in cbe 2 in chennai
Its sunny in california. The weather's just cool,0,none,english,uci,its sunny in california the weather s just cool
Huh y lei...,0,none,english,uci,huh y lei
Nah dub but je still buff,0,none,english,uci,nah dub but je still buff
TELL HER I SAID EAT SHIT.,0,none,english,uci,tell her i said eat shit
&lt;#&gt;  great loxahatchee xmas tree burning update: you can totally see stars here,0,none,english,uci,great loxahatchee xmas tree burning update you can totally see stars here
"Yeah go on then, bored and depressed sittin waitin for phone to ring... Hope the wind drops though, scary",0,none,english,uci,yeah go on then bored and depressed sittin waitin for phone to ring hope the wind drops though scary
"Guy, no flash me now. If you go call me, call me. How madam. Take care oh.",0,none,english,uci,guy no flash me now if you go call me call me how madam take care oh
Namaste sir Aapke Aadhaar card ka istemal karke fake SIM issue ki gayi hai.,1,police_digital_arrest,hinglish,indian,namaste sir aapke aadhaar card ka istemal karke fake sim issue ki gayi hai
"Uncle G, just checking up on you. Do have a rewarding month",0,none,english,uci,uncle g just checking up on you do have a rewarding month
Yar... I tot u knew dis would happen long ago already.,0,none,english,uci,yar i tot u knew dis would happen long ago already
"Beautiful Truth against Gravity.. Read carefully: ""Our heart feels light when someone is in it.. But it feels very heavy when someone leaves it.."" GOODMORNING",0,none,english,uci,beautiful truth against gravity read carefully our heart feels light when someone is in it but it feels very heavy when someone leaves it goodmorning
She's fine. Sends her greetings,0,none,english,uci,she s fine sends her greetings
Really? I crashed out cuddled on my sofa.,0,none,english,uci,really i crashed out cuddled on my sofa
Inspector Rajesh Kumar bol raha hoon. Aapka Aadhaar deactivate hone wala hai. Turant update kijiye.,1,aadhaar,hinglish,indian,inspector rajesh kumar bol raha hoon aapka aadhaar deactivate hone wala hai turant update kijiye
Hey.. Something came up last min.. Think i wun be signing up tmr.. Hee,0,none,english,uci,hey something came up last min think i wun be signing up tmr hee
Are u coming to the funeral home,0,none,english,uci,are u coming to the funeral home
Police headquarters se bol raha hoon. Aapke Aadhaar card ka istemal karke fake SIM issue ki gayi hai.,1,police_digital_arrest,hinglish,indian,police headquarters se bol raha hoon aapke aadhaar card ka istemal karke fake sim issue ki gayi hai
"Y cant u try new invention to fly..i'm not joking.,",0,none,english,uci,y cant u try new invention to fly i m not joking
No b4 Thursday,0,none,english,uci,no b4 thursday
"Hello sir Papa train mein baith gaya hoon, safely pahunch jaunga.",0,none,hinglish,indian,hello sir papa train mein baith gaya hoon safely pahunch jaunga
S'fine. Anytime. All the best with it.,0,none,english,uci,s fine anytime all the best with it
Booked ticket for pongal?,0,none,english,uci,booked ticket for pongal
Hello ma'am Congratulations! Aapne ₹40 lakh ka lottery jeeta hai. Processing fee dena hoga.,1,aadhaar,hinglish,indian,hello ma am congratulations aapne 40 lakh ka lottery jeeta hai processing fee dena hoga
"Think ur smart ? Win £200 this week in our weekly quiz, text PLAY to 85222 now!T&Cs WinnersClub PO BOX 84, M26 3UZ. 16+. GBP1.50/week",1,general_spam,english,uci,think ur smart win 200 this week in our weekly quiz text play to 85222 now t cs winnersclub po box 84 m26 3uz 16 gbp1 50 week
"Hello! Just got here, st andrews-boy its a long way! Its cold. I will keep you posted",0,none,english,uci,hello just got here st andrews boy its a long way its cold i will keep you posted
"Kate jackson rec center before 7ish, right?",0,none,english,uci,kate jackson rec center before 7ish right
Namaste ma'am Aapka KYC pending hai. Account 2 ghante mein block ho jayega. OTP share kijiye.,1,aadhaar,hinglish,indian,namaste ma am aapka kyc pending hai account 2 ghante mein block ho jayega otp share kijiye
Lol yep did that yesterday. Already got my fireplace. Now its just another icon sitting there for me.,0,none,english,uci,lol yep did that yesterday already got my fireplace now its just another icon sitting there for me
K.k:)apo k.good movie.,0,none,english,uci,k k apo k good movie
"Hey... Thk we juz go accordin to wat we discussed yest lor, except no kb on sun... Cos there's nt much lesson to go if we attend kb on sat...",0,none,english,uci,hey thk we juz go accordin to wat we discussed yest lor except no kb on sun cos there s nt much lesson to go if we attend kb on sat
Hello ma'am Aapke naam par registered SIM ka misuse report hua hai.,1,police_digital_arrest,hinglish,indian,hello ma am aapke naam par registered sim ka misuse report hua hai
"THATS ALRITE GIRL, U KNOW GAIL IS NEVA WRONG!!TAKE CARE SWEET AND DONT WORRY.C U L8TR HUN!LOVE Yaxxx",0,none,english,uci,that s alrite girl u know gail is neva wrong take care sweet and don t worry c u l8tr hun love yaxxx
Sir ek minute suniye Aapka bank account investigation ke dauran freeze kiya ja sakta hai.,1,police_digital_arrest,hinglish,indian,sir ek minute suniye aapka bank account investigation ke dauran freeze kiya ja sakta hai
"Shit that is really shocking and scary, cant imagine for a second. Def up for night out. Do u think there is somewhere i could crash for night, save on taxi?",0,none,english,uci,shit that is really shocking and scary cant imagine for a second def up for night out do u think there is somewhere i could crash for night save on taxi
Good morning princess! Happy New Year!,0,none,english,uci,good morning princess happy new year
ACP Sharma bol raha hoon. Congratulations! Aapne ₹40 lakh ka lottery jeeta hai. Processing fee dena hoga.,1,relative,hinglish,indian,acp sharma bol raha hoon congratulations aapne 40 lakh ka lottery jeeta hai processing fee dena hoga
Mum not going robinson already.,0,none,english,uci,mum not going robinson already
Are you willing to go for apps class.,0,none,english,uci,are you willing to go for apps class
Want explicit SEX in 30 secs? Ring 02073162414 now! Costs 20p/min,1,general_spam,english,uci,want explicit sex in 30 secs ring now costs 20p min
"Its ok chikku, and its my 1 of favourite song..:-)",0,none,english,uci,its ok chikku and its my 1 of favourite song
"Response is one of d powerful weapon 2 occupy a place in others 'HEART'... So, always give response 2 who cares 4 U""... Gud night..swt dreams..take care",0,none,english,uci,response is one of d powerful weapon 2 occupy a place in others heart so always give response 2 who cares 4 u gud night swt dreams take care
Crime Branch se bol raha hoon. Aapke naam par registered SIM ka misuse report hua hai.,1,police_digital_arrest,hinglish,indian,crime branch se bol raha hoon aapke naam par registered sim ka misuse report hua hai
"Sure thing big man. i have hockey elections at 6, shouldn‘t go on longer than an hour though",0,none,english,uci,sure thing big man i have hockey elections at 6 shouldn t go on longer than an hour though
"Yeah, that's fine! It's £6 to get in, is that ok? ",0,none,english,uci,yeah that s fine it s 6 to get in is that ok
Jos ask if u wana meet up?,0,none,english,uci,jos ask if u wana meet up
"Cool, want me to go to kappa or should I meet you outside mu",0,none,english,uci,cool want me to go to kappa or should i meet you outside mu
I need to come home and give you some good lovin...,0,none,english,uci,i need to come home and give you some good lovin
Maybe you should find something else to do instead???,0,none,english,uci,maybe you should find something else to do instead
"Ever green quote ever told by Jerry in cartoon ""A Person Who Irritates u Always Is the one Who Loves u Vry Much But Fails to Express It...!..!! :-) :-) gud nyt",0,none,english,uci,ever green quote ever told by jerry in cartoon a person who irritates u always is the one who loves u vry much but fails to express it gud nyt
Im done. Just studyn in library,0,none,english,uci,im done just studyn in library
Good Luck! Draw takes place 28th Feb 06. Good Luck! For removal send STOP to 87239 customer services 08708034412,1,general_spam,english,uci,good luck draw takes place 28th feb 06 good luck for removal send stop to 87239 customer services
"Thanks for your Ringtone Order, Reference T91. You will be charged GBP 4 per week. You can unsubscribe at anytime by calling customer services on 09057039994",1,general_spam,english,uci,thanks for your ringtone order reference t91 you will be charged gbp 4 per week you can unsubscribe at anytime by calling customer services on
Ok then no need to tell me anything i am going to sleep good night,0,none,english,uci,ok then no need to tell me anything i am going to sleep good night
Text her. If she doesnt reply let me know so i can have her log in,0,none,english,uci,text her if she doesnt reply let me know so i can have her log in
"I can probably come by, everybody's done around  &lt;#&gt;  right?",0,none,english,uci,i can probably come by everybody s done around right
Does not operate after  &lt;#&gt;  or what,0,none,english,uci,does not operate after or what
Crime Branch se bol raha hoon. Aapka KYC pending hai. Account 2 ghante mein block ho jayega. OTP share kijiye.,1,amazon,hinglish,indian,crime branch se bol raha hoon aapka kyc pending hai account 2 ghante mein block ho jayega otp share kijiye
